probe,gene_symbol
1415670_at,Copg1
1415671_at,Atp6v0d1
1415672_at,Golga7
1415673_at,Psph
1415674_a_at,Trappc4
1415675_at,Dpm2
1415676_a_at,Psmb5
1415677_at,Dhrs1
1415678_at,Ppm1a
1415679_at,Psenen
1415680_at,Anapc1
1415681_at,Mrpl43
1415682_at,Xpo7
1415683_at,Nmt1
1415684_at,Atg5
1415685_at,Mtif2
1415686_at,Rab14
1415687_a_at,Psap
1415688_at,Ube2g1
1415689_s_at,Zkscan3
1415690_at,Mrpl27
1415691_at,Dlg1
1415692_s_at,Canx
1415693_at,Derl1
1415694_at,Wars
1415695_at,Psma1
1415696_at,Sar1a
1415697_at,G3bp2
1415698_at,Golm1
1415699_a_at,Gps1
1415700_a_at,Ssr3
1415701_x_at,LOC100862455///LOC100044627///Rpl23
1415702_a_at,Ctbp1
1415703_at,Huwe1
1415704_a_at,Cdv3
1415705_at,Smim7
1415706_at,Copa
1415707_at,Anapc2
1415708_at,Tug1
1415709_s_at,Gbf1
1415710_at,Cox18
1415711_at,Arfgef1
1415712_at,Zranb1
1415713_a_at,Ddx24
1415714_a_at,Snrnp27
1415715_at,Tmem129
1415716_a_at,Rps27rt///Rps27
1415717_at,Rnf220
1415718_at,Sap30l
1415719_s_at,Armc1
1415720_s_at,Mad2l1bp
1415721_a_at,Naa60
1415722_a_at,Vta1
1415723_at,Eif5
1415724_a_at,Cdc42
1415725_at,Rrn3
1415726_at,Ankrd17
1415727_at,Apoa1bp
1415728_at,Pabpn1
1415729_at,Pdpk1
1415730_at,Cpsf7
1415731_at,Angel2
1415732_at,Abhd16a
1415733_a_at,Gm8069///Tomm5
1415734_at,Rab7
1415735_at,Ddb1
1415736_at,Pfdn5
1415737_at,Rfk
1415738_at,Txndc12
1415739_at,Rbm42
1415740_at,Psmc5
1415741_at,Tmem165
1415742_at,Aup1
1415743_at,Hdac5
1415744_at,Pfdn6
1415745_a_at,Dscr3
1415746_at,Cic
1415747_s_at,Riok3
1415748_a_at,Dctn5
1415749_a_at,Rragc
1415750_at,Tbl3
1415751_at,Hp1bp3
1415752_at,BC031181
1415753_at,Abhd17a
1415754_at,Polr2f
1415755_a_at,Ube2v1
1415756_a_at,Snapin
1415757_at,Gbf1
1415758_at,Fryl
1415759_a_at,Lamtor5
1415760_s_at,Atox1
1415761_at,Mrpl52
1415762_x_at,Mrpl52
1415763_a_at,Tmem234
1415764_at,Zbed6///Zc3h11a
1415765_at,Hnrnpul2
1415766_at,Sec22b
1415767_at,Ythdf1
1415768_a_at,Ube2r2
1415769_at,Itch
1415770_at,Wdr6
1415771_at,Ncl
1415772_at,Ncl
1415773_at,Ncl
1415774_at,Elp2
1415775_at,Rbbp7
1415776_at,Aldh3a2
1415777_at,Pnliprp1
1415778_at,Morf4l2
1415779_s_at,Actg1
1415780_a_at,Armcx2
1415781_a_at,LOC101056240///Sumo2
1415782_at,LOC101056240///Sumo2
1415783_at,Vps35
1415784_at,Vps35
1415785_a_at,Cct8
1415786_at,Pgc
1415787_at,Ganab
1415788_at,Ublcp1
1415789_a_at,Ublcp1
1415790_at,Ublcp1
1415791_at,Rnf34
1415792_at,Rbck1
1415793_at,Pnpo
1415794_a_at,Spin1
1415795_at,Spin1
1415796_at,Gm2444///Dazap2
1415797_at,Ddr1
1415798_at,Ddr1
1415799_at,Wbp11
1415800_at,Gja1
1415801_at,Gja1
1415802_at,Slc16a1
1415803_at,Cx3cl1
1415804_at,Cx3cl1
1415805_at,Clps
1415806_at,Plat
1415807_s_at,Srsf2
1415808_at,Tpbpa
1415809_at,Tpbpa
1415810_at,Uhrf1
1415811_at,Uhrf1
1415812_at,Gsn
1415813_at,Api5
1415814_at,Atp6v1b2
1415815_at,Trim27
1415816_at,Cct7
1415817_s_at,Cct7
1415818_at,Anxa6
1415819_a_at,Ppp2r1a
1415820_x_at,Nono
1415821_at,Nptn
1415822_at,Scd2
1415823_at,Scd2
1415824_at,Scd2
1415825_s_at,Csnk1d
1415826_at,Atp6v1h
1415827_a_at,Serp1
1415828_a_at,Serp1
1415829_at,Lbr
1415830_at,Orc5
1415831_at,Psmd2
1415832_at,Agtr2
1415833_x_at,Rps29
1415834_at,Dusp6
1415835_at,Prl3b1
1415836_at,Aldh18a1
1415837_at,Klk1
1415838_at,Serinc1
1415839_a_at,Npm1
1415840_at,Elovl5
1415841_at,Dync1i2
1415842_at,Mlst8
1415843_at,Mlst8
1415844_at,Syt4
1415845_at,Syt4
1415846_a_at,Ldhc
1415847_at,Ldhc
1415848_at,Prl3d1
1415849_s_at,Stmn1
1415850_at,Rasa3
1415851_a_at,Gm15210///Impdh2
1415852_at,Gm15210///Impdh2
1415853_at,Def8
1415854_at,Kitl
1415855_at,Kitl
1415856_at,Emb
1415857_at,Emb
1415858_at,Eif3c
1415859_at,Eif3c
1415860_at,Kpna2
1415861_at,Tyrp1
1415862_at,Tyrp1
1415863_at,Eif4g2
1415864_at,Bpgm
1415865_s_at,Bpgm
1415866_at,Unc45a
1415867_at,Cct4
1415868_at,Cct4
1415869_a_at,Trim28
1415870_at,Calu
1415871_at,Tgfbi
1415872_at,Hnrnph1
1415873_a_at,Actr1a
1415874_at,Spry1
1415875_at,3010003L21Rik
1415876_a_at,Rps26
1415877_at,Dpysl3
1415878_at,Rrm1
1415879_a_at,Rplp2
1415880_a_at,Lamp1
1415881_at,Ghitm
1415882_at,Ghitm
1415883_a_at,Cela3b
1415884_at,Cela3b
1415885_at,Chgb
1415886_at,Sh2d3c
1415887_at,Tfg
1415888_at,Hdgf
1415889_a_at,Hsp90b1
1415890_at,Papss1
1415891_at,Suclg1
1415892_at,Sgpl1
1415893_at,Sgpl1
1415894_at,Enpp2
1415895_at,Snurf///Snrpn
1415896_x_at,Snurf///Snrpn
1415897_a_at,Mgst1
1415898_at,Mgst1
1415899_at,Junb
1415900_a_at,Kit
1415901_at,Plod3
1415902_at,Aldh7a1
1415903_at,Slc38a1
1415904_at,Lpl
1415905_at,Reg1
1415906_at,Tmsb4x
1415907_at,Ccnd3
1415908_at,Tspyl1
1415909_at,Stip1
1415910_s_at,Ciapin1
1415911_at,Impact
1415912_a_at,LOC102642137///Gm15483///Rps13-ps4///Rps13
1415913_at,LOC102642137///Gm15483///Rps13-ps4///Rps13
1415914_at,Hnrnpab
1415915_at,Ddx1
1415916_a_at,Mthfd1
1415917_at,Mthfd1
1415918_a_at,Tpi1
1415919_at,Npdc1
1415920_at,Cstf2t
1415921_a_at,Tnfrsf19
1415922_s_at,Marcksl1
1415923_at,Ndn
1415924_at,Tnp1
1415925_a_at,Nup62
1415926_at,Nup62
1415927_at,Actc1
1415928_a_at,Map1lc3b
1415929_at,Map1lc3b
1415930_a_at,Map1lc3b
1415931_at,Igf2
1415932_x_at,Atp9a
1415933_a_at,Cox5a
1415934_at,Cops8
1415935_at,Smoc2
1415936_at,Bcar3
1415937_s_at,Pdcd6ip
1415938_at,Spink1
1415939_at,Fmod
1415940_at,Zfand2a
1415941_s_at,Zfand2a
1415942_at,Gm5621///Rpl10
1415943_at,Sdc1
1415944_at,Sdc1
1415945_at,Mcm5
1415946_at,Pigq
1415947_at,Creg1
1415948_at,Creg1
1415949_at,Cpe
1415950_a_at,Pebp1
1415951_at,Fkbp10
1415952_at,Mark2
1415953_s_at,Mark2
1415954_at,Try5///Try4
1415955_x_at,Prm1
1415956_a_at,Cdk16
1415957_a_at,Rrp1
1415958_at,Slc2a4
1415959_at,Slc2a4
1415960_at,Mpo
1415961_at,Itm2c
1415962_at,Eif3h
1415963_at,Hnrnph2
1415964_at,Scd1
1415965_at,Scd1
1415966_a_at,Ndufv1
1415967_at,Ndufv1
1415968_a_at,Kap
1415969_s_at,Kap
1415970_at,Cox6c
1415971_at,Marcks
1415972_at,Marcks
1415973_at,Marcks
1415974_at,Map2k2
1415975_at,Carhsp1
1415976_a_at,Carhsp1
1415977_at,Isyna1
1415978_at,Tubb3
1415979_x_at,Rpl7
1415980_at,Atp5g2
1415981_at,Herpud2
1415982_at,Herpud2
1415983_at,Lcp1
1415984_at,Acadm
1415985_at,Sf3b3
1415986_at,Clcn4
1415987_at,Hdlbp
1415988_at,Hdlbp
1415989_at,Vcam1
1415990_at,Vdac2
1415991_a_at,Klhdc3
1415992_at,Pigo
1415993_at,Sqle
1415994_at,Cyp2e1
1415995_at,Casp6
1415996_at,Txnip
1415997_at,Txnip
1415998_at,Vdac1
1415999_at,Hey1
1416000_a_at,Gm21399///Prdx1
1416001_a_at,Cotl1
1416002_x_at,Cotl1
1416003_at,Cldn11
1416004_at,Ywhah
1416005_at,Psmc1
1416006_at,Mdk
1416007_at,Satb1
1416008_at,Satb1
1416009_at,Tspan3
1416010_a_at,Ehd1
1416011_x_at,Ehd1
1416012_at,Ehd1
1416013_at,Pld3
1416014_at,Abce1
1416015_s_at,Abce1
1416016_at,Tap1
1416017_at,Copg1
1416018_at,Dr1
1416019_at,Dr1
1416020_a_at,Atp5g1
1416021_a_at,Fabp5
1416022_at,Fabp5
1416023_at,Fabp3
1416024_x_at,Cct3
1416025_at,Fgg
1416026_a_at,LOC102635048///Rpl12
1416027_at,Pdcd6
1416028_a_at,Hn1
1416029_at,Klf10
1416030_a_at,Mcm7
1416031_s_at,Mcm7
1416032_at,Tmem109
1416033_at,Tmem109
1416034_at,Cd24a
1416035_at,Hif1a
1416036_at,Fkbp1a
1416037_a_at,Cct2
1416038_at,Snd1
1416039_x_at,Cyr61
1416040_at,Lipf
1416041_at,Sgk1
1416042_s_at,Nasp
1416043_at,Nasp
1416044_at,Flii
1416045_a_at,Smarcb1
1416046_a_at,Fuca2
1416047_at,Fuca2
1416048_at,Phc2
1416049_at,Gldc
1416050_a_at,Scarb1
1416051_at,C2
1416052_at,Prps1
1416053_at,Lrrn1
1416054_at,Rps5
1416055_at,Amy2a2///Amy2a3///Amy2a4///Amy2a1///Amy2a5
1416056_a_at,Ndufb11
1416057_at,Ndufb11
1416058_s_at,Atp5c1
1416059_at,Sec23b
1416060_at,Tbc1d15
1416061_at,Tbc1d15
1416062_at,Tbc1d15
1416063_x_at,Ceacam11
1416064_a_at,Hspa5
1416065_a_at,Ankrd10
1416066_at,Cd9
1416067_at,Ifrd1
1416068_at,Kars
1416069_at,Pfkp
1416070_a_at,Ddx18
1416071_at,Ddx18
1416072_at,Cd34
1416073_a_at,Nup85
1416074_a_at,Gm10051///Rpl28
1416075_at,Sav1
1416076_at,Gm5593///Ccnb1
1416077_at,Adm
1416078_s_at,Raf1
1416079_a_at,Arpc1a
1416080_at,Adam15
1416081_at,Smad1
1416082_at,Rab1a
1416083_at,Zfand5
1416084_at,Zfand5
1416085_s_at,Zfand5
1416086_at,Tpst2
1416087_at,Ap1s1
1416088_a_at,Rps15
1416089_at,Rps15
1416090_at,Pdhb
1416091_at,Map4
1416092_a_at,Map4
1416093_a_at,Mrpl20
1416094_at,Adam9
1416095_x_at,Sarnp
1416096_at,Vipas39
1416097_at,Lrrc4
1416098_at,Syngr3
1416099_at,Rpl27
1416100_at,Eif3d
1416101_a_at,Hist1h1c
1416102_at,Ywhaz
1416103_at,Ywhaz
1416104_at,Mpdu1
1416105_at,Nnt
1416106_at,Kti12
1416107_at,Nsg2
1416108_a_at,Tmed3
1416109_at,Fuca1
1416110_at,Slc35a4
1416111_at,Cd83
1416112_at,Cox8a
1416113_at,Fkbp8
1416114_at,Sparcl1
1416115_at,Orc3
1416116_at,Orc3
1416117_at,Orc3
1416118_at,Trim59
1416119_at,Txn1
1416120_at,Rrm2
1416121_at,Lox
1416122_at,Ccnd2
1416123_at,Ccnd2
1416124_at,Ccnd2
1416125_at,Fkbp5
1416126_at,Polr1b
1416127_a_at,Dnpep
1416128_at,Gm6682///Tuba1c
1416129_at,Errfi1
1416130_at,Prnp
1416131_s_at,Efr3a
1416132_at,Efr3a
1416133_at,Efr3a
1416134_at,Aplp1
1416135_at,Apex1
1416136_at,Mmp2
1416137_at,Anxa7
1416138_at,Anxa7
1416139_at,Reg2
1416140_a_at,Dhx30
1416141_a_at,Rps6-ps4///Rps6
1416142_at,Rps6
1416143_at,Atp5j
1416144_a_at,Dhx15
1416145_at,Dhx15
1416146_at,Hspa4
1416147_at,Hspa4
1416148_at,Laptm4b
1416149_at,Olig1
1416150_a_at,Srsf3
1416151_at,Srsf3
1416152_a_at,Srsf3
1416153_at,Srp54c///Srp54b///Srp54a
1416154_at,Srp54b///Srp54a
1416155_at,Hmgb3
1416156_at,Vcl
1416157_at,Vcl
1416158_at,Nr2f2
1416159_at,Nr2f2
1416160_at,Nr2f2
1416161_at,Rad21
1416162_at,Rad21
1416163_at,Cops4
1416164_at,Fbln5
1416165_at,Rab31
1416166_a_at,Prdx4
1416167_at,Prdx4
1416168_at,Serpinf1
1416169_at,Tpbpb
1416170_at,Trap1
1416171_at,Kansl2
1416172_at,Pes1
1416173_at,Pes1
1416174_at,Rbbp9
1416175_a_at,Vdac3
1416176_at,Gm21596///Hmgb1-ps10///Hmgb1
1416177_at,Rbmxl1
1416178_a_at,Plekhb1
1416179_a_at,Rdx
1416180_a_at,Rdx
1416181_at,Mesdc2
1416182_at,Apba3
1416183_a_at,Ldhb
1416184_s_at,Hmga1-rs1///Hmga1
1416185_a_at,Adh5
1416186_at,Pnrc2
1416187_s_at,Pnrc2
1416188_at,Gm2a
1416189_a_at,Sec61a1
1416190_a_at,Sec61a1
1416191_at,Sec61a1
1416192_at,Napa
1416193_at,Car1
1416194_at,Cyp4b1
1416195_at,Inpp5k
1416196_at,Rpsa
1416197_at,Snrpc
1416198_at,Nelfcd
1416199_at,Kifc3
1416200_at,Il33
1416201_at,Crk
1416202_at,Phb2
1416203_at,Aqp1
1416204_at,Gpd1
1416205_at,Glb1
1416206_at,Sipa1
1416207_at,Taz
1416208_at,Usp14
1416209_at,Glud1
1416210_at,Imp3
1416211_a_at,Ptn
1416212_at,Magoh
1416213_x_at,Surf4
1416214_at,Mcm4
1416215_at,Gosr1
1416216_at,Reps1
1416217_a_at,Rpl37a
1416218_x_at,Rpl37a
1416219_at,Rpl19
1416220_at,Spcs1
1416221_at,Fstl1
1416222_at,Nsdhl
1416223_at,Sh3bp5l
1416224_at,Zbtb17
1416225_at,Adh1
1416226_at,Gm5637///Arpc1b
1416227_at,Gm5637///Arpc1b
1416228_at,Pin1
1416229_at,Rfk
1416230_at,Rfk
1416231_at,Vac14
1416232_at,Olig2
1416233_at,Eif3i
1416234_at,Lrrc59
1416235_at,Lrrc59
1416236_a_at,Mpzl2
1416237_at,Mpzl2
1416238_at,Tie1
1416239_at,Gm5424///Ass1
1416240_at,Psmb7
1416241_at,Sec13
1416242_at,Klhl13
1416243_a_at,Rpl35
1416244_a_at,Cnbp
1416245_at,Aurkaip1
1416246_a_at,Coro1a
1416247_at,Dctn3
1416248_at,Nadk
1416249_at,Nadk
1416250_at,Btg2
1416251_at,Mcm6
1416252_at,Stk38
1416253_at,Cdkn2d
1416254_a_at,Vps16
1416255_at,Gja4
1416256_a_at,Tubb5
1416257_at,Capn2
1416258_at,Tk1
1416259_at,Pex12
1416260_a_at,Snx1
1416261_at,Tmem19
1416262_at,Tmem19
1416263_at,Abcb9
1416264_at,Abcb9
1416265_at,Capn10
1416266_at,Pdyn
1416267_at,Scoc
1416268_at,Ets2
1416269_at,Atp5j2
1416270_at,Polr2g
1416271_at,Perp
1416272_at,Lamtor3
1416273_at,Tnfaip2
1416274_at,Ctns
1416275_at,Slc26a6
1416276_a_at,Rps4x
1416277_a_at,Gm13777///Rplp1
1416278_a_at,Atp5o
1416279_at,Ap1b1
1416280_at,Uba2
1416281_at,Wdr45b
1416282_at,Psmc3
1416283_at,Gart
1416284_at,Mrpl28
1416285_at,Ndufc1
1416286_at,Rgs4
1416287_at,Rgs4
1416288_at,Dnaja1
1416289_at,Plod1
1416290_a_at,Psmc4
1416291_at,Psmc4
1416292_at,Prdx3
1416293_at,Nfib
1416294_at,Scamp3
1416295_a_at,Il2rg
1416296_at,Il2rg
1416297_s_at,Reg3b
1416298_at,Mmp9
1416299_at,Shcbp1
1416300_a_at,Slc25a3
1416301_a_at,Ebf1
1416302_at,Ebf1
1416303_at,Litaf
1416304_at,Litaf
1416305_at,Sh3bp4
1416306_at,Clca1
1416307_at,Ap1m1
1416308_at,Ugdh
1416309_at,Nusap1
1416310_at,Nusap1
1416311_s_at,Tuba3b///Tuba3a
1416312_at,Rars
1416313_at,Mllt11
1416314_at,Mllt11
1416315_at,Abhd4
1416316_at,Slc27a2
1416317_a_at,Stambp
1416318_at,Serpinb1a
1416319_at,Adk
1416320_at,Sec22a
1416321_s_at,Prelp
1416322_at,Prelp
1416323_at,Kctd20
1416324_s_at,Kctd20
1416325_at,Crisp1
1416326_at,Crip1
1416327_at,Ufc1
1416328_a_at,Atp6v0e
1416329_at,Cyfip1
1416330_at,Cd81
1416331_a_at,Nfe2l1
1416332_at,Cirbp
1416333_at,Dok2
1416334_at,Wwox
1416335_at,Mif
1416336_s_at,Gm14277///Snrpd1
1416337_at,Uqcrb
1416338_at,Sh3gl1
1416339_a_at,Prkcsh
1416340_a_at,Man2b1
1416341_at,Polr2c
1416342_at,Tnc
1416343_a_at,Lamp2
1416344_at,Lamp2
1416345_at,Timm8a1
1416346_at,Timm8a1
1416347_at,Men1
1416348_at,Men1
1416349_at,Mrpl34
1416350_at,Klf16
1416351_at,Map2k1
1416352_s_at,Tecr
1416353_at,Nr1h2
1416354_at,Rbmx
1416355_at,Rbmx
1416356_at,Gmpr2
1416357_a_at,Mcam
1416358_at,Mfsd10
1416359_at,Snx18
1416360_at,Snx18
1416361_a_at,Dync1i1
1416362_a_at,Fkbp4
1416363_at,LOC102642559///Fkbp4
1416364_at,Hsp90ab1
1416365_at,Hsp90ab1
1416366_at,LOC102641347///Ndufc2
1416367_at,Fmc1
1416368_at,Gsta4
1416369_at,Mfsd14b
1416370_at,Zscan21
1416371_at,Apod
1416372_at,Ptdss1
1416373_at,Nfs1
1416374_at,Ap3m1
1416375_at,Ap3m1
1416376_at,Tmem97
1416377_at,Pdcd7
1416378_at,Pnkp
1416379_at,Panx1
1416380_at,Mov10
1416381_a_at,Prdx5
1416382_at,Ctsc
1416383_a_at,Pcx
1416384_a_at,Cope
1416385_a_at,M6pr
1416386_a_at,M6pr
1416387_at,Pip4k2c
1416388_at,Pip4k2c
1416389_a_at,Rcbtb2
1416390_at,Rcbtb2
1416391_at,Ptcd1
1416392_a_at,Atp6v0c
1416393_at,Emg1
1416394_at,Bag1
1416395_at,Guk1
1416396_at,Snx4
1416397_at,Mesdc1
1416398_at,Mesdc1
1416399_a_at,Hmox2
1416400_at,Pycrl
1416401_at,Cd82
1416402_at,Abcb10
1416403_at,Abcb10
1416404_s_at,LOC100862433///Rps16-ps2///Rps16
1416405_at,Bgn
1416406_at,Pea15a
1416407_at,Pea15a
1416408_at,Acox1
1416409_at,Acox1
1416410_at,Pafah1b3
1416411_at,Gstm2
1416412_at,Nsmaf
1416413_at,Ctsj
1416414_at,Emilin1
1416415_a_at,Gm8203///H2afz
1416416_x_at,Gstm1
1416417_a_at,Ndufb7
1416418_at,Gabarapl1
1416419_s_at,Gabarapl1
1416420_a_at,LOC101056029///Gm5451///Rpl9
1416421_a_at,Ssb
1416422_a_at,Ssb
1416423_x_at,Ssb
1416424_at,Plin3
1416425_at,Pex19
1416426_at,Rab5a
1416427_at,Ccni
1416428_at,Thap11
1416429_a_at,Cat
1416430_at,Cat
1416431_at,Tubb6
1416432_at,Pfkfb3
1416433_at,Rpa2
1416434_at,Bcl2l10
1416435_at,Ltbr
1416436_a_at,Uqcc1
1416437_a_at,Mapk8ip3
1416438_at,Puf60
1416439_at,Dctpp1
1416440_at,Cd164
1416441_at,Cpq
1416442_at,Ier2
1416443_a_at,Sae1
1416444_at,Elovl2
1416445_at,Fam98a
1416446_at,Tmem30a
1416447_at,Tmem30a
1416448_at,Itpa
1416449_x_at,Stxbp2
1416450_at,Taf8
1416451_s_at,Taf8
1416452_at,Oat
1416453_x_at,Gm21571///Rps12-ps18///Rps12-ps24///Rps12-ps10///Rps12-ps14///Rps12-ps13///Rps12-ps15///Rps12-ps12///Rps12-ps16///Rps12-ps11///Rps12
1416454_s_at,Acta2
1416455_a_at,Cryab
1416456_a_at,Chia1
1416457_at,Ddah2
1416458_at,Arf2
1416459_at,Arf2
1416460_at,Miox
1416461_at,Caprin1
1416462_at,Caprin1
1416463_at,Caprin1
1416464_at,Slc4a1
1416465_a_at,Vapa
1416466_at,Vapa
1416467_at,Ddx3x
1416468_at,Aldh1a1
1416469_at,Luzp1
1416470_a_at,Rpn1
1416471_at,Cept1
1416472_at,Syap1
1416473_a_at,Igdcc4
1416474_at,Igdcc4
1416475_at,Ube2d2a
1416476_a_at,Ube2d2a
1416477_at,Ube2d2a
1416478_a_at,Mdh2
1416479_a_at,Tmem14c
1416480_a_at,Higd1a
1416481_s_at,Higd1a
1416482_at,Ttc3
1416483_at,Ttc3
1416484_at,Ttc3
1416485_at,Timm23
1416486_at,Aimp1
1416487_a_at,Yap1
1416488_at,Ccng2
1416489_at,Pi4k2b
1416490_at,Tmed6
1416491_at,Numbl
1416492_at,Ccne1
1416493_at,Ddost
1416494_at,Ndufs5
1416495_s_at,Ndufs5///BC002163
1416496_at,Mrfap1
1416497_at,Pdia4
1416498_at,Ppic
1416499_a_at,Dctn6
1416500_at,Sacm1l
1416501_at,Pdpk1
1416502_a_at,Preb
1416503_at,Lxn
1416504_at,Ulk1
1416505_at,Nr4a1
1416506_at,Psma6
1416507_at,Cnpy2
1416508_at,Med28
1416509_at,Tm9sf3
1416510_at,Mrpl4
1416511_a_at,Cdc42ep4
1416512_at,Nubp2
1416513_at,Lamb2
1416514_a_at,Fscn1
1416515_at,Fscn1
1416516_at,Fscn1
1416517_at,Pnpla6
1416518_at,H1foo
1416519_at,Gm4604///Rpl36
1416520_x_at,Gm4604///Rpl36
1416521_at,Sepw1
1416522_a_at,Grcc10
1416523_at,Rnase1
1416524_at,Spop
1416525_at,Spop
1416526_a_at,Park7
1416527_at,Rab32
1416528_at,Sh3bgrl3
1416529_at,Emp1
1416530_a_at,Pnp
1416531_at,Gsto1
1416532_at,Trrap
1416533_at,Egln2
1416534_at,Dpf2
1416535_at,Mcrs1
1416536_at,Mum1
1416537_at,Creld1
1416538_at,Siae
1416539_at,Siae
1416540_at,Hgs
1416541_at,Clpb
1416542_at,Phf1
1416543_at,Nfe2l2
1416544_at,Ezh2
1416545_at,Zdhhc7
1416546_a_at,Rpl6
1416547_at,Ndufb3
1416548_at,Slc35b4
1416549_at,Slc35b4
1416550_at,Slc35b4
1416551_at,Atp2a2
1416552_at,Dppa5a
1416553_at,Stra13
1416554_at,Pdlim1
1416555_at,Ei24
1416556_at,Tspan31
1416557_a_at,Eftud2
1416558_at,Melk
1416559_at,Rrp8
1416560_at,Slc13a3
1416561_at,Gad1
1416562_at,Gad1
1416563_at,Ctps
1416564_at,Sox7
1416565_at,Cox6b1
1416566_at,Strap
1416567_s_at,Atp5e
1416568_a_at,Acin1
1416569_at,Actl6a
1416570_s_at,Gfm1
1416571_at,Traf4
1416572_at,Mmp14
1416573_at,Pofut2
1416574_at,Tox4
1416575_at,Cdc45
1416576_at,Socs3
1416577_a_at,Gm9840///Rbx1
1416578_at,Gm9840///Rbx1
1416579_a_at,Epcam
1416580_a_at,Stub1
1416581_at,Wdr5
1416582_a_at,Bad
1416583_at,Bad
1416584_at,Man2b2
1416585_at,Ruvbl1
1416586_at,Zfp239
1416587_a_at,Xrcc1
1416588_at,Ptprn
1416589_at,Sparc
1416590_a_at,Rab34
1416591_at,Rab34
1416592_at,Glrx
1416593_at,Glrx
1416594_at,Sfrp1
1416595_at,Mrps22
1416596_at,Slc44a4
1416597_at,Hdgfrp2
1416598_at,Glis2
1416599_at,Glis2
1416600_a_at,Rcan1
1416601_a_at,Rcan1
1416602_a_at,Rad52
1416603_at,Rpl22
1416604_at,Cyc1
1416605_at,Nhp2
1416606_s_at,Nhp2
1416607_at,4931406C07Rik
1416608_a_at,BC004004
1416609_at,BC004004
1416610_a_at,Clcn3
1416611_at,Scamp2
1416612_at,Cyp1b1
1416613_at,Cyp1b1
1416614_at,Eid1
1416615_at,Clpp
1416616_s_at,Clpp
1416617_at,Acss1
1416618_at,Ppox
1416619_at,Vsir
1416620_at,Smarcal1
1416621_at,Llgl1
1416622_at,Wbscr16
1416623_at,Thbs3
1416624_a_at,Kxd1///Uba52
1416625_at,Serping1
1416626_at,Pla2g1b
1416627_at,Spint1
1416628_at,Tmem223
1416629_at,Slc1a5
1416630_at,Id3
1416631_at,Ap4b1
1416632_at,Me1
1416633_a_at,Fam96a
1416634_at,Fam96a
1416635_at,Smpdl3a
1416636_at,Rheb
1416637_at,Slc4a2
1416638_at,Sall2
1416639_at,Slc2a5
1416640_at,Kcne1l
1416641_at,Lig1
1416642_a_at,Tpt1
1416643_at,Tpt1
1416644_a_at,Sema3b
1416645_a_at,Afp
1416646_at,Afp
1416647_at,Bckdha
1416648_at,Dync1h1
1416649_at,Ambp
1416650_at,Rfpl4
1416651_at,Znhit2
1416652_at,Aspn
1416653_at,Stxbp3
1416654_at,Slc31a2
1416655_at,C1galt1c1
1416656_at,Clic1
1416657_at,Akt1
1416658_at,Frzb
1416659_at,Eif3a
1416660_at,Eif3a
1416661_at,Eif3a
1416662_at,Sardh
1416663_at,Ndufa9
1416664_at,Cdc20
1416665_at,Coq7
1416666_at,Serpine2
1416667_at,Ebp
1416668_at,Emc2
1416669_s_at,Naca
1416670_at,Setdb1
1416671_a_at,Mcoln1
1416672_s_at,Mcoln1
1416673_at,Bace2
1416674_at,Ptpru
1416675_s_at,Plcd1
1416676_at,Kng1
1416677_at,Apoh
1416678_at,Cops3
1416679_at,Abcd3
1416680_at,Ube3a
1416681_at,Ube3a
1416682_at,Ube3a
1416683_at,Plxnb2
1416684_at,Fbl
1416685_s_at,Fbl
1416686_at,Plod2
1416687_at,Plod2
1416688_at,Snap91
1416689_at,Tuft1
1416690_at,Gtpbp2
1416691_at,Gtpbp2
1416692_at,Coil
1416693_at,Foxc2
1416694_at,Gk2
1416695_at,Tspo
1416696_at,Mydgf
1416697_at,Dpp4
1416698_a_at,Cks1b
1416699_at,1110008F13Rik
1416700_at,Rnd3
1416701_at,Rnd3
1416702_at,Serpini1
1416703_at,Mapk14
1416704_at,Mapk14
1416705_at,Rpe
1416706_at,Rpe
1416707_a_at,Pmf1
1416708_a_at,Gramd1a
1416709_a_at,Ngrn
1416710_at,Tmem35
1416711_at,Tbr1
1416712_at,Pepd
1416713_at,Tppp3
1416714_at,Irf8
1416715_at,Gjb3
1416716_at,Efs
1416717_at,Crisp2
1416718_at,Bcan
1416719_a_at,Rps10
1416720_at,Srsf6
1416721_s_at,Srsf6
1416722_at,Hmg20a
1416723_at,Tcf4
1416724_x_at,Tcf4
1416725_at,Tcf4
1416726_s_at,Ube2s
1416727_a_at,Cyb5a
1416728_at,Csnk2b
1416729_at,Plg
1416730_at,Rcl1
1416731_at,Top2b
1416732_at,Top2b
1416733_at,Mkln1
1416734_at,Mkln1
1416735_at,Asah1
1416736_at,Casc3
1416737_at,Gys1
1416738_at,Brap
1416739_a_at,Brap
1416740_at,Col5a1
1416741_at,Col5a1
1416742_at,Cfdp1
1416743_at,Uap1
1416744_at,LOC102642017///Uap1
1416745_x_at,LOC102642017///Uap1
1416746_at,H2afx
1416747_at,Mfsd5
1416748_a_at,Mre11a
1416749_at,Htra1
1416750_at,Sigmar1
1416751_a_at,Ddx20
1416752_at,Ldb3
1416753_at,Prkar1b
1416754_at,Prkar1b
1416755_at,Dnajb1
1416756_at,Dnajb1
1416757_at,Zwilch
1416758_at,Arhgap27
1416759_at,Mical1
1416760_at,Galnt16
1416761_at,Hsd11b2
1416762_at,S100a10
1416763_at,Cdc123
1416764_at,Fis1
1416765_s_at,Pam16
1416766_at,Marc2
1416767_a_at,Smim14
1416768_at,Smim14
1416769_s_at,Atp6v0b
1416770_at,Stk25
1416771_at,Trappc3
1416772_at,Cpt2
1416773_at,Wee1
1416774_at,Wee1
1416775_at,Atp5sl
1416776_at,Crym
1416777_at,Ceacam12
1416778_at,Sdpr
1416779_at,Sdpr
1416780_at,Pfkm
1416781_at,Praf2
1416782_s_at,Praf2
1416783_at,Tac1
1416784_at,Pgk2
1416785_at,Kcnip1
1416786_at,Acvr1
1416787_at,Acvr1
1416788_a_at,Idh3g
1416789_at,Idh3g
1416790_a_at,Gm9855///Tdg-ps///Tdg
1416791_a_at,Nxf1
1416792_at,Ppm1g
1416793_at,Atl2
1416794_at,Atl2
1416795_at,Cryl1
1416796_at,Nck2
1416797_at,Nck2
1416798_a_at,Nme4
1416799_at,Trpm7
1416800_at,Trpm7
1416801_at,Trpm7
1416802_a_at,Cdca5
1416803_at,Fkbp7
1416804_at,Ehbp1l1
1416805_at,Fam198b
1416806_at,Fdxr
1416807_at,Rpl36al///Rpl36a
1416808_at,Nid1
1416809_at,Cyp3a11
1416810_at,Mea1
1416811_s_at,Ctla2b///Ctla2a
1416812_at,Tia1
1416813_at,Tia1
1416814_at,Tia1
1416815_s_at,Bub3
1416816_at,Nek7
1416817_at,Nek7
1416818_at,Parva
1416819_at,Cdc37
1416820_at,Cdc37
1416821_at,Dgcr14
1416822_at,Dgcr14
1416823_a_at,Osbpl1a
1416824_at,B230118H07Rik
1416825_at,Snta1
1416826_a_at,Med20
1416827_at,Tbxas1
1416828_at,Snap25
1416829_at,Atp5b
1416830_at,Glmp
1416831_at,Neu1
1416832_at,Slc39a8
1416833_at,Keg1
1416834_x_at,Ndufb2
1416835_s_at,Amd1
1416836_at,Lrp10
1416837_at,Bax
1416838_at,Mut
1416839_at,Mut
1416840_at,Mid1ip1
1416841_at,1110059E24Rik
1416842_at,Gstm5
1416843_at,Pde6d
1416844_at,Prmt2
1416845_at,Tmem132a
1416846_a_at,Pdzrn3
1416847_s_at,Oas1e///Oas1d
1416848_at,Ubl5
1416849_at,Cisd1
1416850_s_at,Cisd1
1416851_at,St13
1416852_a_at,Ncdn
1416853_at,Ncdn
1416854_at,Slc34a2
1416855_at,Gas1
1416856_at,Oser1
1416857_at,Sdf2
1416858_a_at,Fkbp3
1416859_at,Fkbp3
1416860_s_at,Ing1
1416861_at,Stam
1416862_at,Stam
1416863_at,Abhd8
1416864_at,Surf6
1416865_at,Fgd1
1416866_at,Bet1
1416867_at,Bet1
1416868_at,Cdkn2c
1416869_x_at,Zgpat///Lime1
1416870_at,Dnal4
1416871_at,Adam8
1416872_at,Tspan6
1416873_a_at,Cdk2
1416874_a_at,Paf1
1416875_at,Parvg
1416876_at,Parvg
1416877_a_at,Mrpl51
1416878_at,Mrpl51
1416879_at,Mrpl51
1416880_at,Mcl1
1416881_at,Mcl1
1416882_at,Rgs10
1416883_at,Clptm1
1416884_at,Gm6917///Gm6901///Cbx3-ps5///Cbx3
1416885_at,1110038F14Rik
1416886_at,C1d
1416887_at,C1d
1416888_at,Fadd
1416889_at,Tnni2
1416890_at,Wdr74
1416891_at,Numb
1416892_s_at,Fam107b
1416893_at,Fam107b
1416894_at,Hspbp1
1416895_at,Efna1
1416896_at,Rps6ka1
1416897_at,Parp9
1416898_a_at,Irf3
1416899_at,Utf1
1416900_s_at,Cers1///Gdf1
1416901_at,Npc2
1416902_a_at,Cox5b
1416903_at,Nucb1
1416904_at,Mbnl1
1416905_at,Guca2a
1416906_at,Anapc5
1416907_at,Tsn
1416908_s_at,Tsn
1416909_at,Pigyl
1416910_at,Dnajc15
1416911_a_at,Akirin1
1416912_at,Akirin1
1416913_at,Ces1c
1416914_s_at,Sssca1///Fam89b
1416915_at,Msh6
1416916_at,Elf3
1416917_at,1700123O20Rik
1416918_at,Dlg3
1416919_a_at,Nphp1
1416920_at,Gm21992///Rbm4
1416921_x_at,Aldoa
1416922_a_at,Bnip3l-ps///Bnip3l
1416923_a_at,Bnip3l-ps///Bnip3l
1416924_at,Bri3
1416925_at,Kpnb1
1416926_at,Trp53inp1
1416927_at,Trp53inp1
1416928_at,Rbm12
1416929_at,Rbm12
1416930_at,Ly6d
1416931_at,Nif3l1
1416932_at,Cog2
1416933_at,Por
1416934_at,Mtm1
1416935_at,Trpv2
1416936_at,Aatk
1416937_at,Gabarap
1416938_at,Chchd1
1416939_at,Ppa1
1416940_at,Ppif
1416941_s_at,Eif4h
1416942_at,Erap1
1416943_at,Ube2e1
1416944_a_at,Tlk2
1416945_at,Ptov1
1416946_a_at,Acaa1b///Acaa1a
1416947_s_at,Acaa1b///Acaa1a
1416948_at,Mrpl23
1416949_s_at,Slc39a7
1416950_at,Tnfaip8
1416951_a_at,Atp6v1d
1416952_at,Atp6v1d
1416953_at,Ctgf
1416954_at,Slc25a10
1416955_at,Slc25a10
1416956_at,Kcnab2
1416957_at,Pou2af1
1416958_at,Nr1d2
1416959_at,Nr1d2
1416960_at,B3gat3
1416961_at,Bub1b
1416962_at,Rcc1
1416963_at,Ubac1
1416964_at,Eefsec
1416965_at,Pcsk1n
1416966_at,Slc22a8
1416967_at,Sox2
1416968_a_at,Hsd3b7
1416969_at,Gtse1
1416970_a_at,Cox7a2
1416971_at,Cox7a2
1416972_at,LOC100862468///Nhp2l1
1416973_at,LOC100862468///Nhp2l1
1416974_at,Stam2
1416975_at,Stam2
1416976_at,Stam2
1416977_at,Stam2
1416978_at,Fcgrt
1416979_at,Pomp
1416980_at,Mettl7b
1416981_at,Foxo1
1416982_at,Foxo1
1416983_s_at,Foxo1
1416984_at,Mrps18a
1416985_at,Sirpa
1416986_a_at,Sirpa
1416987_at,Elp4
1416988_at,Msh2
1416989_at,Vps53
1416990_at,Rxrb
1416991_at,Mto1
1416992_at,Mfng
1416993_at,Cog4
1416994_at,Ttc1
1416995_at,Pacsin3
1416996_at,Tbc1d8
1416997_a_at,Hap1
1416998_at,Rrs1
1416999_at,Smpd2
1417000_at,Abtb1
1417001_a_at,Rsrp1
1417002_at,0610012G03Rik
1417003_at,0610012G03Rik
1417004_at,Tsg101
1417005_at,Klc1
1417006_at,Commd4
1417007_a_at,Vps4b
1417008_at,Crat
1417009_at,C1ra
1417010_at,Zbtb18
1417011_at,Sdc2
1417012_at,Sdc2
1417013_at,Hspb8
1417014_at,Hspb8
1417015_at,Rassf3
1417016_at,Mapkapk5
1417017_at,Cyp17a1
1417018_at,Efemp2
1417019_a_at,Cdc6
1417020_at,Spata4
1417021_a_at,Spo11
1417022_at,Slc7a3
1417023_a_at,Fabp4
1417024_at,Hars
1417025_at,H2-Eb1
1417026_at,Pfdn1
1417027_at,Trim2
1417028_a_at,Trim2
1417029_a_at,Trim2
1417030_at,Tmem206
1417031_at,Tmem206
1417032_at,Ube2g2
1417033_at,Ube2g2
1417034_at,Trappc6a
1417035_at,Sac3d1
1417036_at,Sac3d1
1417037_at,Orc6
1417038_at,Sept9
1417039_a_at,Cul7
1417040_a_at,Bok
1417041_at,Polr1c
1417042_at,Slc37a4
1417043_at,Lcat
1417044_at,Lcmt1
1417045_at,Bid
1417046_at,Nprl2
1417047_at,Prom2
1417048_at,Prom2
1417049_at,Rhd
1417050_at,C1qtnf4
1417051_at,Pcdh8
1417052_at,Psmb3
1417053_at,1700071K01Rik///Phb
1417054_a_at,Sf3b6
1417055_at,Sf3b6
1417056_at,Psme1
1417057_a_at,Lamp3///Ppid
1417058_a_at,Krtcap2
1417059_at,Krtcap2
1417060_at,Ppp1r11
1417061_at,Slc40a1
1417062_at,Armc10
1417063_at,C1qb
1417064_at,Jagn1
1417065_at,Egr1
1417066_at,Coq8a
1417067_s_at,Coq8a
1417068_a_at,Ptpn1
1417069_a_at,Gmfb
1417070_at,Cyp4v3
1417071_s_at,Cyp4v3
1417072_at,Slc22a6
1417073_a_at,Qk
1417074_at,Ceacam10
1417075_at,Fam136a
1417076_at,Fabp9
1417077_at,Bcap29
1417078_at,Lgals2
1417079_s_at,Lgals2
1417080_a_at,Ecsit
1417081_a_at,Syngr2
1417082_at,Anp32b
1417083_at,Sec61b
1417084_at,Eif4ebp2
1417085_at,Akr1c6
1417086_at,Pafah1b1
1417087_at,Glg1
1417088_at,Zfp346
1417089_a_at,Ckmt1
1417090_at,Rcn1
1417091_at,Chuk
1417092_at,Pth1r
1417093_a_at,Gtf2h4
1417094_at,Acot7
1417095_a_at,Hspa14
1417096_at,Rrp15
1417097_at,Mecr
1417098_s_at,Mecr
1417099_at,Ftsj1
1417100_at,Cd320
1417101_at,Hspa2
1417102_a_at,Ndufb5
1417103_at,Ddt
1417104_at,Emp3
1417105_at,Trappc2l
1417106_at,Tpd52l2
1417107_at,Tpd52l2
1417108_at,Klc4
1417109_at,Tinagl1
1417110_at,Man1a
1417111_at,Man1a
1417112_at,Arl2bp
1417113_at,Gmcl1
1417114_at,Gmcl1
1417115_at,Map3k12
1417116_at,Slc6a8
1417117_at,Cstf1
1417118_a_at,Naa10
1417119_at,Zfpl1
1417120_at,Miip
1417121_at,Gabra6
1417122_at,Vav3
1417123_at,Vav3
1417124_at,Dstn
1417125_at,Ahcy
1417126_a_at,Rpl22l1
1417127_at,Msx1
1417128_at,Plekho1
1417129_a_at,Meis2
1417130_s_at,Angptl4
1417131_at,Cdc25a
1417132_at,Cdc25a
1417133_at,Pmp22
1417134_at,Srpk2
1417135_at,Srpk2
1417136_s_at,Srpk2
1417137_at,Uck2
1417138_s_at,Polr2e
1417139_at,Dsn1
1417140_a_at,Ptpn2
1417141_at,Igtp
1417142_at,Fam120b
1417143_at,Lpar1
1417144_at,Tubg1
1417145_at,Nfxl1
1417146_at,Mri1
1417147_at,Fam69b
1417148_at,Pdgfrb
1417149_at,P4ha2
1417150_at,Slc6a4
1417151_a_at,Ntsr2
1417152_at,Nacc2
1417153_at,Nacc2
1417154_at,Slc25a14
1417155_at,Mycn
1417156_at,Krt19
1417157_at,Actr10
1417158_at,Zxdc
1417159_at,Zxdc
1417160_s_at,Wfdc18
1417161_at,Cdk2ap2
1417162_at,Tmbim1
1417163_at,Dusp10
1417164_at,Dusp10
1417165_at,Mbd2
1417166_at,Psip1
1417167_at,Exosc5
1417168_a_at,Usp2
1417169_at,Usp2
1417170_at,Lztfl1
1417171_at,Itk
1417172_at,Ube2l6
1417173_at,Atf6b
1417174_at,Tmem218
1417175_at,Csnk1e
1417176_at,Csnk1e
1417177_at,Galk1
1417178_at,Gipc2
1417179_at,Tspan5
1417180_at,Pcsk7
1417181_a_at,Kifap3
1417182_at,Dnaja2
1417183_at,Dnaja2
1417184_s_at,Hbb-bt///Hbb-bs///Hbb-b2///Hbb-b1
1417185_at,Ly6a
1417186_at,Ube2k
1417187_at,Ube2k
1417188_s_at,Ube2k
1417189_at,Psme2b///Psme2
1417190_at,Nampt
1417191_at,Dnajb9
1417192_at,Tomm70a
1417193_at,Sod2
1417194_at,Sod2
1417195_at,Wwc2
1417196_s_at,Wwc2
1417197_at,Wwc2
1417198_at,Wwc2
1417199_at,Tmem183a
1417200_at,Tmem183a
1417201_at,Nt5c2
1417202_s_at,Uba3
1417203_at,Ethe1
1417204_at,Kdelr2
1417205_at,Kdelr2
1417206_at,Urod
1417207_at,Dvl2
1417208_at,Amacr
1417209_at,Sertad2
1417210_at,Eif2s3y
1417211_a_at,1110032A03Rik
1417212_at,Fam195a
1417213_a_at,Rbm6
1417214_at,Rab27b
1417215_at,Rab27b
1417216_at,Pim2
1417217_at,Magel2
1417218_at,Calhm2
1417219_s_at,Tmsb10
1417220_at,Fah
1417221_at,Ppm1a
1417222_a_at,Tmem123
1417223_at,Cd2bp2
1417224_a_at,Cd2bp2
1417225_at,Arl6ip5
1417226_at,Fbxw4
1417227_at,Mccc1
1417228_at,Capn1
1417229_at,Capn1
1417230_at,Ralgps2
1417231_at,Cldn2
1417232_at,Cldn2
1417233_at,Chchd4
1417234_at,Mmp11
1417235_at,Ehd3
1417236_at,Ehd3
1417237_at,Pld2
1417238_at,Ewsr1
1417239_at,Cetn3
1417240_at,Zyx
1417241_at,Amz2
1417242_at,Gm5576///Eif4a3
1417243_at,Fam192a
1417244_a_at,Irf7
1417245_at,Gpr180
1417246_at,Pzp
1417247_at,AI597479
1417248_at,Ralbp1
1417249_at,Polm
1417250_at,Rlim
1417251_at,Palmd
1417252_at,Nt5c
1417253_at,Frg1
1417254_at,Spata5
1417255_at,Ift140
1417256_at,Mmp13
1417257_at,Cel
1417258_at,Cct5
1417259_a_at,Capzb
1417260_at,U2af2
1417261_at,Mbtd1
1417262_at,Ptgs2
1417263_at,Ptgs2
1417264_at,Coq5
1417265_s_at,Coq5
1417266_at,Ccl6
1417267_s_at,Fkbp11
1417268_at,Cd14
1417269_at,Cdk9
1417270_at,Wdr12
1417271_a_at,Eng
1417272_at,Fam114a1
1417273_at,Pdk4
1417274_at,Gm21559///Gm5161///Snrpa
1417275_at,Mal
1417276_at,Tulp2
1417277_at,Cyp4f16
1417278_a_at,Nkd1
1417279_at,Itpr1
1417280_at,Slc17a1
1417281_a_at,Mmp23
1417282_at,Mmp23
1417283_at,Lynx1
1417284_at,Mapkap1
1417285_a_at,Ndufa5
1417286_at,Ndufa5
1417287_at,H13
1417288_at,Plekha2
1417289_at,Plekha2
1417290_at,Lrg1
1417291_at,Tnfrsf1a
1417292_at,Ifi47
1417293_at,Hs6st1
1417294_at,Akr7a5
1417295_at,Mta1
1417296_at,Gm1862///Atf1
1417297_at,Itpr3
1417298_at,Ebpl
1417299_at,Nek2
1417300_at,Smpdl3b
1417301_at,Fzd6
1417302_at,Rcor2
1417303_at,Mvd
1417304_at,Chrd
1417305_at,Speg
1417306_at,Tyk2
1417307_at,Dmd
1417308_at,Pkm
1417309_at,Tob2
1417310_at,Tob2
1417311_at,Crip2
1417312_at,Dkk3
1417313_at,Lsm7
1417314_at,Cfb
1417315_at,Gripap1
1417316_at,Acot13
1417317_s_at,Gm14279///Gm10237///Gm10029///Gm11810///Ino80///Rpl35a
1417318_at,Brinp1
1417319_at,Nectin3
1417320_at,Grpel1
1417321_at,Zcchc7
1417322_at,Dohh
1417323_at,Psrc1
1417324_at,Mast2
1417325_at,Btrc
1417326_a_at,Anapc11
1417327_at,Cav2
1417328_at,Ercc1
1417329_at,Slc23a2
1417330_at,Slc23a2
1417331_a_at,Arl6
1417332_at,Rfx2
1417333_at,Rasa4
1417334_at,Stk19
1417335_at,Sult2b1
1417336_a_at,Sytl4
1417337_at,Epb42
1417338_at,Epb42
1417339_a_at,Dynll1
1417340_at,Gm12669///Glrx3
1417341_a_at,Ppp1r2
1417342_at,Ppp1r2
1417343_at,Fxyd6
1417344_at,Emc7
1417345_at,Emc7
1417346_at,Pycard
1417347_at,Pycard
1417348_at,2310039H08Rik
1417349_at,Bloc1s6
1417350_at,Bloc1s6
1417351_a_at,Snrpa1
1417352_s_at,Snrpa1
1417353_x_at,Snrpa1
1417354_at,Sil1
1417355_at,Peg3
1417356_at,Peg3
1417357_at,Emd
1417358_s_at,Sorbs1
1417359_at,Mfap2
1417360_at,Mlh1
1417361_at,Asb3
1417362_at,Rhcg
1417363_at,Zfp61
1417364_at,Gm29753///Eef1g
1417365_a_at,Calm3///Calm2///Calm1
1417366_s_at,Calm3///Calm2///Calm1
1417367_at,Ppp2ca
1417368_s_at,Ndufa2
1417369_at,Hsd17b4
1417370_at,Tff3
1417371_at,Peli1
1417372_a_at,Peli1
1417373_a_at,Tuba4a
1417374_at,Tuba4a
1417375_at,Tuba4a
1417376_a_at,Cadm1
1417377_at,Cadm1
1417378_at,Cadm1
1417379_at,Iqgap1
1417380_at,Iqgap1
1417381_at,C1qa
1417382_at,Entpd5
1417383_at,Entpd5
1417384_at,Entpd5
1417385_at,Npepps
1417386_at,Npepps
1417387_at,Med31
1417388_at,Bex2
1417389_at,Gpc1
1417390_at,Gpn1
1417391_a_at,Il16
1417392_a_at,Slc7a7
1417393_a_at,Fam132a
1417394_at,Klf4
1417395_at,Klf4
1417396_at,Podxl
1417397_at,Slc9a1
1417398_at,Rras2
1417399_at,Gas6
1417400_at,Rai14
1417401_at,Rai14
1417402_at,Smim11
1417403_at,Elovl6
1417404_at,Elovl6
1417405_at,Stard3
1417406_at,Sertad1
1417407_at,Fbxl14
1417408_at,F3
1417409_at,Jun
1417410_s_at,Prkci
1417411_at,Nap1l5
1417412_at,F8a
1417413_at,Cuzd1
1417414_at,Sept3
1417415_at,Slc6a3
1417416_at,Kcna1
1417417_a_at,Cox6a1
1417418_s_at,LOC101056141///Cox6a1
1417419_at,Ccnd1
1417420_at,Ccnd1
1417421_at,S100a1
1417422_at,Gnmt
1417423_at,Grina
1417424_at,Ier3ip1
1417425_at,Prkrip1
1417426_at,Srgn
1417427_at,Rnaseh2c
1417428_at,Gng3
1417429_at,Fmo1
1417430_at,Cdr2
1417431_a_at,Sphk2
1417432_a_at,Gnb1
1417433_at,Lypla2
1417434_at,Gpd2
1417435_at,Large
1417436_at,Large
1417437_at,Xrcc6
1417438_at,Rdh14
1417439_at,Cd248
1417440_at,Arid1a
1417441_at,Dnajc12
1417442_a_at,Pex3
1417443_at,Fam151a
1417444_at,E2f5
1417445_at,Ndc80
1417446_at,Slc12a4
1417447_at,Tcf21
1417448_at,Fam207a
1417449_at,Acot8
1417450_a_at,Tacc3
1417451_a_at,Gm9234///Ppia
1417452_a_at,Fau
1417453_at,Cul4b
1417454_at,Cul4b
1417455_at,Tgfb3
1417456_at,Gnpat
1417457_at,Cks2
1417458_s_at,Cks2
1417459_at,Dcpp1
1417460_at,Ifitm2
1417461_at,Cap1
1417462_at,Cap1
1417463_a_at,Lamtor1
1417464_at,Tnnc2
1417465_at,Fnta
1417466_at,Rgs5
1417467_a_at,Tada3
1417468_at,Nit1
1417469_at,Nit1
1417470_at,Apobec3
1417471_s_at,D1Ertd622e
1417472_at,Myh9
1417473_a_at,Gm8465///Ppcs
1417474_at,Ift46
1417475_at,Atp13a1
1417476_at,Fbxw5
1417477_at,Natd1
1417478_a_at,Ppp2r3c
1417479_at,Ppp2r3c
1417480_at,Fbxo9
1417481_at,Ramp1
1417482_at,Tex19.1
1417483_at,Nfkbiz
1417484_at,Ibsp
1417485_at,Ibsp
1417486_at,Shd
1417487_at,Fosl1
1417488_at,Fosl1
1417489_at,Npy2r
1417490_at,Ctsb
1417491_at,Ctsb
1417492_at,Ctsb
1417493_at,Bmi1
1417494_a_at,Cp
1417495_x_at,Cp
1417496_at,Cp
1417497_at,Cp
1417498_at,Serpinf2
1417499_at,Timm10
1417500_a_at,Tgm2
1417501_at,Fbxo6
1417502_at,Tspan7
1417503_at,Rfc2
1417504_at,Calb1
1417505_s_at,LOC100861969///Gm13305///Gm2002///Il11ra2///Il11ra1
1417506_at,Gmnn
1417507_at,Cyb561
1417508_at,Rnf19a
1417509_at,Rnf19a
1417510_at,Vps4a
1417511_at,Lyar
1417512_at,Evi5
1417513_at,Evi5
1417514_at,Ssx2ip
1417515_at,Lsm10
1417516_at,Ddit3
1417517_at,Plagl2
1417518_at,Plagl2
1417519_at,Plagl2
1417520_at,Nfe2l3
1417521_at,Efna2
1417522_at,Fbxo32
1417523_at,Plek
1417524_at,Cnih2
1417525_at,Hand1
1417526_at,Pcbp3
1417527_at,Ap3m2
1417528_at,Spag6l
1417529_at,Rab33a
1417530_a_at,Srp9
1417531_at,Cyp2j5
1417532_at,Cyp2j5
1417533_a_at,Itgb5
1417534_at,Itgb5
1417535_at,Fbxo25
1417536_at,Zmat2
1417537_at,Zmat2
1417538_at,Slc35a1
1417539_at,Slc35a1
1417540_at,Elf1
1417541_at,Hells
1417542_at,Rps6ka2
1417543_at,Rps6ka2
1417544_a_at,Flot2
1417545_at,Trpv4
1417546_at,Il2rb
1417547_at,Sart3
1417548_at,Sart3
1417549_at,Zfp68
1417550_a_at,Gsg1
1417551_at,Cln3
1417552_at,Fap
1417553_at,Plac1
1417554_at,Gm4450///Gm10681///Hsd3b4
1417555_at,Atad1
1417556_at,Fabp1
1417557_at,Ubxn6
1417558_at,Fyn
1417559_at,Sfxn1
1417560_at,Sfxn1
1417561_at,Apoc1
1417562_at,Eif4ebp1
1417563_at,Eif4ebp1
1417564_at,Med7
1417565_at,Abhd5
1417566_at,Abhd5
1417567_at,Ctnnbip1
1417568_at,Ncald
1417569_at,Ncald
1417570_at,Anapc1
1417571_at,Mpg
1417572_at,Mpg
1417573_at,Mmadhc
1417574_at,Cxcl12
1417575_at,Otub2
1417576_a_at,Otub2
1417577_at,Trpc3
1417578_a_at,Gmppa
1417579_x_at,Gmppa
1417580_s_at,Selenbp1
1417581_at,Dhodh
1417582_s_at,Dhodh
1417583_a_at,Utp3
1417584_at,Slc11a2
1417585_at,Nup210
1417586_at,Timeless
1417587_at,Timeless
1417588_at,Galnt3
1417589_at,Galnt3
1417590_at,Cyp27a1
1417591_at,Ptges2
1417592_at,Mtor
1417593_at,Tusc2
1417594_at,Gkap1
1417595_at,Meox1
1417596_at,B9d1
1417597_at,Cd28
1417598_a_at,Fxr1
1417599_at,Cd276
1417600_at,Slc15a2
1417601_at,Rgs1
1417602_at,Per2
1417603_at,Per2
1417604_at,Camk1
1417605_s_at,Camk1
1417606_a_at,Calr
1417607_at,Cox6a2
1417608_a_at,Rpl13a
1417609_at,Ube2a
1417610_at,Apoa5
1417611_at,Tmem37
1417612_at,Ier5
1417613_at,Ier5
1417614_at,Ckm
1417615_a_at,Rpl11
1417616_at,St6galnac2
1417617_at,St6galnac2
1417618_at,Itih2
1417619_at,Gadd45gip1
1417620_at,Rac2
1417621_at,Nfatc1
1417622_at,Slc12a2
1417623_at,Slc12a2
1417624_at,Nab1
1417625_s_at,Ackr3
1417626_at,Pde4dip
1417627_a_at,Limk1
1417628_at,Supt6
1417629_at,Prodh
1417630_at,Mknk1
1417631_at,Mknk1
1417632_at,Atp6v0a1
1417633_at,Sod3
1417634_at,Sod3
1417635_at,Spa17
1417636_at,Slc6a9
1417637_a_at,Hmg20b
1417638_at,Lefty1
1417639_at,Slc22a4
1417640_at,Cd79b
1417641_at,Galntl5
1417642_at,Aldh1a3
1417643_at,Rsph1
1417644_at,Sspn
1417645_at,Sspn
1417646_a_at,Snx5
1417647_at,Snx5
1417648_s_at,Snx5
1417649_at,Cdkn1c
1417650_at,Lao1
1417651_at,Cyp2c29
1417652_a_at,Tbca
1417653_at,Pvalb
1417654_at,Sdc4
1417655_a_at,Srrt
1417656_at,Mybl2
1417657_s_at,Dnajc2
1417658_at,Tbrg4
1417659_at,Vps29
1417660_s_at,Vps29
1417661_at,Rdm1
1417662_at,Elk3
1417663_a_at,Ndrg3
1417664_a_at,Ndrg3
1417665_a_at,Cpsf1
1417666_at,Dnttip1
1417667_a_at,Pter
1417668_at,Rtn4ip1
1417669_at,Abhd12
1417670_at,Timm44
1417671_at,Scly
1417672_at,Slc4a10
1417673_at,Grb14
1417674_s_at,Golga4
1417675_a_at,Mdn1
1417676_a_at,Ptpro
1417677_at,Opn3
1417678_at,Mmp24
1417679_at,Gfi1
1417680_at,Kcna5
1417681_at,Nudt21
1417682_a_at,Prss2
1417683_at,Diablo
1417684_at,Thumpd3
1417685_at,Ankfy1
1417686_at,Lgals12
1417687_at,Lgals12
1417688_at,Fam20c
1417689_a_at,Pdzk1ip1
1417690_at,Prkag1
1417691_at,Bin3
1417692_at,Drg2
1417693_a_at,Gab1
1417694_at,Gab1
1417695_a_at,Soat1
1417696_at,Soat1
1417697_at,Soat1
1417698_at,Gtf2f1
1417699_at,Gtf2f1
1417700_at,Rab38
1417701_at,Ppp1r14c
1417702_a_at,Hnmt
1417703_at,Nectin2
1417704_a_at,Arhgap6
1417705_at,Otub1
1417706_at,Naglu
1417707_at,N4bp2l1
1417708_at,Syt3
1417709_at,Cyp46a1
1417710_at,Mettl9
1417711_at,Gm9905
1417712_at,Eif2s2
1417713_at,Eif2s2
1417714_x_at,Hba-a2///Hba-a1
1417715_a_at,Got2
1417716_at,Got2
1417717_a_at,Tyr
1417718_at,Eif3g
1417719_at,Sap30
1417720_at,Polr2j
1417721_s_at,Laptm5
1417722_at,Pgls
1417723_at,Ube2j1
1417724_at,Alyref
1417725_a_at,Sssca1
1417726_at,Sssca1
1417727_at,Srsf9
1417728_at,Mbd3
1417729_at,Myh6
1417730_at,Ext1
1417731_at,Pqbp1
1417732_at,Anxa8
1417733_at,Rnf146
1417734_at,Akap8l
1417735_at,Mptx1
1417736_at,Smc6
1417737_at,Mrps31
1417738_at,Rab25
1417739_at,Med11
1417740_at,Cdc37l1
1417741_at,Pygl
1417742_a_at,Dmap1
1417743_at,Clk2
1417744_a_at,Ralb
1417745_at,Cpn1
1417746_at,Cplx1
1417747_at,Cplx1
1417748_x_at,Foxm1
1417749_a_at,Tjp1
1417750_a_at,Slc25a37
1417751_at,Stk10
1417752_at,Coro1c
1417753_at,Pkd2
1417754_at,Topors
1417755_at,Topors
1417756_a_at,Lsp1
1417757_at,Unc13b
1417758_at,Itga2b
1417759_at,Pfpl
1417760_at,Nr0b1
1417761_at,Apoa4
1417762_a_at,Rpl8
1417763_at,Ssr1
1417764_at,Ssr1
1417765_a_at,Amy1
1417766_at,Cyb5b
1417767_at,Cyb5b
1417768_at,Pnpla8
1417769_at,Psmc6
1417770_s_at,Psmc6
1417771_a_at,Psmc6
1417772_at,Grhpr
1417773_at,Nans
1417774_at,Nans
1417775_at,Polr1a
1417776_at,Azgp1
1417777_at,Ptgr1
1417778_at,Zfp35
1417779_at,Ntpcr
1417780_at,Cers4
1417781_at,Cers4
1417782_at,Cers4
1417783_at,Als2
1417784_at,Als2
1417785_at,Pla1a
1417786_a_at,Rgs19
1417787_at,Dkkl1
1417788_at,Sncg
1417789_at,Ccl11
1417790_at,Dok1
1417791_a_at,Zfp638
1417792_at,Zfp638
1417793_at,Irgm2
1417794_at,Zmym3
1417795_at,Chl1
1417796_at,Gps2
1417797_a_at,Kdf1
1417798_at,Kdf1
1417799_at,Atp6v1g2
1417800_at,Parp2
1417801_a_at,Ppfibp2
1417802_at,Sptssb
1417803_at,Sptssb
1417804_at,Rasgrp2
1417805_at,Xpnpep2
1417806_at,Popdc2
1417807_at,Ufsp1
1417808_at,2310050C09Rik
1417809_at,Slc22a18
1417810_a_at,Pacsin2///Kcnb1
1417811_at,Slc8b1
1417812_a_at,Lamb3
1417813_at,Ikbke
1417814_at,Pla2g5
1417815_a_at,Serinc3
1417816_s_at,Serinc3
1417817_a_at,Wwtr1
1417818_at,Wwtr1
1417819_at,Tor1b
1417820_at,Tor1b
1417821_at,D17H6S56E-5
1417822_at,D17H6S56E-5
1417823_at,Gcat///Galr3
1417824_at,Gcat///Galr3
1417825_at,Gm2904///Esd
1417826_at,Akr1e1
1417827_at,Ngly1
1417828_at,Aqp8
1417829_a_at,Rab15
1417830_at,Smc1a
1417831_at,Smc1a
1417832_at,Smc1a
1417833_at,Zc3h10
1417834_at,Synj2bp
1417835_at,Mug1
1417836_at,Gpx7
1417837_at,Phlda2
1417838_at,LOC101056308///Gm28480///Gm28859///Gm21683///Gm21672///Gm21661///Gm21642///Gm21617///Gm21573///Gm21506///Gm21470///Gm21469///Gm21462///Gm21443///Gm21427///Gm21412///Gm21396///LOC100862006///Gm21344///Gm21340///Gm21330///Gm21316///Gm21308///Gm21302///Gm21292///Gm21281///Gm21275///Gm21249///Gm21247///Gm21245///Gm21242///Gm21201///Gm21184///Gm21180///Gm21163///Gm21155///Gm21151///Gm21127///Gm21118///Gm21076///Gm21065///Gm20934///Gm20932///Gm20927///Gm20926///Gm20925///Gm20924///Gm20921///Gm20919///Gm20917///Gm20914///Gm20909///Gm20907///Gm20902///Gm20898///Gm20892///Gm20891///Gm20887///Gm20881///Gm20868///Gm20867///Gm20865///Gm20863///Gm20861///Gm20859///Gm20856///Gm20854///Gm20852///Gm21394///Gm20848///Gm20847///Gm20846///Gm20842///Gm20841///Gm20840///Gm20823///Gm20818///Gm20816///Gm20815///Gm20809///Gm20808///Gm20806///Gm20805///Gm20804///Gm20803///Gm20801///Gm20799///Gm20791///Gm20747///Gm21943///Gm20738///Ssty2
1417839_at,Cldn5
1417840_at,Cep19
1417841_at,Pxmp2
1417842_at,Caml
1417843_s_at,Eps8l2
1417844_at,Med4
1417845_at,Cldn6
1417846_at,Ulk2
1417847_at,Ulk2
1417848_at,Zfp704
1417849_at,Zfp704
1417850_at,Rb1
1417851_at,Cxcl13
1417852_x_at,Clca3a1
1417853_at,Clca3a1
1417854_at,Map2k5
1417855_at,Fbxl15
1417856_at,Relb
1417857_at,Mmaa
1417858_at,Rasal1
1417859_at,Gas7
1417860_a_at,Spon2
1417861_at,Ccnc
1417862_at,Fam181b
1417863_at,Spata19
1417864_at,Pgk1
1417865_at,Tnfaip1
1417866_at,Tnfaip1
1417867_at,Cfd
1417868_a_at,Ctsz
1417869_s_at,Ctsz
1417870_x_at,Ctsz
1417871_at,Hsd17b7
1417872_at,Fhl1
1417873_at,Pwp1
1417874_at,Tmem9b
1417875_at,Ddx50
1417876_at,Fcgr1
1417877_at,Eepd1
1417878_at,E2f1
1417879_at,Nenf
1417880_at,G6pc
1417881_at,Slc39a3
1417882_at,Slc39a3
1417883_at,Gstt2
1417884_at,Slc16a6
1417885_at,Mapt
1417886_at,Lbhd1///1810009A15Rik
1417887_at,Ints5
1417888_at,Trim13
1417889_at,Apobec2
1417890_at,Pdxp
1417891_at,Spsb3
1417892_a_at,Sirt3
1417893_at,Sfxn3
1417894_at,Adgrg3
1417895_a_at,Tmem54
1417896_at,Tjp3
1417897_at,Brms1
1417898_a_at,Gzma
1417899_at,Zp3r
1417900_a_at,Vldlr
1417901_a_at,Ica1
1417902_at,Slc19a2
1417903_at,Dfna5
1417904_at,Dclre1a
1417905_at,Prl7a2
1417906_at,Gm10375///Gm3676///Gm10377///1700001F09Rik
1417907_at,Gm10015///Gm10705///Gm10145///Gm5858///Ube2l3
1417908_s_at,Gm10015///Gm10705///Gm10145///Gm5858///Ube2l3
1417909_at,Serpinc1
1417910_at,Ccna2
1417911_at,Ccna2
1417912_at,Emc6
1417913_at,Gins4
1417914_at,Rap2b
1417915_at,Rap2b
1417916_a_at,Timm10b
1417917_at,Cnn1
1417918_at,Mrpl11
1417919_at,Ppp1r7
1417920_at,Amn
1417921_at,Pbdc1
1417922_at,Kbtbd4
1417923_at,Pak3
1417924_at,Pak3
1417925_at,Ccl22
1417926_at,Ncapg2
1417927_at,Ddx19a
1417928_at,Pdlim4
1417929_at,Slc7a8
1417930_at,Nab2
1417931_at,Ndst2
1417932_at,Il18
1417933_at,Igfbp6
1417934_at,Dnajc4
1417935_at,Mkrn2
1417936_at,Ccl9
1417937_at,Dact1
1417938_at,Rad51ap1
1417939_at,Rad51ap1
1417940_s_at,Rad51ap1
1417941_at,Nanp
1417942_at,Lypd3
1417943_at,Gng4
1417944_at,Gng4
1417945_at,Pou5f1
1417946_at,Abhd3
1417947_at,Pcna
1417948_s_at,Ilf2
1417949_at,Ilf2
1417950_a_at,Apoa2
1417951_at,Eno3
1417952_at,Cyp2j6
1417953_at,Fam3c
1417954_at,Sst
1417955_at,Ccdc71
1417956_at,Cidea
1417957_a_at,Tspan1
1417958_at,Tspan1
1417959_at,Pdlim7
1417960_at,Cpeb1
1417961_a_at,Trim30a
1417962_s_at,Ghr
1417963_at,Pltp
1417964_at,Ap3d1
1417965_at,Plekha1
1417966_at,Mrpl39
1417967_at,Mms19
1417968_a_at,Mbd1
1417969_at,Fbxo31
1417970_at,Atp5s
1417971_at,Nrm
1417972_s_at,Pop5
1417973_at,Itih1
1417974_at,Kpna4
1417975_at,Kpna4
1417976_at,Ada
1417977_at,Eif4e3
1417978_at,Eif4e3
1417979_at,Tnmd
1417980_a_at,Insig2
1417981_at,Insig2
1417982_at,Insig2
1417983_a_at,Ube2v2
1417984_at,Ube2v2
1417985_at,Nrarp
1417986_at,Nrarp
1417987_at,Btd
1417988_at,Resp18
1417989_at,Tssk1
1417990_at,Ppp1r14d
1417991_at,Dio1
1417992_a_at,Svs3b///Svs3a
1417993_at,Svs3a
1417994_a_at,Asic2
1417995_at,Ptpn22
1417996_at,Ngb
1417997_at,Ngb
1417998_at,Gm9769///Ptges3
1417999_at,Itm2b
1418000_a_at,Itm2b
1418001_at,Itm2b
1418002_at,Higd2a
1418003_at,Rgcc
1418004_a_at,Tmem176b
1418005_at,Sdhb
1418006_at,Zc3h18
1418007_at,Paxbp1
1418008_at,Paxbp1
1418009_at,Paxbp1
1418010_a_at,Sh3glb1
1418011_a_at,Sh3glb1
1418012_at,Sh3glb1
1418013_at,Nat8f1
1418014_a_at,B4galt1
1418015_at,Pum2
1418016_at,Pum2
1418017_at,Pum2
1418018_at,Cpd
1418019_at,Cpd
1418020_s_at,Cpd
1418021_at,C4a///C4b
1418022_at,Naa15
1418023_at,Naa15
1418024_at,Naa15
1418025_at,Bhlhe40
1418026_at,Exo1
1418027_at,Exo1
1418028_at,Dct
1418029_at,Faim
1418030_at,Slco3a1
1418031_at,Myo9b
1418032_at,Itfg2
1418033_s_at,Zkscan6
1418034_at,Mrps9
1418035_a_at,Prim2
1418036_at,Prim2
1418037_at,C4bp
1418038_s_at,Dusp19
1418039_at,Rabl3
1418040_at,Tmem186
1418041_at,Tmem186
1418042_a_at,Abcc5
1418043_at,Abcc5
1418044_at,Hmgxb3
1418045_at,Inpp1
1418046_at,Nap1l2
1418047_at,Neurod6
1418048_at,1110059G10Rik
1418049_at,Ltbp3
1418050_at,Gpld1
1418051_at,Ephb6
1418052_at,Mvk
1418053_at,Sncb
1418054_at,Neurod4
1418055_at,Neurod4
1418056_at,Iqcf3
1418057_at,Tiam1
1418058_at,Adgrl4
1418059_at,Adgrl4
1418060_a_at,Mapk7
1418061_at,Ltbp2
1418062_at,Eef1a2
1418063_at,Kera
1418064_at,Tfpt
1418065_at,Rag2
1418066_at,Cfl2
1418067_at,Cfl2
1418068_at,Ndufa10
1418069_at,Apoc2
1418070_at,Cdyl
1418071_s_at,Cdyl
1418072_at,Hist1h2bg///Hist1h2be///Hist1h2bc
1418073_at,Acot9
1418074_at,St6galnac4
1418075_at,St6galnac4
1418076_at,St14
1418077_at,Trim21
1418078_at,Psme3
1418079_at,Psme3
1418080_at,B4galt2
1418081_at,Dnajc30
1418082_at,Nmt1
1418083_at,0610009B22Rik
1418084_at,Nrp1
1418085_at,Prkcz
1418086_at,Ppp1r14a
1418087_at,Ufd1l
1418088_a_at,Stx8
1418089_at,Stx8
1418090_at,Plvap
1418091_at,Tfcp2l1
1418092_s_at,Trip10
1418093_a_at,Egf
1418094_s_at,Car4
1418095_at,Smpx
1418096_at,Dok3
1418097_a_at,Crlf2
1418098_at,Adcy4
1418099_at,Tnfrsf1b
1418100_at,Chd3os
1418101_a_at,Rtn3
1418102_at,Hes1
1418103_at,Slc12a9
1418104_at,Nrip3
1418105_at,Stmn4
1418106_at,Hey2
1418107_at,Tcea2
1418108_at,Rtkn2
1418109_at,Gspt2
1418110_a_at,Inpp5d
1418111_at,Tmed11
1418112_at,Mrpl10
1418113_at,Cyp2d10
1418114_at,Rbpj
1418115_s_at,Tor1aip2
1418116_at,Tor1aip2
1418117_at,Ndufs4
1418118_at,Slc22a1
1418119_at,Rbm8a
1418120_at,Rbm8a
1418121_at,Vrk3
1418122_at,Myh11
1418123_at,Unc119
1418124_at,Emc4
1418125_at,Ino80
1418126_at,Ccl5
1418127_a_at,Aifm1
1418128_at,Adcy6
1418129_at,Dhcr24
1418130_at,Dhcr24
1418131_at,Samhd1
1418132_a_at,Ubfd1
1418133_at,Bcl3
1418134_at,Slc25a46
1418135_at,Aff1
1418136_at,Tgfb1i1
1418137_at,Mrpl57
1418138_at,Sult1d1
1418139_at,Dcx
1418140_at,Dcx
1418141_at,Dcx
1418142_at,Kcnj8
1418143_at,Vps45
1418144_a_at,Pip5k1a
1418145_at,Tfip11
1418146_a_at,Rbl2
1418147_at,Tfap2c
1418148_at,Abhd1
1418149_at,Chga
1418150_at,Mtmr4
1418151_at,Mtmr4
1418152_at,Hmgn5
1418153_at,Lama1
1418154_at,N4bp1
1418155_at,Myot
1418156_at,Kcne4
1418157_at,Nr2f1
1418158_at,Trp63
1418159_at,Tfcp2
1418160_at,Mkrn3
1418161_at,Jph3
1418162_at,Tlr4
1418163_at,Tlr4
1418164_at,Stx2
1418165_at,Itlnb///Itln1
1418166_at,Il12rb1
1418167_at,Tfap4
1418168_at,Zcchc14
1418169_at,Zcchc14
1418170_a_at,Zcchc14
1418171_at,Tceal8
1418172_at,Hebp1
1418173_at,Krt25
1418174_at,Dbp
1418175_at,Vdr
1418176_at,Vdr
1418177_at,Gabrg2
1418178_at,Ina
1418179_at,Atg3
1418180_at,Sp1
1418181_at,Ptp4a3
1418182_at,Ptp4a3
1418183_a_at,Cyth1
1418184_at,Cenpm
1418185_at,Ndufaf3
1418186_at,Gstt1
1418187_at,Ramp2
1418188_a_at,Malat1
1418189_s_at,Malat1
1418190_at,Pon1
1418191_at,Usp18
1418192_at,Mnt
1418193_at,Mnt
1418194_at,Galnt10
1418195_at,Galnt10
1418196_at,Tep1
1418197_at,Ucp1
1418198_a_at,Ipo4///Tm9sf1
1418199_at,Hemgn
1418200_at,Zbtb48
1418201_at,Plekhg2
1418202_a_at,Wiz
1418203_at,Pmaip1
1418204_s_at,Aif1
1418205_at,Thsd1
1418206_at,Sdf2l1
1418207_at,Fxyd4
1418208_at,Pax8
1418209_a_at,Pfn2
1418210_at,Pfn2
1418211_at,Oca2
1418212_at,Omg
1418213_at,Krt23
1418214_at,Klc2
1418215_at,Mep1b
1418216_at,Ggt5
1418217_at,Nme7
1418218_at,Ceacam9
1418219_at,Il15
1418220_at,Foxf2
1418221_at,Csn1s2b
1418222_at,Noa1
1418223_at,Sec11a
1418224_at,Sec11a
1418225_at,Orc2
1418226_at,Orc2
1418227_at,Orc2
1418228_at,Nfu1
1418229_s_at,Nfu1
1418230_a_at,Lims1
1418231_at,Lims1
1418232_s_at,Lims1
1418233_a_at,Trappc5
1418234_s_at,Bcas2
1418235_at,Atg5
1418236_s_at,Atg5
1418237_s_at,Col18a1
1418238_at,Ivd
1418239_at,Apof
1418240_at,Gbp2
1418241_at,Usf2
1418242_at,Faf1
1418243_at,Fcna
1418244_at,Naa20
1418245_a_at,Rbfox2
1418246_at,Rbfox2
1418247_s_at,Rbfox2
1418248_at,Gla
1418249_at,Crcp
1418250_at,Arl4d
1418251_at,Tulp3
1418252_at,Padi2
1418253_a_at,Hspa4l
1418254_at,Apip
1418255_s_at,Srf
1418256_at,Srf
1418257_at,Slc12a7
1418258_s_at,Dynll2
1418259_a_at,Entpd2
1418260_at,Hunk
1418261_at,Syk
1418262_at,Syk
1418263_at,Ddx25
1418264_at,Cenpk
1418265_s_at,Irf2
1418266_at,Alox12b
1418267_at,Mst1
1418268_at,Htr3a
1418269_at,Loxl3
1418270_at,Adamts8
1418271_at,Bhlhe22
1418272_at,Oxct2a
1418273_a_at,Gm12191///Gm7429///Gm6570///Gm6109///Gm5481///Rpl30
1418274_at,Nutf2-ps1///Gm9386///Nutf2-ps2///Nutf2
1418275_a_at,Elf2
1418276_at,Elf2
1418277_at,Rp9
1418278_at,Apoc3
1418279_a_at,Akap1
1418280_at,Klf6
1418281_at,Rad51
1418282_x_at,Serpina1b
1418283_at,Cldn4
1418284_at,Vps72
1418285_at,Efnb1
1418286_a_at,Efnb1
1418287_a_at,Dmbt1
1418288_at,Lpin1
1418289_at,Nes
1418290_a_at,Ezh1
1418291_at,Zfp87
1418292_at,Asna1
1418293_at,Ifit2
1418294_at,Epb41l4b
1418295_s_at,Dgat1
1418296_at,Fxyd5
1418297_at,Dpysl4
1418298_s_at,Dpysl4
1418299_at,Dpysl4
1418300_a_at,Mknk2
1418301_at,Irf6
1418302_at,Ppt2
1418303_at,H2afb1
1418304_at,Cdhr1
1418305_s_at,Gar1
1418306_at,Crybb1
1418307_a_at,Sbpl///Sbp
1418308_at,Hus1
1418309_at,Tnfrsf11b
1418310_a_at,Rlbp1
1418311_at,Fn3k
1418312_at,Zfp276
1418313_at,Zfp276
1418314_a_at,Rbfox1
1418315_at,Nr5a1
1418316_a_at,Mark3
1418317_at,Lhx2
1418318_at,Rnf128
1418319_at,Ufsp2
1418320_at,Prss8
1418321_at,Eci1
1418322_at,Crem
1418323_at,Fem1b
1418324_at,Fem1b
1418325_at,Sephs2
1418326_at,Slc7a5
1418327_at,Sdhaf4
1418328_at,Gm44502///Cpt1b///Chkb
1418329_at,Pgpep1
1418330_at,Ctcf
1418331_at,Ogfod3
1418332_a_at,Agtpbp1
1418333_at,Mtf1
1418334_at,Dbf4
1418335_a_at,Ovca2///Dph1
1418336_at,Afg3l1
1418337_at,Rpia
1418338_at,Wdr33
1418339_at,Recql
1418340_at,Fcer1g
1418341_at,Rab4a
1418342_at,Rfc1
1418343_at,Gtf2ird2
1418344_at,Tmem8
1418345_at,Tnfsfm13///Tnfsf13///Tnfsf12
1418346_at,Insl6
1418347_at,Ppp1r3f///Ccdc22
1418348_a_at,Ascc2
1418349_at,Hbegf
1418350_at,Hbegf
1418351_a_at,Dnmt3b
1418352_at,Hsd17b2
1418353_at,Cd5
1418354_at,Cog1
1418355_at,Nucb2
1418356_at,Mpst
1418357_at,Foxg1
1418358_at,Smcp
1418359_at,Wbscr27
1418360_at,Rnf112
1418361_at,Gas8
1418362_at,Zfp42
1418363_at,Lalba
1418364_a_at,LOC100862446///Ftl1-ps2///Ftl1
1418365_at,Ctsh
1418366_at,Hist2h2aa2
1418367_x_at,Hist2h2aa2
1418368_at,Retnlb
1418369_at,Prim1
1418370_at,Tnnc1
1418371_at,Dynll2
1418372_at,Adsl
1418373_at,Pgam2
1418374_at,Fxyd3
1418375_at,Mbd6
1418376_at,Fgf15
1418377_a_at,Siva1
1418378_at,Bpifb2
1418379_s_at,Adgra2
1418380_at,Terf1
1418381_at,Zfp148
1418382_at,Apcdd1
1418383_at,Apcdd1
1418384_at,Apool
1418385_at,Cuedc2
1418386_at,Eef1akmt1
1418387_at,Mphosph8
1418388_s_at,Mphosph8
1418389_at,Fam220a
1418390_at,Phf21a
1418391_at,Phf21a
1418392_a_at,Gbp3
1418393_a_at,Itga7
1418394_a_at,Adgre5
1418395_at,Slc47a1
1418396_at,Gpsm3
1418397_at,Zfp275
1418398_a_at,Tspan32
1418399_at,Kctd9
1418400_at,Larp6
1418401_a_at,Dusp16
1418402_at,Adam19
1418403_at,Adam19
1418404_at,Rad9a
1418405_at,Hgfac
1418406_at,Pde8a
1418407_at,Pde8a
1418408_at,Zfand1
1418409_at,Jrk
1418410_at,Jrk
1418411_at,Fbxl8
1418412_at,Tpd52l1
1418413_at,Cav3
1418414_at,Kcnh1
1418415_at,Hoxb5
1418416_x_at,Psg23
1418417_at,Msc
1418418_a_at,Prl8a6
1418419_at,Fbxl20
1418420_at,Myod1
1418421_at,Bcl6b
1418422_at,Serpinb9g
1418423_s_at,Gm11397///Serpinb9g///Serpinb9e///Serpinb9f
1418424_at,Tnfaip6
1418425_at,Sp7
1418426_at,Gtf2a1l
1418427_at,Kif5b
1418428_at,Kif5b
1418429_at,Kif5b
1418430_at,Kif5b
1418431_at,Kif5b
1418432_at,Cab39
1418433_at,Cab39
1418434_at,Mkrn1
1418435_at,Mkrn1
1418436_at,Stx7
1418437_a_at,Mlx
1418438_at,Fabp2
1418439_at,Mrpl42
1418440_at,Col8a1
1418441_at,Col8a1
1418442_at,Xpo1
1418443_at,Xpo1
1418444_a_at,Gde1
1418445_at,Slc16a2
1418446_at,Slc16a2
1418447_at,Golga5
1418448_at,Rras
1418449_at,Lad1
1418450_at,Islr
1418451_at,Gng2
1418452_at,Gng2
1418453_a_at,Atp1b1
1418454_at,Mfap5
1418455_at,Copz2
1418456_a_at,Cxcl14
1418457_at,Cxcl14
1418458_at,Anapc7
1418459_at,Ccdc91
1418460_at,Sh3d19
1418461_at,Sh3d19
1418462_at,Exosc9
1418463_at,Pik3r2
1418464_at,Matn4
1418465_at,Ncf4
1418466_at,Rnf141
1418467_at,Smarcd3
1418468_at,Gm2274///Gm2260///Anxa11
1418469_at,Nrip1
1418470_at,Yes1
1418471_at,Pgf
1418472_at,Aspa
1418473_at,Cutc
1418474_at,Emc9
1418475_at,Scnn1b
1418476_at,Crlf1
1418477_at,Matn1
1418478_at,Lmo1
1418479_at,Vps54
1418480_at,Ppbp
1418481_at,Pkmyt1
1418482_at,Cyb561d2
1418483_a_at,Ggta1
1418484_at,Tekt2
1418485_at,Slc4a3
1418486_at,Vnn1
1418487_at,Ripk4
1418488_s_at,Ripk4
1418489_a_at,Calcrl
1418490_at,Sdsl
1418491_a_at,Pus3
1418492_at,Grem2
1418493_a_at,Snca
1418494_at,Ebf2
1418495_at,Zc3h8
1418496_at,Foxa1
1418497_at,Fgf13
1418498_at,Fgf13
1418499_a_at,Kcne3
1418500_at,Nap1l3
1418501_a_at,Oxr1
1418502_a_at,Oxr1
1418503_at,Hspa9
1418504_at,Hspa9
1418505_at,Nudt4
1418506_a_at,Prdx2
1418507_s_at,Socs2
1418508_a_at,Grb2
1418509_at,Cbr2
1418510_s_at,Fbxo8
1418511_at,Dpt
1418512_at,Stk3
1418513_at,Stk3
1418514_at,Mtf2
1418515_at,Mtf2
1418516_at,Mtf2
1418517_at,Irx3
1418518_at,Furin
1418519_at,Aadat
1418520_at,Tgoln2///Tgoln1
1418521_a_at,Mtx1
1418522_at,Mtx1
1418523_at,Arih2
1418524_at,Pcm1
1418525_at,Pcm1
1418526_at,Srsf10
1418527_a_at,Srsf10
1418528_a_at,Dad1
1418529_at,Osgep
1418530_at,Nup160
1418531_at,Oosp1
1418532_at,Fzd2
1418533_s_at,Fzd2
1418534_at,Fzd2
1418535_at,Rgl1
1418536_at,H2-Q9///H2-Q7
1418537_at,Isoc2b
1418538_at,Kdelr3
1418539_a_at,Ptpre
1418540_a_at,Ptpre
1418541_at,Cenpo
1418542_s_at,Cenpo
1418543_s_at,Ccdc43
1418544_at,Kcnip3
1418545_at,Wasf1
1418546_a_at,Stambpl1
1418547_at,Tfpi2
1418548_at,Svs6
1418549_at,Cga
1418550_x_at,Defa29
1418551_at,Mybpc3
1418552_at,Opn1sw
1418553_at,Arhgef18
1418554_at,Gpr182
1418555_x_at,Spic
1418556_at,Capza3
1418557_s_at,Tssk3
1418558_at,Rax
1418559_at,Prss39
1418560_at,Pdha1
1418561_at,Sf3b1
1418562_at,Sf3b1
1418563_at,Serbp1
1418564_s_at,Serbp1
1418565_at,Serbp1
1418566_s_at,Nudcd2
1418567_a_at,Srp14
1418568_x_at,Srp14
1418569_at,Fblim1
1418570_at,Ncstn
1418571_at,Tnfrsf12a
1418572_x_at,Tnfrsf12a
1418573_a_at,Raly
1418574_a_at,Shfm1
1418575_at,Shfm1
1418576_at,Yipf5
1418577_at,Trim8
1418578_at,Dgka
1418579_at,Cetn2
1418580_at,Rtp4
1418581_a_at,Limk2
1418582_at,Cbfa2t3
1418583_at,Hint3
1418584_at,Ccnh
1418585_at,Ccnh
1418586_at,Adcy9
1418587_at,Traf3
1418588_at,Nrsn1
1418589_a_at,Mlf1
1418590_at,Kpna6
1418591_at,Dnaja4
1418592_at,Dnaja4
1418593_at,Taf6
1418594_a_at,Ncoa1
1418595_at,Plin4
1418596_at,Fgfr4
1418597_at,Top3a
1418598_at,Ubox5
1418599_at,Col11a1
1418600_at,Klf1
1418601_at,Aldh1a7
1418602_at,Cdh15
1418603_at,Avpr1a
1418604_at,Avpr1a
1418605_at,Nr2c1
1418606_at,Hoxd10
1418607_at,Zkscan14
1418608_at,Calml3
1418609_at,Il1f6
1418610_at,Slc17a6
1418611_at,Gpr162
1418612_at,Slfn1
1418613_at,Kcnj1
1418614_at,Kcnj1
1418615_at,Astn1
1418616_at,Mafk
1418617_x_at,Clgn
1418618_at,En1
1418619_at,Icam5
1418620_at,Phox2a
1418621_at,Rab2a
1418622_at,Rab2a
1418623_at,Rab2a
1418624_at,Ybx1
1418625_s_at,Gapdh-ps15///Gm12070///Gm5523///3000002C10Rik///Gapdh
1418626_a_at,Clu
1418627_at,Gclm
1418628_at,Khdrbs1
1418629_a_at,Khdrbs1
1418630_at,Khdrbs1
1418631_at,Ube2h
1418632_at,Ube2h
1418633_at,Notch1
1418634_at,Notch1
1418635_at,Etv3
1418636_at,Etv3
1418637_at,Etv3
1418638_at,LOC102642102///H2-DMb2///H2-DMb1
1418639_at,Sftpc
1418640_at,Sirt1
1418641_at,Lcp2
1418642_at,Lcp2
1418643_at,Tspan13
1418644_a_at,Stk11
1418645_at,Hal
1418646_at,Gnl1
1418647_at,Gnl1
1418648_at,Egln3
1418649_at,Egln3
1418650_at,Spata6
1418651_at,Spata6
1418652_at,Cxcl9
1418653_at,Cyp2c50
1418654_at,Hao2
1418655_at,B4galnt1
1418656_at,Gm7846///Lsm5
1418657_at,Ino80b
1418658_at,Rmdn1
1418659_at,Clock
1418660_at,Clock
1418661_at,Abhd2
1418662_at,Tceanc2
1418663_at,Mpdz
1418664_at,Mpdz
1418665_at,Impa2
1418666_at,Ptx3
1418667_at,Trappc13
1418668_at,Acsm1
1418669_at,Hspg2
1418670_s_at,Hspg2
1418671_at,Capn5
1418672_at,Akr1c13
1418673_at,Snai2
1418674_at,Osmr
1418675_at,Osmr
1418676_at,Isl2
1418677_at,Actn3
1418678_at,Has2
1418679_at,Gzmf
1418680_at,Serpind1
1418681_at,Alg13
1418682_at,Adad1
1418683_at,Lin7b
1418684_at,Zfp33b
1418685_at,Tirap
1418686_at,Oas1c
1418687_at,Arc
1418688_at,Calcr
1418689_at,Cts6
1418690_at,Ptprz1
1418691_at,Rgs9
1418692_at,Rab8a
1418693_at,Hnrnpc
1418694_at,Kcmf1
1418695_a_at,Kcmf1
1418696_at,Ttc36
1418697_at,Inmt
1418698_a_at,Fech
1418699_s_at,Fech
1418700_at,Lias
1418701_at,Comt
1418702_a_at,2810428I15Rik
1418703_at,Rbms1
1418704_at,S100a13
1418705_at,Crx
1418706_at,Slc38a3
1418707_at,Bag4
1418708_at,Apoc4
1418709_at,Cox7a1
1418710_at,Cd59a
1418711_at,Pdgfa
1418712_at,Cdc42ep5
1418713_at,Pcbd1
1418714_at,Dusp8
1418715_at,Pank1
1418716_at,Mrps25
1418717_at,Mrps25
1418718_at,Cxcl16
1418719_at,Haus8
1418720_at,Cops7b
1418721_at,Cops7b
1418722_at,Ngp
1418723_at,Lpar3
1418724_at,Cfi
1418725_at,Dnajc5b
1418726_a_at,Tnnt2
1418727_at,Nup155
1418728_at,Star
1418729_at,Star
1418730_at,Rlim
1418731_at,Rlim
1418732_s_at,Wdr83
1418733_at,Twist1
1418734_at,H2-Q2
1418735_at,Krt4
1418736_at,B3galnt1
1418737_at,Nudt2
1418738_at,Scn1b
1418739_at,Sgk2
1418740_at,Spert
1418741_at,Itgb7
1418742_at,Krt34
1418743_a_at,Tesc
1418744_s_at,Tesc
1418745_at,Omd
1418746_at,Pnkd
1418747_at,Spi1
1418748_at,Casp14
1418749_at,Psd3
1418750_at,Plxnb3
1418751_at,Sit1
1418752_at,Aldh3a1
1418753_at,Gfpt2
1418754_at,Adcy8
1418755_at,Tbx15
1418756_at,Trh
1418757_at,Trim69
1418758_a_at,Cyth3
1418759_at,Ptpn20
1418760_at,Rdh11
1418761_at,Igf2bp1
1418762_at,Cd55
1418763_at,Nit2
1418764_a_at,Bpnt1
1418765_at,Timd2
1418766_s_at,Timd2
1418767_at,Cyp4f13
1418768_at,Opa1
1418769_at,Myoz2
1418770_at,Cd2
1418771_a_at,Cpb2
1418772_at,Fam208b
1418773_at,Fads3
1418774_a_at,Atp7a
1418775_at,AI837181
1418776_at,Gbp8
1418777_at,Ccl25
1418778_at,Ccdc109b
1418779_at,Rce1
1418780_at,Cyp39a1
1418781_at,Nat9
1418782_at,Rxrg
1418783_at,Trpm5
1418784_at,Grik5
1418785_at,Mapk8ip2
1418786_at,Mapk8ip2
1418787_at,Mbl2
1418788_at,Tek
1418789_at,Sntg2
1418790_at,Fezf2
1418791_at,Sh3gl2
1418792_at,Sh3gl2
1418793_at,Idua
1418794_at,Cds2
1418795_at,Cds2
1418796_at,Clec11a
1418797_at,Ms4a8a
1418798_s_at,Srpk3
1418799_a_at,Col17a1
1418800_at,Bhlha15
1418801_at,Zkscan1
1418802_at,R74862
1418803_a_at,Fasl
1418804_at,Sucnr1
1418805_at,Sct
1418806_at,Csf3r
1418807_at,3110070M22Rik
1418808_at,Rdh5
1418809_at,Pirb///Pira5///Pira2///Pira11///Pira1
1418810_at,Crhr1
1418811_at,Barhl1
1418812_a_at,Barhl1
1418813_at,Serpina5
1418814_s_at,Ndufa12
1418815_at,Cdh2
1418816_at,Chmp1b
1418817_at,Chmp1b
1418818_at,Aqp5
1418819_at,Arl8b
1418820_s_at,Zcchc10
1418821_at,Cyp2a12
1418822_a_at,Arf6
1418823_at,Arf6
1418824_at,Arf6
1418825_at,Irgm1
1418826_at,Ms4a6b
1418827_at,Eri1
1418828_at,Eri1
1418829_a_at,Eno2
1418830_at,Cd79a
1418831_at,Pkp3
1418832_at,Pkp3
1418833_at,Agxt
1418834_at,Bloc1s4
1418835_at,Phlda1
1418836_at,Qprt
1418837_at,Qprt
1418838_at,Abcd1
1418839_at,Glmn
1418840_at,Pdcd4
1418841_s_at,Cdk11b
1418842_at,Hcls1
1418843_at,Slc30a4
1418844_at,Alg9
1418845_at,Proc
1418846_at,Ap4m1
1418847_at,Arg2
1418848_at,Aqp7
1418849_x_at,Aqp7
1418850_at,Epc1
1418851_at,Trim39
1418852_at,Chrna1
1418853_at,Apon
1418854_at,Birc2
1418855_at,Lce1l
1418856_a_at,Fanca
1418857_at,Slc13a2
1418858_at,Aox3
1418859_at,Rfxap
1418860_a_at,Letmd1
1418861_at,Pias4
1418862_at,Echdc3
1418863_at,Gata4
1418864_at,Gata4
1418865_at,Zfp385a
1418866_at,Cyp24a1
1418867_at,Cyp24a1
1418868_at,En2
1418869_a_at,Pus1
1418870_at,Ppp1r32
1418871_a_at,Phgr1
1418872_at,Abcb1b
1418873_at,Sfxn4
1418874_a_at,Psmd4
1418875_at,Syngr4
1418876_at,Foxd1
1418878_at,Acrv1
1418879_at,Fam110c
1418880_at,Gfra3
1418881_at,Necab2
1418882_at,Nlrp5
1418883_a_at,Pabpc1
1418884_x_at,Tuba1a
1418885_a_at,Idh3b
1418886_s_at,Idh3b
1418887_a_at,Fam104a
1418888_a_at,Msrb1
1418889_a_at,Csnk1d
1418890_a_at,Rab3d
1418891_a_at,Rab3d
1418892_at,Rhoj
1418893_at,Pbx2
1418894_s_at,Pbx2
1418895_at,Skap2
1418896_a_at,Rpn2
1418897_at,F2
1418898_at,Lin7c
1418899_at,Ufm1
1418900_at,Ufm1
1418901_at,Cebpb
1418902_at,Chid1
1418903_at,Aqp2
1418904_at,Gfpt1
1418905_at,Nubp1
1418906_at,Nubp1
1418907_at,F5
1418908_at,Pam
1418909_at,Ermap
1418910_at,Bmp7
1418911_s_at,Acsl4
1418912_at,Plxdc2
1418913_at,Bhmt2
1418914_s_at,Bhmt2
1418915_at,Mmachc
1418916_a_at,Spp2
1418917_at,Hebp2
1418918_at,Igfbp1
1418919_at,Sgol1
1418920_at,Cldn15
1418921_at,Cadm3
1418922_at,Cadm3
1418923_at,Slc17a3
1418924_at,Rassf7
1418925_at,Celsr1
1418926_at,Zeb1
1418927_a_at,Habp4
1418928_a_at,Mettl21a
1418929_at,Ift57
1418930_at,Cxcl10
1418931_at,Reg4
1418932_at,Nfil3
1418933_at,Slc1a6
1418934_at,Mab21l2
1418935_at,Trpm1
1418936_at,Maff
1418937_at,Dio2
1418938_at,Dio2
1418939_at,Hlx
1418940_at,Sult1b1
1418941_at,Pcdhb22
1418942_at,Ift74
1418943_at,Zak
1418944_at,Cysltr1
1418945_at,Mmp3
1418946_at,St3gal1
1418947_at,Nek3
1418948_at,Fscn3
1418949_at,Gdf15
1418950_at,Drd2
1418951_at,Txlnb
1418952_at,Txlnb
1418953_at,Fbxo16
1418954_at,Camkk1
1418955_at,Zfp93
1418956_at,Tssk6
1418957_at,Stac
1418958_at,Slc35g3
1418959_at,Tmprss5
1418960_at,Phf20l1
1418961_at,Necap2
1418962_at,Necap2
1418963_at,Fam188a
1418964_at,Pigm
1418965_at,Nosip
1418966_a_at,Dcbld1
1418967_a_at,St7
1418968_at,Rb1cc1
1418969_at,Skp2
1418970_a_at,Bcl10
1418971_x_at,Bcl10
1418972_at,Bcl10
1418973_at,Blzf1
1418974_at,Blzf1
1418975_at,Nckipsd
1418976_s_at,Cideb
1418977_at,Sap30bp
1418978_at,Sap30bp
1418979_at,Akr1c14
1418980_a_at,Cnp
1418981_at,Casp12
1418982_at,Cebpa
1418983_at,Inadl
1418984_at,Inadl
1418985_at,Cttnbp2nl
1418986_a_at,Uxt
1418987_at,Pla2g2d
1418988_at,Pex7
1418989_at,Ctse
1418990_at,Ms4a4d
1418991_at,Bak1
1418992_at,F10
1418993_s_at,F10
1418994_at,Gtsf1l
1418995_at,Neurod2
1418996_a_at,Lyrm5
1418997_at,Lyrm5
1418998_at,Kmo
1418999_at,2310033P09Rik
1419000_at,Cpxm2
1419001_at,Baat
1419002_s_at,Baat
1419003_at,Bves
1419004_s_at,Bcl2a1d///Bcl2a1b///Bcl2a1a
1419005_at,Crybb3
1419006_s_at,Peli2
1419007_at,Zp3
1419008_at,Npy5r
1419009_at,Actl7a
1419010_x_at,Klk1b5
1419011_at,Cryba2
1419012_at,Zfpm2
1419013_at,Gpatch1
1419014_at,Rhag
1419015_at,Wisp2
1419016_at,1700034I23Rik
1419017_at,Corin
1419018_at,Rhox6
1419019_a_at,Akap4
1419020_at,Gif
1419021_at,Mcf2
1419022_a_at,Eno1b///Eno1
1419023_x_at,Eno1
1419024_at,Gm13363///Ptp4a1
1419025_at,Sag
1419026_at,Daxx
1419027_s_at,Gltp
1419028_at,Arpp21
1419029_at,Ero1l
1419030_at,Ero1l
1419031_at,Fads2
1419032_at,Stk26
1419033_at,Stk26
1419034_at,Csnk2a1
1419035_s_at,Csnk2a1
1419036_at,Csnk2a1
1419037_at,Csnk2a1
1419038_a_at,Csnk2a1
1419039_at,Cyp2d22
1419040_at,Cyp2d22
1419041_at,Itfg1
1419042_at,Iigp1
1419043_a_at,Iigp1
1419044_at,Cntnap4
1419045_at,Slc25a23
1419046_at,Hgh1
1419047_at,Pcnx
1419048_at,Pcnx
1419049_at,Pcnx
1419050_at,Tmem8c
1419051_at,Ovol1
1419052_at,Ovol1
1419053_at,Pex14
1419054_a_at,Ptpn21
1419055_a_at,Ptpn21
1419056_at,Rtn2
1419057_at,Slc5a1
1419058_at,Polr1e
1419059_at,Apcs
1419060_at,Gzmb
1419061_at,Rhod
1419062_at,Epb41l3
1419063_at,Ugt8a
1419064_a_at,Ugt8a
1419065_at,Nepn
1419066_at,Ier5l
1419067_a_at,Rabgef1
1419068_at,Rabgef1
1419069_at,Rabgef1
1419070_at,Cys1
1419071_at,Cys1
1419072_at,Gstm7
1419073_at,Tmeff2
1419074_at,Chac2
1419075_s_at,Saa1
1419076_a_at,Brca2
1419077_at,Mpp3
1419078_at,Nin
1419079_at,Scnn1g
1419080_at,Gdnf
1419081_at,Atg10
1419082_at,Serpinb2
1419083_at,Tnfsf11
1419084_a_at,Pcp2
1419085_at,Pcp2
1419086_at,Fgfbp1
1419087_s_at,Sf3a1
1419088_at,Timp3
1419089_at,Timp3
1419090_x_at,Klk1b26///Egfbp2
1419091_a_at,Anxa2
1419092_a_at,Slk
1419093_at,Tdo2
1419094_at,Cyp2c37
1419095_a_at,Apom
1419096_at,Apom
1419097_a_at,Stom
1419098_at,Stom
1419099_x_at,Stom
1419100_at,Serpina3n
1419101_at,Sin3a
1419102_at,Sin3a
1419103_a_at,Abhd6
1419104_at,Abhd6
1419105_at,Nr1h4
1419106_at,2210409E12Rik///Coil
1419107_at,Ophn1
1419108_at,Ophn1
1419109_at,Hrc
1419110_at,Riok1
1419111_at,Ing2
1419112_at,Nlk
1419113_at,Ap1g2
1419114_at,Alg14
1419115_at,Alg14
1419116_at,Alg14
1419117_at,Slc22a2
1419118_at,Vstm2b
1419119_at,Hcst
1419120_at,Lyl1
1419121_at,Tpmt
1419122_at,Mettl1
1419123_a_at,Pdgfc
1419124_at,Mfsd6
1419125_at,Ptpn18
1419126_at,Hoxd9
1419127_at,Npy
1419128_at,Itgax
1419129_at,Slc22a13
1419130_at,Adat2
1419131_at,F13b
1419132_at,Tlr2
1419133_at,Evpl
1419134_at,Rhbg
1419135_at,Ltb
1419136_at,Akr1c18
1419137_at,Shank3
1419138_at,B3galt4
1419139_at,Gdf5
1419140_at,Acvr2b
1419141_at,Crygd
1419142_at,Ctsr
1419143_at,Cypt7///Cypt8///Cypt1
1419144_at,Cd163
1419145_at,Smtnl1
1419146_a_at,Gck
1419147_at,Rec8
1419148_at,Avil
1419149_at,Serpine1
1419150_at,Myf6
1419151_at,Gm3402///Gm6370///Gm6309///4930449I24Rik
1419152_at,2810417H13Rik
1419153_at,2810417H13Rik
1419154_at,Tmprss2
1419155_a_at,Sox4
1419156_at,Sox4
1419157_at,Sox4
1419158_a_at,Hars2
1419159_at,Golga3
1419160_at,Golga3
1419161_a_at,Nox4
1419162_s_at,Dnajc3
1419163_s_at,Dnajc3
1419164_at,Zfp260
1419165_at,Zfp260
1419166_at,Slc5a2
1419167_at,Prap1
1419168_at,Mapk6
1419169_at,Mapk6
1419170_at,Fam174a
1419171_at,Fam174a
1419172_at,Dhfr
1419173_at,Acy1
1419174_at,2410004B18Rik
1419175_a_at,Btn1a1
1419176_at,Vps37a
1419177_at,Vps37a
1419178_at,Cd3g
1419179_at,Txnl4a
1419180_at,Bcl9l
1419181_at,Zfp326
1419182_at,Svep1
1419183_at,Papd4
1419184_a_at,Fhl2
1419185_a_at,Mlxipl
1419186_a_at,St8sia4
1419187_at,Gm14475///Gm14478///Gm14482///Gm14479///Gm14476///Gm14477///Gm14474///Gm14483///Gm14484///Gm14501///1700012L04Rik
1419188_s_at,LOC100861978///Ccl27b///Gm2506///Gm13306///Ccl27a
1419189_at,Vti1a
1419190_at,Vti1a
1419191_at,Hipk3
1419192_at,Gm21948///Il4i1
1419193_a_at,Gm9835///Gmfg
1419194_s_at,Gm9835///Gmfg
1419195_at,Wfdc15b
1419196_at,Hamp
1419197_x_at,Hamp
1419198_at,Cbx8
1419199_at,Cbx8
1419200_at,Fxyd7
1419201_at,Klk11
1419202_at,Cst7
1419203_at,Map2k3os
1419204_at,Dll1
1419205_x_at,Gpatch4
1419206_at,Cd37
1419207_at,Zfp37
1419208_at,Map3k8
1419209_at,Cxcl1
1419210_at,Hrh1
1419211_s_at,Asun
1419212_at,Icosl
1419213_at,Nat6///Hyal1
1419214_at,Tnfrsf11a
1419215_at,Aox4
1419216_at,Cep131
1419217_at,Sergef
1419218_at,Vangl2
1419219_at,Cyp4f18
1419220_at,Xirp1
1419221_a_at,Rgs14
1419222_at,Tbxa2r
1419223_a_at,Dtna
1419224_at,Cecr6
1419225_at,Cacna2d3
1419226_at,Cd96
1419227_at,Cct6b
1419228_at,Elac1
1419229_at,Rhox4a2///Rhox4d///Rhox4a///Rhox4g///Rhox4f///Rhox4c///Rhox4e///Rhox4b
1419230_at,Krt12
1419231_s_at,Krt12
1419232_a_at,Apoa1
1419233_x_at,Apoa1
1419234_at,Helb
1419235_s_at,Helb
1419236_at,Helb
1419237_at,Usp29
1419238_at,Abca7
1419239_at,Zfp54
1419240_at,Tex14
1419241_a_at,Aire
1419242_at,9530002B09Rik
1419243_at,Rab14
1419244_a_at,Rab14
1419245_at,Rab14
1419246_s_at,Rab14
1419247_at,Rgs2
1419248_at,Rgs2
1419249_at,Cdk14
1419250_a_at,Cdk14
1419251_at,Eps15
1419252_at,Eps15
1419253_at,Mthfd2
1419254_at,Mthfd2
1419255_at,Sptbn1
1419256_at,Sptbn1
1419257_at,Tcea1
1419258_at,Tcea1
1419259_at,Rsu1
1419260_a_at,Snrpb
1419261_at,Acad8
1419262_at,Acad8
1419263_a_at,Adrm1
1419264_at,Poc5
1419265_at,Poc5
1419266_at,Nfyb
1419267_at,Nfyb
1419268_at,Agr2
1419269_at,Dut
1419270_a_at,Dut
1419271_at,Pax6
1419272_at,Myd88
1419273_at,Uri1
1419274_at,Uri1
1419275_at,Dazap1
1419276_at,Enpp1
1419277_at,Usp48
1419278_at,Usp48
1419279_at,Pip4k2a
1419280_at,Pip4k2a
1419281_a_at,Zpr1
1419282_at,Ccl12
1419283_s_at,Tns1
1419284_at,Cyhr1
1419285_s_at,Cyhr1
1419286_s_at,Ift81
1419287_at,Tmem208
1419288_at,Jam2
1419289_a_at,Syngr1
1419290_at,Mettl6
1419291_x_at,Gas5
1419292_at,Htra3
1419293_at,Dscam
1419294_at,1700011H14Rik
1419295_at,Creb3l1
1419296_at,Arhgap4
1419297_at,H2-Oa
1419298_at,Pon3
1419299_at,Borcs7
1419300_at,Flt1
1419301_at,Fzd4
1419302_at,Heyl
1419303_at,Heyl
1419304_at,T
1419305_a_at,Fbxo36
1419306_at,Ccdc96
1419307_at,Tnfrsf13c
1419308_at,Invs
1419309_at,Pdpn
1419310_s_at,Rfxank
1419311_at,Trim10
1419312_at,Atp2a1
1419313_at,Ccnt1
1419314_at,Tinag
1419315_at,Slamf9
1419316_s_at,Gnb1l
1419317_x_at,Lce3c
1419318_at,Saa4
1419319_at,Saa4
1419320_at,Chst5
1419321_at,F7
1419322_at,Fgd6
1419323_at,Padi1
1419324_at,Lhx9
1419325_at,Nmu
1419326_at,1700028P14Rik
1419327_at,Pdxdc1
1419328_at,Sema4f
1419329_at,Sorbs3
1419330_a_at,Gpa33
1419331_at,Cdh17
1419332_at,Egfl6
1419333_at,Rita1
1419334_at,Ctla4
1419335_at,Zfp85os
1419336_at,Lcn5
1419337_at,1700080E11Rik
1419338_at,BC051019
1419339_at,Neu3
1419340_at,Mov10l1
1419341_at,Epha8
1419342_at,Tram2
1419343_at,Slc15a1
1419344_at,Tcte1
1419345_at,Pth
1419346_a_at,Svs5
1419347_x_at,Svs5
1419348_at,Bpifa2
1419349_a_at,Cyp2d9
1419350_at,Hook2
1419351_a_at,l7Rn6
1419352_at,l7Rn6
1419353_at,Dpm1
1419354_at,Klf7
1419355_at,Klf7
1419356_at,Klf7
1419357_at,Isy1
1419358_at,Sorcs2
1419359_at,Hexim1
1419360_a_at,Ss18
1419361_at,Ss18
1419362_at,Mrpl35
1419363_a_at,Mrpl35
1419364_a_at,Rps7
1419365_at,Pex11a
1419366_at,Zmat5
1419367_at,Decr1
1419368_a_at,Rnf138
1419369_at,Rnf138
1419370_a_at,Mfap1b///Mfap1a
1419371_s_at,Gosr2
1419372_at,Gosr2
1419373_at,Atp6v1b1
1419374_at,Wbp4
1419375_at,Wbp4
1419376_at,Fibin
1419377_at,Med9
1419378_a_at,Fxyd2
1419379_x_at,Fxyd2
1419380_at,Zfp423
1419381_at,Terf2ip
1419382_a_at,Dhrs4
1419383_at,S100b
1419384_at,Pick1
1419385_a_at,Ubqln1
1419386_at,Muc13
1419387_s_at,Muc13
1419388_at,Tm4sf20
1419389_at,Pde10a
1419390_at,Pde10a
1419391_at,Myog
1419392_at,Pclo
1419393_at,Abcg5
1419394_s_at,S100a8
1419395_at,Acot12
1419396_at,Arid3a
1419397_at,Pola1
1419398_a_at,Reep5
1419399_at,Mttp
1419400_at,Mttp
1419401_at,Asb13
1419402_at,Mns1
1419403_at,Smco4
1419404_s_at,Siah1b///Siah1a
1419405_at,Nmb
1419406_a_at,Bcl11a
1419407_at,Hc
1419408_at,Six6
1419409_at,Lce1b
1419410_at,Batf
1419411_at,Tac2
1419412_at,Xcl1
1419413_at,Ccl17
1419414_at,Gng13
1419415_a_at,Rarg
1419416_a_at,Rarg
1419417_at,Vegfc
1419418_a_at,Morc1
1419419_at,Fam50b
1419420_at,St6galnac5
1419421_at,Ank1
1419422_at,Pkd2l2
1419423_at,Stab2
1419424_at,Ptf1a
1419425_at,Cnr1
1419426_s_at,Gm21541///Gm1987///Gm13304///Gm10591///Ccl21b///LOC100041593///LOC100041504///Ccl21c///Ccl21a
1419427_at,Csf3
1419428_a_at,Gaa
1419429_at,Cntfr
1419430_at,Cyp26a1
1419431_at,Ereg
1419432_at,Spam1
1419433_at,Nthl1
1419434_at,Slc2a10
1419435_at,Aox1
1419436_at,Cfhr1
1419437_at,Sim2
1419438_at,Sim2
1419439_at,Tsks
1419440_at,Trim54
1419441_at,Rplp0
1419442_at,Matn2
1419443_at,Sap18b///Sap18
1419444_at,Sap18b///Sap18
1419445_s_at,Sap18b///Sap18
1419446_at,Tbc1d1
1419447_s_at,Tbc1d1
1419448_at,Tbc1d1
1419449_a_at,Gnai2
1419450_at,Gm12538///Ormdl3
1419451_at,Fzr1
1419452_at,Uchl5
1419453_at,Uchl5
1419454_x_at,Pias2
1419455_at,Il10rb
1419456_at,Dcxr
1419457_at,Arhgef28
1419458_at,Arhgef28
1419459_a_at,Magt1
1419460_at,Rpp14
1419461_at,Rpp14
1419462_s_at,Cfap20
1419463_at,Clca3a2
1419464_at,Wdr86
1419465_at,Nkd2
1419466_at,Nkd2
1419467_at,Clec14a
1419468_at,Clec14a
1419469_at,Gnb4
1419470_at,Gnb4
1419471_a_at,Nudc
1419472_s_at,Nudc
1419473_a_at,Cck
1419474_a_at,Ehf
1419475_a_at,Ehf
1419476_at,Adamdec1
1419477_at,Clec2d
1419478_at,Sectm1b
1419479_at,Sectm1b
1419480_at,Sell
1419481_at,Sell
1419482_at,C3ar1
1419483_at,C3ar1
1419484_a_at,Gbas
1419485_at,Foxc1
1419486_at,Foxc1
1419487_at,Mybph
1419488_at,Tnip2
1419489_at,Fam19a5
1419490_at,Fam19a5
1419491_at,Defb1
1419492_s_at,Defb1
1419493_a_at,Tpd52
1419494_a_at,Tpd52
1419495_at,Immp2l
1419496_at,Slco1a6
1419497_at,Cdkn1b
1419498_at,Tmigd1
1419499_at,Gpam
1419500_at,Pabpc2
1419501_at,Polk
1419502_at,Ghdc
1419503_at,Stc2
1419504_at,Mogat1
1419505_a_at,Ggps1
1419506_at,Ggps1
1419507_at,Krtap15
1419508_at,Ripk1
1419509_a_at,Nagk
1419510_at,Ces1e
1419511_at,Msh4
1419512_at,Prpf40b
1419513_a_at,Ect2
1419514_at,Pitx1
1419515_at,Fgd2
1419516_at,Fam50a
1419517_at,Cnih3
1419518_at,Tuba8
1419519_at,Igf1
1419520_at,Nat8
1419521_at,Zfp94
1419522_at,Zmynd19
1419523_at,Cyp3a13
1419524_at,Tph1
1419525_at,Car5a
1419526_at,Fgr
1419527_at,Comp
1419528_at,Sult2a2
1419529_at,Il23a
1419530_at,Il12b
1419531_at,1700102P08Rik
1419532_at,Il1r2
1419533_at,Nhlh1
1419534_at,Olr1
1419535_at,Slco6b1
1419536_a_at,Rela
1419537_at,Tfec
1419538_at,Flt3
1419539_at,Irx4
1419540_at,Fthl17d///Fthl17-ps1///Fthl17c///Fthl17b///Fthl17e
1419541_at,Ppp1r2-ps9
1419542_at,Dazl
1419543_a_at,Tra2b
1419544_at,Atp6v1c1
1419545_a_at,Atp6v1c1
1419546_at,Atp6v1c1
1419547_at,Fahd1
1419548_at,Kpna1
1419549_at,Arg1
1419550_a_at,Stk39
1419551_s_at,Stk39
1419552_at,Echdc1
1419553_a_at,Rabggtb
1419554_at,Cd47
1419555_at,Elf5
1419556_at,Elf5
1419557_a_at,Tmem9
1419558_at,Mdm4
1419559_at,Cyp4f14
1419560_at,Lipc
1419561_at,Ccl3
1419562_at,Birc6
1419563_at,Birc6
1419564_at,Zfp467
1419565_a_at,Zfx
1419566_at,Fank1
1419567_at,Fank1
1419568_at,Mapk1
1419569_a_at,Isg20
1419570_at,Slc28a3
1419571_at,Slc28a3
1419572_a_at,Abcd4
1419573_a_at,Lgals1
1419574_at,Zfp292
1419575_s_at,Zfp292
1419576_at,Hoxb13
1419577_at,Fig4
1419578_at,Mbl1
1419579_at,Slc7a12
1419580_at,Dlg4
1419581_at,Dlg4
1419582_at,Cyp2c55
1419583_at,Cbx4
1419584_at,Ttc28
1419585_at,Rp2
1419586_at,Rp2
1419587_s_at,Rp2
1419588_at,Spag1
1419589_at,Cd93
1419590_at,Cyp2b9
1419591_at,Gsdmc2///Gsdmc
1419592_at,Unc5c
1419593_at,Greb1
1419594_at,Ctsg
1419595_a_at,Ggh
1419596_at,Eda
1419597_at,Eda
1419598_at,Ms4a6d
1419599_s_at,Ms4a6d
1419600_at,Defb4
1419601_at,Kcnj10
1419602_at,Hoxa2
1419603_at,Ifi204
1419604_at,Zbp1
1419605_at,Clec10a
1419606_a_at,Tnnt1
1419607_at,Tnf
1419608_a_at,Mia
1419609_at,Ccr1
1419610_at,Ccr1
1419611_at,4632415L05Rik
1419612_at,4632415L05Rik
1419613_at,Col7a1
1419614_at,Pla2g12b
1419615_at,Trpv6
1419616_at,Bmpr2
1419617_at,Kcnn1
1419618_at,Bbox1
1419619_at,Krt80
1419620_at,Pttg1
1419621_at,Ankrd2
1419622_at,Ugt2b5
1419623_at,Prss21
1419624_a_at,1700010I14Rik
1419625_at,Hspa1l
1419626_at,Adam25
1419627_s_at,Clec4n
1419628_at,Vsx2
1419629_at,Mesp2
1419630_a_at,Trim11
1419631_at,Was
1419632_at,Tecta
1419633_at,Uncx
1419634_a_at,Ghrh
1419635_at,4833420G17Rik
1419636_at,4833420G17Rik
1419637_s_at,4833420G17Rik
1419638_at,Efnb2
1419639_at,Efnb2
1419640_at,Purb
1419641_at,Purb
1419642_at,Purb
1419643_s_at,2310065H11Rik///2310057J18Rik
1419644_at,Cstf2
1419645_at,Cstf2
1419646_a_at,Mbp
1419647_a_at,Ier3
1419648_at,Myo1c
1419649_s_at,Myo1c
1419650_at,Zfr
1419651_at,Nkain1
1419652_s_at,Nkain1
1419653_a_at,Ddx5
1419654_at,Tle3
1419655_at,Tle3
1419656_at,Slc25a36
1419657_a_at,Slc25a36
1419658_at,LOC102641046///H2-T-ps///H2-T23
1419659_s_at,Chic2
1419660_at,Yae1d1
1419661_at,Yae1d1
1419662_at,Ogn
1419663_at,Ogn
1419664_at,Srr
1419665_a_at,Nupr1
1419666_x_at,Nupr1
1419667_at,Sgcb
1419668_at,Sgcb
1419669_at,Prtn3
1419670_at,Ftcd
1419671_a_at,Il17rc
1419672_at,Spock1
1419673_at,Spock1
1419674_a_at,Dpep1
1419675_at,Ngf
1419676_at,Mx2
1419677_at,Masp1
1419678_at,Lats2
1419679_at,Lats2
1419680_a_at,Elac2
1419681_a_at,Prok2
1419682_a_at,Trp53rka///Trp53rkb
1419683_at,Trp53rkb
1419684_at,Ccl8
1419685_at,Upf1
1419686_at,Cep41
1419687_at,Macrod1
1419688_at,Gpc6
1419689_at,Gpc6
1419690_at,Chmp1b///2610002M06Rik
1419691_at,Camp
1419692_a_at,Ltc4s
1419693_at,Colec12
1419694_at,St8sia1
1419695_at,St8sia1
1419696_at,Cd4
1419697_at,Cxcl11
1419698_at,Cxcl11
1419699_at,Scgb3a1
1419700_a_at,Prom1
1419701_s_at,Anks3
1419702_at,Taf1a
1419703_at,Col5a3
1419704_at,Cyp3a41b///Cyp3a41a
1419705_at,Car5b
1419706_a_at,Akap12
1419707_at,Krtap14
1419708_at,Wnt6
1419709_at,Stfa3
1419710_at,Nxph3
1419711_at,Cd7
1419712_at,Il3ra
1419713_at,Atp8b3
1419714_at,Cd274
1419715_at,1700029F12Rik
1419716_a_at,Pou2f1
1419717_at,Sema3e
1419718_at,4921530L21Rik
1419719_at,Gabrb1
1419720_at,Gp9
1419721_at,Hcar2
1419722_at,Klk8
1419723_at,Opn1mw
1419724_at,Edar
1419725_at,Slc26a4
1419726_at,Adam18
1419727_at,Cd55b
1419728_at,Cxcl5
1419729_at,Tex11
1419730_at,Ahcyl2
1419731_at,Cyp2b19
1419732_at,Rtn4r
1419733_at,Glipr1l2
1419734_at,Actb
1419735_at,Csn3
1419736_a_at,Eif1ax
1419737_a_at,Ldha
1419738_a_at,Tpm2
1419739_at,Tpm2
1419740_at,Pde6b
1419741_at,Supt16
1419742_at,1700037H04Rik
1419743_s_at,Carm1
1419744_at,H2-DMb2
1419745_at,Arhgap23
1419746_at,Arhgap23
1419747_at,Asgr2
1419748_at,Abcd2
1419749_at,Trdmt1
1419750_at,Trdmt1
1419751_x_at,Slc22a27
1419752_at,Nfx1
1419753_at,Nfx1
1419754_at,Myo5a
1419755_at,Mfi2
1419756_at,Dgkg
1419757_at,Pitpnm2
1419758_at,Abcb1a
1419759_at,Abcb1a
1419760_a_at,Rwdd2b
1419761_a_at,Gabpb1
1419762_at,Ubd
1419763_at,Nkap
1419764_at,Chil3
1419765_at,Cul2
1419766_at,Sik1
1419767_at,Padi3
1419768_at,Cd22
1419769_at,Cd22
1419772_at,Dnajc1
1419773_at,Aplf
1419774_at,D2Ertd239e
1419781_at,D630004N19Rik
1419782_at,AA517864
1419785_at,AA516738
1419786_at,Ltbp1
1419787_a_at,Zfp628
1419789_at,Agap2
1419791_at,Zhx3
1419792_at,Kif20b
1419793_at,D5Ertd615e
1419794_at,Gm31133
1419795_at,AA517631
1419796_at,Gm15934
1419797_at,AA672641
1419798_at,Rab26os
1419799_at,Rpl27a
1419800_at,Gm29638
1419802_at,Ccdc12
1419803_s_at,Ccdc12
1419804_at,1700051A21Rik
1419805_s_at,Ggps1
1419806_at,Hdlbp
1419807_at,D4Ertd335e
1419808_at,Cog4
1419809_s_at,Cog4
1419810_x_at,Arhgap9
1419811_at,Adcy9
1419812_s_at,Coa3
1419813_at,Kdm5c
1419814_s_at,S100a1
1419815_at,Mettl17
1419816_s_at,Errfi1
1419817_s_at,Ankzf1
1419818_x_at,Ankzf1
1419819_s_at,Sec63
1419820_at,Pkhd1
1419821_s_at,Idh1
1419822_at,Eif3e
1419823_s_at,Ksr1
1419824_a_at,Aasdh
1419826_at,Kif17
1419827_s_at,Kif17
1419828_at,Usp31
1419829_a_at,Gab2
1419831_at,AA416453
1419832_s_at,Acpp
1419833_s_at,Arap3
1419834_x_at,Mark1
1419835_s_at,Plec
1419837_at,Treml2
1419838_s_at,Plk4
1419839_x_at,Prpf19
1419840_at,Krt72
1419842_at,Gm2682
1419844_a_at,LOC545086
1419845_at,Dlx1as
1419848_x_at,Tlr7
1419851_at,Slc4a8
1419853_a_at,P2rx7
1419864_x_at,Tnpo1
1419866_s_at,Atxn2
1419867_a_at,Ankhd1
1419869_s_at,Hdlbp
1419871_at,Sik2
1419872_at,Csf1r
1419873_s_at,Csf1r
1419874_x_at,Zbtb16
1419876_at,2810449G22Rik
1419877_x_at,2810449G22Rik
1419879_s_at,Trim25
1419883_s_at,Atp6v1b2
1419885_at,DXErtd223e
1419886_at,DXErtd223e
1419888_at,Gm38604
1419889_at,Gm38604
1419891_s_at,C77545
1419892_at,Ccdc167
1419893_at,D930048N14Rik
1419894_at,Gm6787
1419895_at,AA536748
1419896_at,Tet1
1419897_at,Tet1
1419898_s_at,Zc3h7a
1419899_at,Zc3h7a
1419900_at,Man2c1os
1419901_at,Gm11110
1419903_at,Dbndd2
1419904_at,Dbndd2
1419905_s_at,Hpgd
1419906_at,Hpgd
1419907_s_at,Fcrla
1419908_at,Fcrla
1419909_at,Mphosph9
1419910_at,Mphosph9
1419911_at,Coro1c
1419912_s_at,Strap
1419913_at,Strap
1419914_s_at,Nus1
1419915_at,Nus1
1419916_at,Rnf20
1419917_s_at,Tmed7
1419918_at,Tmed7
1419919_at,4833422M21Rik
1419920_s_at,Usp7
1419921_s_at,Usp7
1419922_s_at,Atrnl1
1419924_at,Fnip1
1419925_s_at,Tmx3
1419926_at,Tmx3
1419927_s_at,Rabif
1419928_at,Lrig1
1419929_at,D15Ertd55e
1419930_at,D15Ertd55e
1419931_at,Abcb7
1419932_s_at,AU021895///Gpr137b
1419933_at,Pdrg1
1419934_at,Pdrg1
1419935_s_at,Csnk2a2
1419936_at,Csnk2a2
1419937_at,Gm12264
1419938_s_at,Arhgef17
1419939_at,Arhgef17
1419940_at,C030018P15Rik
1419941_at,C030018P15Rik
1419942_at,Srxn1
1419943_s_at,Gm5593///Ccnb1
1419944_at,Ccnb1
1419945_s_at,Rab2a
1419946_s_at,Rab2a
1419947_at,D4Ertd117e
1419948_at,D4Ertd117e
1419949_at,Tmem38b
1419950_s_at,Tnpo3
1419951_at,Lman1
1419952_at,LOC102640359
1419953_at,C80678
1419954_s_at,Zfand3
1419955_at,Zfand3
1419956_at,C77144
1419957_at,C77144
1419958_at,Cphx3///Cphx2///Cphx1
1419959_s_at,Cphx3///Cphx2///Cphx1
1419960_at,Cphx3
1419961_s_at,Cphx3
1419963_at,Deptor
1419964_s_at,Hdgf
1419965_at,Tubb2a-ps2
1419966_at,Tubb2a-ps2
1419967_at,Seh1l
1419968_at,C77370
1419969_at,C77370
1419970_at,Slc35a5
1419971_s_at,Slc35a5
1419972_at,Slc35a5
1419973_at,Oxsm
1419974_at,Scp2
1419975_at,Scp2
1419976_s_at,Nfatc3
1419977_s_at,Esrp2
1419978_s_at,Arhgef25
1419979_s_at,Creb3
1419980_at,Gba2
1419981_at,Riok3
1419983_at,Zfp644
1419984_s_at,Zfp644
1419985_s_at,Ccdc69
1419986_at,Ccdc69
1419988_at,Map3k7
1419989_at,Commd5
1419990_at,A830082K12Rik
1419991_at,Rab3il1
1419992_x_at,Rab3il1
1419993_at,Rab3il1
1419994_s_at,Anapc16
1419995_at,Anapc16
1419996_s_at,Arnt
1419997_at,Mfn1
1419999_at,Igbp1
1420000_s_at,Igbp1
1420001_at,D7Ertd1e
1420002_at,D7Ertd1e
1420003_at,Nsun5
1420004_s_at,Pom121
1420005_s_at,Bmp15
1420006_at,Bmp15
1420007_at,Wwc1
1420008_s_at,Wwc1
1420009_at,Wwc1
1420010_at,Serinc4
1420011_s_at,Xbp1
1420012_at,Xbp1
1420013_s_at,Lss
1420014_at,Lss
1420015_s_at,Ppt1
1420016_at,Ppt1
1420017_at,Tspan8
1420018_s_at,Tspan8
1420019_at,Tspan8
1420020_at,Suz12
1420021_s_at,Suz12
1420022_s_at,Suz12
1420023_at,Etf1
1420024_s_at,Etf1
1420025_s_at,Aak1
1420026_at,Aak1
1420027_at,C80171
1420028_s_at,Mcm3
1420029_at,Mcm3
1420030_at,Slu7
1420031_at,Chek1
1420032_at,Chek1
1420033_s_at,Ppp2r2d
1420034_at,Ppp2r2d
1420035_at,Aqp6
1420036_at,Ate1
1420037_at,Atp5a1
1420038_at,Atp6v1e1
1420039_s_at,Cbx7
1420040_at,Fam73b
1420042_at,Thoc1
1420043_s_at,Thoc1
1420044_at,Osbpl9
1420046_s_at,Maf1
1420047_at,Maf1
1420048_at,C78859
1420049_at,C78859
1420052_x_at,Psmb1
1420053_at,Psmb1
1420054_s_at,Slc35c2
1420055_at,Slc35c2
1420056_s_at,Jmjd6
1420057_at,Jmjd6
1420058_s_at,Mtfr1l
1420059_at,Mtfr1l
1420060_s_at,AA675344
1420061_s_at,AA675344
1420064_s_at,Tktl1
1420065_at,Tktl1
1420066_s_at,Cd160
1420067_at,Cd160
1420070_a_at,Slc9a5
1420074_at,D8Ertd738e
1420077_at,E230029C05Rik
1420079_at,Vmn2r103///Vmn2r97///Vmn2r96///Vmn2r98
1420080_a_at,Gfpt1
1420081_s_at,Knstrn
1420082_at,Knstrn
1420083_at,AU016916
1420085_at,Fgf4
1420086_x_at,Fgf4
1420087_at,Fzd3
1420088_at,Nfkbia
1420089_at,Nfkbia
1420090_at,Raf1
1420091_s_at,Morc3
1420092_at,Morc3
1420093_s_at,Hnrnpdl
1420095_s_at,Zscan21
1420096_at,Zscan21
1420097_at,D13Ertd787e
1420098_s_at,D13Ertd787e
1420099_at,D13Ertd787e
1420100_s_at,D13Ertd787e
1420101_at,2610020H08Rik
1420105_at,D13Ertd205e
1420106_at,Siah1a
1420107_at,Bbs4
1420110_s_at,Zfp334
1420111_at,Zfp334
1420113_s_at,Coprs
1420114_s_at,Coprs
1420115_at,Exosc8
1420116_s_at,Golph3
1420118_s_at,Galm
1420119_s_at,Phf3
1420120_at,Phf3
1420121_at,AA517858
1420122_at,AA517858
1420123_at,Tcta
1420124_s_at,Tcta
1420125_at,Tcta
1420126_at,AA522020
1420127_s_at,Ccpg1
1420128_s_at,Pigb
1420129_s_at,Rtcb
1420130_s_at,Rtcb
1420131_s_at,Pttg1ip
1420132_s_at,Pttg1ip
1420133_at,Gm11487
1420134_at,Gm11487
1420138_at,Slc19a1
1420139_s_at,Krr1
1420140_at,Mepce
1420141_at,AA517023
1420142_s_at,Pa2g4
1420143_at,Rc3h2
1420144_x_at,Rc3h2
1420146_at,Tiam2
1420147_at,AA407331
1420148_at,Slc6a6
1420150_at,Spsb1
1420155_at,AA408954
1420156_at,AA408954
1420157_s_at,Abcf1
1420158_s_at,Abcf1
1420159_at,Myo1e
1420160_s_at,Myo1e
1420161_at,AA409749
1420162_at,AA409749
1420163_at,AA511261
1420164_at,D7Ertd183e
1420165_s_at,Dnajc17
1420166_at,Dntt
1420168_at,AA517841
1420169_at,AA517841
1420170_at,Myh9
1420171_s_at,Myh9
1420172_at,Myh9
1420173_at,D11Ertd326e
1420174_s_at,Tax1bp1
1420175_at,Tax1bp1
1420176_x_at,Igll1
1420177_at,Igll1
1420180_at,AA589418
1420181_at,Gm9112
1420182_x_at,Dmrt3
1420183_at,Lor
1420184_at,Lor
1420185_at,Ssx2ip
1420187_at,C76628
1420188_at,Syt6
1420191_s_at,Tmem191c
1420192_at,Tmem191c
1420193_at,Krt17
1420196_s_at,Tbc1d14
1420197_at,Gadd45b
1420199_at,Slc35a4
1420209_at,Dus4l
1420210_at,Slc8a1
1420212_at,Gm36243
1420213_x_at,Gm36243
1420214_at,1810012K16Rik
1420215_x_at,1810012K16Rik
1420216_at,1810012K16Rik
1420219_at,Dnajc21
1420220_x_at,Dnajc21
1420221_at,Dnajc21
1420226_x_at,Hoxa4
1420230_at,AA414993
1420235_at,Bphl
1420239_x_at,March2
1420240_at,Smarcd1
1420243_at,Zeb1
1420245_x_at,Tagln2
1420246_at,Ankzf1
1420247_at,Glb1l
1420248_at,Tubg2
1420249_s_at,Ccl6
1420253_at,D2Ertd63e
1420256_x_at,Prph
1420257_at,1700073E17Rik
1420258_at,1700073E17Rik
1420259_at,Pkp2
1420260_at,Phf7
1420261_at,Psen1
1420265_x_at,Cog8
1420266_at,Gm10627
1420267_at,2610201A13Rik
1420268_x_at,2610201A13Rik
1420269_at,2610201A13Rik
1420271_at,Rpusd2
1420272_at,Samhd1
1420273_x_at,Samhd1
1420274_at,Tap1
1420276_x_at,Mmrn2
1420278_at,Prss58
1420279_at,Prss58
1420280_x_at,Col9a3
1420282_s_at,Prss29
1420283_at,Phf14
1420284_at,Gpank1
1420293_at,Lpcat1
1420294_at,Lpcat1
1420295_x_at,Clcn5
1420299_at,Gabra2
1420301_at,AA414903
1420302_at,AA414903
1420303_x_at,Rps4x
1420307_a_at,Pitpnb
1420321_at,Rsad1
1420325_at,Cramp1l
1420326_s_at,Cramp1l
1420328_at,Rep15
1420329_at,Timmdc1
1420330_at,Clec4e
1420331_at,Clec4e
1420332_x_at,Lce1d
1420333_at,Txndc8
1420334_at,Slc12a8
1420335_at,Dmc1
1420336_at,Adamtsl5
1420337_at,Gbx2
1420338_at,Alox15
1420339_at,Memo1
1420340_at,Cspp1
1420341_at,Tmco5
1420342_at,Gdap10
1420343_at,Gzmd
1420344_x_at,Gzmd
1420345_at,Cldn14
1420346_at,Asb12
1420347_at,Bpifa1
1420348_at,Lhx5
1420349_at,Ptgfr
1420350_at,Lce1a2
1420351_at,Tnfrsf4
1420352_at,Prss22
1420353_at,Lta
1420354_at,Cnnm1
1420355_at,Grk4
1420356_at,Ninj2
1420357_s_at,Xlr3b///Xlr3c///Xlr3a
1420358_at,Krtap13
1420359_at,Sva
1420360_at,Dkk1
1420361_at,Slc11a1
1420362_a_at,Bik
1420363_at,Bik
1420364_at,Gpr87
1420365_a_at,Hnrnpa2b1
1420366_at,Spesp1
1420367_at,Denr
1420368_at,Denr
1420369_a_at,Csn2
1420370_s_at,Csn2
1420371_at,Sntb2
1420372_at,Sntb2
1420373_at,Foxj2
1420374_at,Foxj2
1420375_at,Kif3a
1420376_a_at,Gm12657///Gm6749///H3f3c///Gm10257///H3f3b///H3f3a
1420377_at,St8sia2
1420378_at,Sftpd
1420379_at,Slco1a1
1420380_at,Ccl2
1420381_a_at,Rpl31-ps12///Rpl31
1420382_at,Apobr
1420383_a_at,Col4a3bp
1420384_at,Col4a3bp
1420385_at,Gna14
1420386_at,Seh1l
1420387_at,Mpv17
1420388_at,Prss12
1420389_at,Pax3
1420390_s_at,Zfp354a
1420391_at,Pard3
1420392_at,Ubl4b
1420393_at,Nos2
1420394_s_at,Lilrb4a///Lilr4b
1420395_a_at,Kif9
1420396_at,Cd160
1420397_a_at,Spen
1420398_at,Rgs18
1420399_at,Gfi1b
1420400_at,Sval1
1420401_a_at,Ramp3
1420402_at,Atp2b2
1420403_at,Atp2b2
1420404_at,Cd86
1420405_at,Slco1a4
1420406_at,Peg12
1420407_at,Ltb4r1
1420408_a_at,Abcc9
1420409_at,Krt35
1420410_at,Nr5a2
1420411_a_at,Pi4k2b
1420412_at,Tnfsf10
1420413_at,Slc7a11
1420414_at,Hoxa11
1420415_at,Krtap19-9b
1420416_at,Sema3a
1420417_at,Sema3a
1420418_at,Syt2
1420419_a_at,Otof
1420420_at,Hao1
1420421_s_at,Klrb1b
1420422_at,Pcdhb21
1420423_at,Tcl1b4
1420424_at,Hypm
1420425_at,Prdm1
1420426_at,Myo7b
1420427_a_at,Dhx32
1420428_at,Ager
1420429_at,Pcdhb3
1420430_a_at,Ccdc159
1420431_at,Rptn
1420432_at,Tas1r1
1420433_at,Taf7l
1420434_at,Cldn16
1420435_at,Krt88
1420436_x_at,Tex21
1420437_at,Ido1
1420438_at,Orm2
1420439_at,Tsx
1420440_at,Ppy
1420441_at,Cenpc1
1420442_at,Cacna1s
1420443_at,Pcdhb19
1420444_at,Slc22a3
1420445_at,Slc16a8
1420446_at,Odf3
1420447_at,Sult1e1
1420448_at,Rhox2e///Rhox2a
1420449_at,Heatr5b
1420450_at,Mmp10
1420451_at,Asic5
1420452_at,Krtap5-2
1420453_at,Crygs
1420454_at,Rai1
1420455_at,Gcm2
1420456_at,Gcm2
1420457_at,Dvl3
1420458_at,Tac4
1420459_at,Ripply3
1420460_a_at,Pex11b
1420461_at,Mst1r
1420462_at,Il1rapl2
1420463_at,Clnk
1420464_s_at,Gm14548///Gm10693///Pirb///Pira7///Pira6///Pira5///Pira4///Lilra6///Pira2///Pira11///Pira1
1420465_s_at,Mup19///Gm2083///Mup8///Mup7///Mup16///Mup15///Mup14///Mup13///Mup12///Mup10///Mup9///Mup2///Mup1
1420466_at,Mucl1
1420467_at,Psors1c2
1420468_at,Asb17
1420469_at,4933411G06Rik
1420470_at,Sult1c1
1420471_at,Hcrt
1420472_at,Mtpn
1420473_at,Mtpn
1420474_at,Mtpn
1420475_at,Mtpn
1420476_a_at,Nap1l1
1420477_at,Nap1l1
1420478_at,Nap1l1
1420479_a_at,Nap1l1
1420480_at,Cnnm3
1420481_at,Cnnm3
1420482_at,Cnnm3
1420483_at,Cnnm3
1420484_a_at,Vtn
1420485_at,Nol7
1420486_at,Nol7
1420487_at,Nol7
1420488_at,Mrps14
1420489_at,Mrps14
1420490_at,Klk1b16
1420491_at,Eif2s1
1420492_s_at,Smr3a
1420493_a_at,Pcyt2
1420494_x_at,Ubc
1420495_a_at,Vps26a
1420496_at,F12
1420497_a_at,Cebpz
1420498_a_at,Dab2
1420499_at,Gch1
1420500_at,Dnajc1
1420501_at,Dnajc1
1420502_at,Sat1
1420503_at,Slc6a14
1420504_at,Slc6a14
1420505_a_at,Stxbp1
1420506_a_at,Stxbp1
1420507_a_at,Srek1ip1
1420508_at,Sema3f
1420509_at,Srfbp1
1420510_at,Srfbp1
1420511_at,Prph2
1420512_at,Dkk2
1420513_at,Efcab2
1420514_at,Tmem47
1420515_a_at,Pglyrp2
1420516_at,a
1420517_at,Chmp4c
1420518_a_at,Igsf9
1420519_a_at,Eral1
1420520_x_at,Eral1
1420521_at,Papln
1420522_at,Ccdc50
1420523_at,Ccdc50
1420524_a_at,Masp2
1420525_a_at,Otc
1420526_at,Dcbld2
1420527_s_at,Tcp10b///Tcp10a
1420528_at,Gpatch2
1420529_at,Dpf1
1420530_at,Dpf1
1420531_at,Hsd3b5
1420532_at,Magi2
1420533_at,Gucy1a3
1420534_at,Gucy1a3
1420535_a_at,Nub1
1420536_at,Crybb2
1420537_at,Kctd4
1420538_at,Gprc5d
1420539_a_at,Chrdl2
1420540_a_at,Rit1
1420541_at,Rdh16
1420542_at,Dnajc28
1420543_at,Dnajc28
1420544_at,Gcsam
1420545_a_at,Chn1
1420546_at,Th
1420547_at,Galc
1420548_a_at,Knop1
1420549_at,Gbp2b
1420550_at,Lce1f
1420551_at,Murc
1420552_s_at,Tsga8
1420553_x_at,Serpina1d///Serpina1a
1420554_a_at,Rac3
1420555_at,Alx3
1420556_at,Oxt
1420557_at,Epha5
1420558_at,Selp
1420559_a_at,Shox2
1420560_at,Chrne
1420561_at,Trpc7
1420562_at,Slurp1
1420563_at,Gria3
1420564_at,Insrr
1420565_at,Hoxa1
1420566_at,Sphk1
1420567_at,Prkd3
1420568_at,Stra8
1420569_at,Chad
1420570_x_at,LOC100041483///Tcl1b3
1420571_at,Prl6a1
1420572_at,Ms4a3
1420573_at,Hoxd1
1420574_at,Tex43
1420575_at,Mt3
1420576_at,Lpar2
1420577_at,Aicda
1420578_at,Optc
1420579_s_at,Cftr
1420580_at,4930429B21Rik
1420581_at,Gpr143
1420582_at,Cd209e
1420583_a_at,Rora
1420584_at,Pla2g2c
1420585_a_at,Nxf2
1420586_at,Zfp493
1420587_at,Tsga13
1420588_at,Eppin
1420589_at,Has3
1420590_at,Has1
1420591_at,Gpr84
1420592_a_at,Anp32e
1420593_a_at,Tead3
1420594_at,Bard1
1420595_at,Dlx4
1420596_at,Cacng2
1420597_a_at,Cabp2
1420598_x_at,Defa-rs2
1420599_at,Gm11554///Gm11569///Krtap4-13
1420600_at,Tpo
1420601_at,Gcm1
1420602_a_at,Esx1
1420603_s_at,Raet1e///Raet1d///Raet1c///Raet1b///Raet1a
1420604_at,Hesx1
1420605_at,Mtag2
1420606_at,Npff
1420607_at,Rbm18
1420608_at,Rbm18
1420609_at,March7
1420610_at,Prkacb
1420611_at,Prkacb
1420612_s_at,Ptp4a2
1420613_at,Ptp4a2
1420614_at,Dynlt3
1420615_at,Ash2l
1420616_at,Ash2l
1420617_at,Cpeb4
1420618_at,Cpeb4
1420619_a_at,Aes
1420620_a_at,Rnf13
1420621_a_at,App
1420622_a_at,Hspa8
1420623_x_at,Hspa8
1420624_a_at,Vamp8
1420625_at,Gtf3c6
1420626_at,Gtf3c6
1420627_a_at,Csn1s1
1420628_at,Pura
1420629_a_at,Dnaja3
1420630_at,Fam234b
1420631_a_at,Blcap
1420632_a_at,Bscl2
1420633_a_at,Csn1s2a
1420634_a_at,Smad2
1420635_a_at,Tcirg1
1420636_a_at,Dusp12
1420637_at,Prps2
1420638_at,Prps2
1420639_at,Jmy
1420640_at,Jmy
1420641_a_at,Sqrdl
1420642_a_at,Romo1
1420643_at,Lfng
1420644_a_at,Sec61a2
1420645_at,Pcgf2
1420646_at,Nus1
1420647_a_at,Krt8
1420648_at,Trim12a
1420649_at,Zfhx3
1420650_at,Zfhx3
1420651_at,Ate1
1420652_at,Ate1
1420653_at,Tgfb1
1420654_a_at,Gbe1
1420655_at,Pnpla3
1420656_at,Abcg8
1420657_at,Ucp3
1420658_at,Ucp3
1420659_at,Slamf6
1420660_at,Lrrc6
1420661_a_at,Gid4
1420662_at,Gid4
1420663_at,Zbtb7b
1420664_s_at,Procr
1420665_at,Itgb3bp
1420666_at,Doc2b
1420667_at,Doc2b
1420668_a_at,Yipf2
1420669_at,Arnt2
1420670_at,Arnt2
1420671_x_at,Ms4a4c
1420672_at,Kcne1
1420673_a_at,Acox2
1420674_at,Pla2g2e
1420675_at,Zfp113
1420676_at,Lce1a1
1420677_x_at,Lce1a1
1420678_a_at,Il17rb
1420679_a_at,Aig1
1420680_at,Cts8
1420681_at,1700120K04Rik
1420682_at,Chrnb1
1420683_at,Bnipl
1420684_at,Acox3
1420685_at,Grap2
1420686_at,Cryba4
1420687_at,4932438H23Rik
1420688_a_at,Sgce
1420689_at,4933415F23Rik
1420690_at,Fgf10
1420691_at,Il2ra
1420692_at,Il2ra
1420693_at,Myom1
1420694_a_at,Dach1
1420695_at,Dach1
1420696_at,Sema3c
1420697_at,Slc15a3
1420698_at,Gpx5
1420699_at,Clec7a
1420700_s_at,Izumo1r
1420701_at,Klk1b1
1420702_at,1700093K21Rik
1420703_at,Csf2ra
1420704_at,Csf2ra
1420705_at,Foxb1
1420706_at,Srcin1
1420707_a_at,Traip
1420708_at,Traip
1420709_s_at,Dao
1420710_at,Rel
1420711_a_at,Pex2
1420712_a_at,Hpn
1420713_a_at,Mdfi
1420714_at,Lbx2
1420715_a_at,Pparg
1420716_at,Cd247
1420717_at,A930018P22Rik
1420718_at,Tenm2
1420719_at,Tex15
1420720_at,Nptx2
1420721_at,4921536K21Rik
1420722_at,Elovl3
1420723_at,Vnn3
1420724_at,1700067P10Rik
1420725_at,Tmlhe
1420726_x_at,Tmlhe
1420727_a_at,Tmlhe
1420728_at,Krt32
1420729_at,Tcstv1
1420730_a_at,Tcp11
1420731_a_at,Csrp2
1420732_at,Rwdd3
1420733_at,Cab39l
1420734_at,Ppp1r3f
1420735_at,Gabrr2
1420736_at,Sim1
1420737_at,Pmfbp1
1420738_at,Mzf1
1420739_at,Cntn3
1420740_at,Il25
1420741_x_at,Lce1i
1420742_at,Adam7
1420743_a_at,Ppp3cc
1420744_at,Chrnb2
1420745_a_at,Ccndbp1
1420746_at,Prl3a1
1420747_at,Ppnr
1420748_a_at,Adat1
1420749_a_at,Pou6f1
1420750_at,1110006O24Rik
1420751_at,Gm10228
1420752_at,Dtx3
1420753_at,Tll1
1420754_at,Ttf1
1420755_a_at,Park2
1420756_at,Fut7
1420757_at,Myf5
1420758_at,5830411J07Rik
1420759_s_at,Zfy2///Zfy1
1420760_s_at,Ndrg1
1420761_at,Chrnd
1420762_a_at,Ybx2
1420763_at,Klk4
1420764_at,Scrg1
1420765_a_at,Foxp3
1420766_at,Socs7
1420767_at,Nat8f4
1420768_a_at,Dhx58
1420769_at,Dhx58
1420770_at,Klk1b24
1420771_at,Sprr2d
1420772_a_at,Tsc22d3
1420773_at,Usp17la
1420774_a_at,Mgarp
1420775_at,Hdhd1a
1420776_a_at,Auh
1420777_a_at,4933400A11Rik
1420778_at,Tas1r3
1420779_at,Fhl3
1420780_at,Ascl3
1420781_at,Etos1
1420782_at,Tnfrsf17
1420783_at,Trpd52l3
1420784_at,Scn11a
1420785_at,Gab2
1420786_a_at,Gm21708///Gm21704///Gm21693///Gm21677///Gm10352///Gm10256///Gm4064///Rbmy
1420787_at,4933436I01Rik
1420788_at,Klrg1
1420789_at,Klra5
1420790_x_at,Klra16
1420791_x_at,Speer4f1
1420792_at,4930433N12Rik
1420793_at,Mup4
1420794_at,Art2b
1420795_at,Fgf9
1420796_at,Ahrr
1420797_at,Otog
1420798_s_at,Pcdhac2///Pcdhac1///Pcdha8///Pcdha2///Pcdha12///Pcdha3///Pcdha9///Pcdha1///Pcdha10///Pcdha11///Pcdha5///Pcdha7///Pcdha6///Pcdha4
1420799_at,Ntsr1
1420800_a_at,Kcnq2
1420801_at,Npas1
1420802_at,Il13
1420803_at,Tex18
1420804_s_at,Clec4d
1420805_at,Myl10
1420806_at,Fgf16
1420807_a_at,Dlk2
1420808_at,Ncoa4
1420809_a_at,Gm20056///Chp1
1420810_at,Gm20056///Chp1
1420811_a_at,Ctnnb1
1420812_at,Hdac7
1420813_at,Hdac7
1420814_at,Gdi2
1420815_at,Gdi2
1420816_at,Ywhag
1420817_at,Ywhag
1420818_at,Sla
1420819_at,Sla
1420820_at,Myl12a
1420821_at,Sgpp1
1420822_s_at,Sgpp1
1420823_at,Sema4d
1420824_at,Sema4d
1420825_at,Letm1
1420826_at,Letm1
1420827_a_at,Ccng1
1420828_s_at,Ywhaq
1420829_a_at,Ywhaq
1420830_x_at,Ywhaq
1420831_at,Qsox1
1420832_at,Qsox1
1420833_at,Vamp2
1420834_at,Vamp2
1420835_at,Slc25a30
1420836_at,Slc25a30
1420837_at,Ntrk2
1420838_at,Ntrk2
1420839_at,Plekha3
1420840_at,Plekha3
1420841_at,Ptprf
1420842_at,Ptprf
1420843_at,Ptprf
1420844_at,Ubqln2
1420845_at,Mrps2
1420846_at,Mrps2
1420847_a_at,Fgfr2
1420848_at,Sufu
1420849_at,Crnkl1
1420850_at,Crnkl1
1420851_at,Pard6g
1420852_a_at,B3gnt2
1420853_at,Sdc3
1420854_at,Eln
1420855_at,Eln
1420856_a_at,Lancl2
1420857_at,Lancl2
1420858_at,Pkia
1420859_at,Pkia
1420860_at,Itga9
1420861_at,Dctn4
1420862_at,Dctn4
1420863_at,Dctn4
1420864_at,Zbtb14
1420865_at,Zbtb14
1420866_at,Zbtb14
1420867_at,Gm10698///Tmed2
1420868_s_at,Gm10698///Tmed2
1420869_at,Mllt10
1420870_at,Mllt10
1420871_at,Gucy1b3
1420872_at,Gucy1b3
1420873_at,Gm4887///Twf1
1420874_at,Gm4887///Twf1
1420875_at,Gm4887///Twf1
1420876_a_at,Sept6
1420877_at,Sept6
1420878_a_at,Ywhab
1420879_a_at,Ywhab
1420880_a_at,Ywhab
1420881_at,Nsd1
1420882_a_at,Acd
1420883_at,Sln
1420884_at,Sln
1420885_a_at,Sez6
1420886_a_at,Xbp1
1420887_a_at,Bcl2l1
1420888_at,Bcl2l1
1420889_at,Hccs
1420890_at,Hccs
1420891_at,Wnt7b
1420892_at,Wnt7b
1420893_a_at,Tgfbr1
1420894_at,Tgfbr1
1420895_at,Tgfbr1
1420896_at,Snap23
1420897_at,Snap23
1420898_at,Snap23
1420899_at,Rab18
1420900_a_at,Rab18
1420901_a_at,Hk1
1420902_at,St6galnac3
1420903_at,St6galnac3
1420904_at,Il17ra
1420905_at,Il17ra
1420906_at,Cd2ap
1420907_at,Cd2ap
1420908_at,Cd2ap
1420909_at,Vegfa
1420910_at,Plpp2
1420911_a_at,Mfge8
1420912_at,Aff4
1420913_at,Slco2a1
1420914_at,Slco2a1
1420915_at,Stat1
1420916_at,Prpf40a
1420917_at,Prpf40a
1420918_at,Sgk3
1420919_at,Sgk3
1420920_a_at,Arf1
1420921_at,Cd151
1420922_at,Usp9x
1420923_at,Usp9x
1420924_at,Timp2
1420925_at,Tub
1420926_at,Arx
1420927_at,St6gal1
1420928_at,St6gal1
1420929_at,Ctnnal1
1420930_s_at,Ctnnal1
1420931_at,Mapk8
1420932_at,Mapk8
1420933_a_at,Eya3
1420934_a_at,Srrm1
1420935_a_at,Srrm1
1420936_s_at,Cpsf2
1420937_at,Cpsf2
1420938_at,Hs6st2
1420939_at,Hs6st2
1420940_x_at,Rgs5
1420941_at,Rgs5
1420942_s_at,Rgs5
1420943_at,Zfp185
1420944_at,Zfp185
1420945_at,Atrx
1420946_at,Atrx
1420947_at,Atrx
1420948_s_at,Atrx
1420949_at,Znrf1
1420950_at,Znrf1
1420951_a_at,Son
1420952_at,Son
1420953_at,Add1
1420954_a_at,Add1
1420955_at,Vsnl1
1420956_at,Apc
1420957_at,Apc
1420958_at,Sys1
1420959_at,Asph
1420960_at,Fancg
1420961_a_at,Ivns1abp
1420962_at,Hapln2
1420963_at,Hapln2
1420964_at,Enc1
1420965_a_at,Enc1
1420966_at,Slc25a15
1420967_at,Slc25a15
1420968_at,Nacc1
1420969_at,Nacc1
1420970_at,Adcy7
1420971_at,Ubr1
1420972_at,Arid5b
1420973_at,Arid5b
1420974_at,Mdp1
1420975_at,Baz1b
1420976_at,Man1a2
1420977_at,Man1a2
1420978_at,Nrf1
1420979_at,Pak1
1420980_at,Pak1
1420981_a_at,Lmo4
1420982_at,Rbm39
1420983_at,Pctp
1420984_at,Pctp
1420985_at,Ash1l
1420986_s_at,Kif3b
1420987_at,Kif3b
1420988_at,Polh
1420989_at,Cfap97
1420990_at,Chd1
1420991_at,Ankrd1
1420992_at,Ankrd1
1420993_at,B3gnt5
1420994_at,B3gnt5
1420995_at,Plxna3
1420996_at,Plxna3
1420997_a_at,Gpi1
1420998_at,Etv5
1420999_at,Cnot4
1421000_at,Cnot4
1421001_a_at,Car6
1421002_at,Angptl2
1421003_at,Gmeb1
1421004_at,Cntrl
1421005_at,Cntrl
1421006_at,Col4a6
1421007_at,Col4a6
1421008_at,Rsad2
1421009_at,Rsad2
1421010_at,Mobp
1421011_at,Hsd17b11
1421012_at,Srprb
1421013_at,Pitpnb
1421014_a_at,Clybl
1421015_s_at,Pole3
1421016_at,Ighmbp2
1421017_at,Nrg3
1421018_at,Aaed1
1421019_at,1700021F05Rik
1421020_at,Ranbp17
1421021_at,Aebp2
1421022_x_at,Acyp1
1421023_at,Pik3c2a
1421024_at,Agpat1
1421025_at,Agpat1
1421026_at,Gna12
1421027_a_at,Mef2c
1421028_a_at,Mef2c
1421029_a_at,Hbs1l
1421030_at,Zfp64
1421031_a_at,Hilpda
1421032_a_at,Dnajb12
1421033_a_at,Tcerg1
1421034_a_at,Il4ra
1421035_a_at,Magi3
1421036_at,Npas2
1421037_at,Npas2
1421038_a_at,Kcnn4
1421039_at,Mip
1421040_a_at,Gsta2
1421041_s_at,Gm3776///Gsta2///Gsta1
1421042_at,Arhgef2
1421043_s_at,Arhgef2
1421044_at,Mrc2
1421045_at,Mrc2
1421046_a_at,Pabpc4
1421047_at,Smad5
1421048_a_at,Ypel1
1421049_at,0610009O20Rik
1421050_at,Vps25
1421051_s_at,Ramp2///Vps25
1421052_a_at,Gm14680///Sms
1421053_at,Kif1a
1421054_at,Xpo4
1421055_at,Xpo4///Lats2
1421056_at,Dnase1l3
1421057_at,Dnase1l3
1421058_at,Adh7
1421059_a_at,Alg2
1421060_at,Mllt1
1421061_at,Guca1a
1421062_s_at,Clta
1421063_s_at,Snurf///Snrpn
1421064_at,Mpp5
1421065_at,Jak2
1421066_at,Jak2
1421067_a_at,Phf2
1421068_at,Phf2
1421069_at,Phf2
1421070_at,Supt20
1421071_at,Vhl
1421072_at,Irx5
1421073_a_at,Ptger4
1421074_at,Cyp7b1
1421075_s_at,Cyp7b1
1421076_at,Sertad3
1421077_at,Sertad3
1421078_at,Tcf23
1421079_at,Nr4a3
1421080_at,Nr4a3
1421081_a_at,Banf1
1421082_s_at,Banf1
1421083_x_at,Banf1
1421084_at,Rs1
1421085_at,Rs1
1421086_at,Per3
1421087_at,Per3
1421088_at,Gpc4
1421089_a_at,Pinx1
1421090_at,Epb41l1
1421091_at,Serpina12
1421092_at,Serpina12
1421093_at,Slc7a10
1421094_at,Zbtb33
1421095_a_at,Trpc1
1421096_at,Trpc1
1421097_at,Endog
1421098_at,Stap1
1421099_at,Bhlhe41
1421100_a_at,Dab1
1421101_a_at,Ldb2
1421102_a_at,Vamp3
1421103_at,Bmp2k
1421104_at,Gbp8///Gbp4
1421105_at,Jag1
1421106_at,Jag1
1421107_at,Stk4
1421108_at,Nat8f2
1421109_at,Nat8f2
1421110_at,Mtdh
1421111_at,Rybp-ps///Rybp
1421112_at,Nkx2-2
1421113_at,Pga5
1421114_a_at,Epyc
1421115_a_at,Zdhhc16
1421116_a_at,Rtn4
1421117_at,Dst
1421118_a_at,Adgrg1
1421119_at,Kif21b
1421120_at,Myo6
1421121_at,Akap10
1421122_at,Cbll1
1421123_at,Cdk5r1
1421124_at,Cdk5r1
1421125_at,Strbp
1421126_at,Ryr2
1421127_at,Tmem42
1421128_at,Zrsr2
1421129_a_at,Atp2a3
1421130_at,Zfp111
1421131_a_at,Zfp111
1421132_at,Nectin3
1421133_at,Nectin3
1421134_at,Areg
1421135_a_at,Cnot8
1421136_at,Edn3
1421137_a_at,Pkib
1421138_a_at,Pkib
1421139_a_at,Zfp386
1421140_a_at,Foxp1
1421141_a_at,Foxp1
1421142_s_at,Foxp1
1421143_at,Diaph1
1421144_at,Rpgrip1
1421145_at,Slc26a2
1421146_at,Rapgef1
1421147_at,Terf2
1421148_a_at,Tial1
1421149_a_at,Atn1
1421150_at,Hivep3
1421151_a_at,Epha2
1421152_a_at,Gnao1
1421153_at,Loxl4
1421154_at,Hcn2
1421155_at,B3galt6
1421156_a_at,Dsc2
1421157_at,Fzd3
1421158_at,Cgnl1
1421159_at,Cgnl1
1421160_a_at,Rfng
1421161_at,Btc
1421162_a_at,Nfia
1421163_a_at,Nfia
1421164_a_at,Arhgef1
1421165_at,Mycbp
1421166_at,Atrn
1421167_at,Atp11a
1421168_at,Abcg3
1421169_at,Zfp46
1421170_a_at,Plcb1
1421171_at,Adam12
1421172_at,Adam12
1421173_at,Irf4
1421174_at,Irf4
1421175_at,Myt1l
1421176_at,Rasgrp1
1421177_at,Thap2
1421178_at,Mgat4c
1421179_at,Ttyh2
1421180_at,Lix1
1421181_at,Npcd///Nptxr
1421182_at,Clec1b
1421183_at,Tex12
1421184_a_at,Mettl7a3///Methig1///Mettl7a2///Higd1c///Mettl7a1
1421185_at,Mettl7a1
1421186_at,Ccr2
1421187_at,Ccr2
1421188_at,Ccr2
1421189_at,Gabrb3
1421190_at,Gabrb3
1421191_s_at,Gopc
1421192_a_at,Itsn1
1421193_a_at,Pbx3
1421194_at,Itga4
1421195_at,Cckar
1421196_at,Ptpn11
1421197_a_at,Acin1
1421198_at,Itgav
1421199_at,Dlg2
1421200_at,Dlg2
1421201_a_at,Tro
1421202_at,Chrna4
1421203_at,Chrna4
1421204_a_at,Nudt16
1421205_at,Atm
1421206_at,Gm11959
1421207_at,Lif
1421208_at,Ikbkg
1421209_s_at,Ikbkg
1421210_at,Ciita
1421211_a_at,Ciita
1421212_at,Abcc6
1421213_at,Edaradd
1421214_at,Cmah
1421215_a_at,Slmap
1421216_a_at,Ids
1421217_a_at,Lgals9
1421218_at,Bche
1421219_at,Ttll3
1421220_at,Ankrd17
1421221_at,Bco2
1421222_at,Fip1l1
1421223_a_at,Anxa4
1421224_a_at,Hnf1b
1421225_a_at,Slc4a4
1421226_at,Trem2
1421227_at,Gzme///Gzmd
1421228_at,Ccl7
1421229_at,Dffb
1421230_a_at,Msi2
1421231_at,Msi2
1421232_at,Plxna1
1421233_at,Pknox1
1421234_at,Hnf1a
1421235_s_at,Recql5
1421236_at,Ripk2
1421237_at,Tmpo
1421238_a_at,Ptprt
1421239_at,Il6st
1421240_at,Ern1
1421241_at,Ngfr
1421242_at,Rnf144a
1421243_at,Rnf144a
1421244_at,Esr1
1421245_at,Sost
1421246_at,Pax9
1421247_at,Pax9
1421248_at,Syn3
1421249_at,Slc39a9
1421250_at,Slc39a9
1421251_at,Zfp40
1421252_a_at,Mef2a
1421253_at,Nrap
1421254_a_at,Sgcg
1421255_a_at,Cabp1
1421256_at,Gzmc
1421257_at,Pigb
1421258_a_at,Pklr
1421259_at,Pklr
1421260_a_at,Srm
1421261_at,Lipg
1421262_at,Lipg
1421263_at,Gabra3
1421264_at,Btnl10
1421265_a_at,Rbm38
1421266_s_at,Nfkbib
1421267_a_at,Cited2
1421268_at,Ugcg
1421269_at,Ugcg
1421270_at,Sh3rf1
1421271_at,Sh3rf1
1421272_at,Vav2
1421273_at,Socs4
1421274_at,Socs4
1421275_s_at,Socs4
1421276_a_at,Dst
1421277_at,Spta1
1421278_s_at,Spta1
1421279_at,Lamc2
1421280_at,Gabra1
1421281_at,Gabra1
1421282_at,Bmp5
1421283_at,Bmp5
1421284_at,Pign
1421285_at,Pik3ap1
1421286_a_at,Atp4a
1421287_a_at,Pecam1
1421288_at,F2rl3
1421289_at,Hspb7
1421290_at,Hspb7
1421291_at,Il18rap
1421292_a_at,Nelfb
1421293_at,Hdgfl1
1421294_at,Hdgfl1
1421295_at,Chrdl1
1421296_at,Tnfrsf10b
1421297_a_at,Cacna1c
1421298_a_at,Hipk1
1421299_a_at,Lef1
1421300_at,Adarb2
1421301_at,Zic2
1421302_a_at,Gna15
1421303_at,Ikzf1
1421304_at,Klra2
1421305_x_at,Rabep1
1421306_a_at,Hdac9
1421307_at,Car13
1421308_at,Car13
1421309_at,Mgmt
1421310_at,Actl11
1421311_at,Pcdh10
1421312_a_at,Kifc2
1421313_s_at,Cttn
1421314_at,Cttn
1421315_s_at,Cttn
1421316_at,Lce1g
1421317_x_at,Myb
1421318_at,Ndst4
1421319_at,Ptgfrn
1421320_a_at,Qtrtd1
1421321_a_at,Net1
1421322_a_at,Irf9
1421323_a_at,G3bp2
1421324_a_at,Akt2
1421325_at,Pla2g2f
1421326_at,Csf2rb
1421327_at,A730034C02///Map2
1421328_at,A730034C02///Map2
1421329_a_at,Smyd1
1421330_at,Ptpn4
1421331_at,Hs3st3b1
1421332_at,Hs3st3b1
1421333_a_at,Mynn
1421334_x_at,Mynn
1421335_a_at,Egfl7
1421336_at,Prox1
1421337_at,Elf4
1421338_at,Elf4
1421339_at,Extl3
1421340_at,Map3k5
1421341_at,Axin2
1421342_at,Kcns2
1421344_a_at,Ajuba
1421345_at,Lrat
1421346_a_at,Slc6a6
1421347_at,Ftmt
1421348_a_at,Cend1
1421349_x_at,Cend1
1421350_a_at,Grip1
1421351_at,Gria4
1421352_at,Tlr6
1421353_at,Pde7b
1421354_at,Prkg2
1421355_at,Tgm3
1421356_at,Tex9
1421357_at,Gtf2a1
1421358_at,H2-M3
1421359_at,Ret
1421360_at,Inpp4a
1421361_at,Grk1
1421362_a_at,Frk
1421363_at,Cyp2c39
1421364_at,Lrfn1
1421365_at,Fst
1421366_at,Clec5a
1421367_at,4930549C01Rik
1421368_at,Scrt1
1421369_a_at,Mab21l1
1421370_a_at,Il1f5
1421372_at,Klk1b4
1421373_at,Cox4i2
1421374_a_at,Fxyd1
1421375_a_at,S100a6
1421376_at,Traf6
1421377_at,Traf6
1421378_s_at,Abcc1
1421379_at,Zfp354b
1421380_at,Insr
1421381_a_at,Col9a1
1421382_at,Prlr
1421383_at,Ccdc82
1421384_at,Lyst
1421385_a_at,Myo7a
1421386_at,Ankrd6
1421387_at,Kremen1
1421388_at,Mef2d
1421389_a_at,Eif2ak4
1421390_at,Slc12a1
1421391_at,Vipr2
1421392_a_at,Birc3
1421393_at,Grin2d
1421394_a_at,Xiap
1421395_at,Zik1
1421396_at,Pcsk1
1421397_a_at,Pidd1
1421398_at,Trim7
1421399_at,Insm1
1421400_at,Kcnmb1
1421401_at,Kcnmb1
1421402_at,Mta3
1421403_at,Pi15
1421404_at,Cxcl15
1421405_at,Zim1
1421406_at,Entpd7
1421407_at,F2rl2
1421408_at,Igsf6
1421409_at,Msi1
1421410_a_at,Pstpip2
1421411_at,Pstpip2
1421412_at,Gsc
1421413_a_at,Pdlim5
1421414_a_at,Sema6a
1421415_s_at,Gcnt2
1421416_at,Map2k7
1421417_s_at,Elac1
1421418_a_at,Psg19
1421419_at,Kcnk4
1421420_at,Ccr10
1421421_at,Angptl1
1421422_at,Sugct
1421423_at,Prl7c1
1421424_a_at,Anpep
1421425_a_at,Rcan2
1421426_at,Hhip
1421427_at,Col25a1
1421428_at,Slc5a7
1421429_a_at,Npnt
1421430_at,Rad51b
1421431_at,Ptrf
1421432_at,Arl10
1421433_at,Zfhx4
1421434_at,Dnah5
1421435_at,Grid2
1421436_at,Grid2
1421437_x_at,Pcdhb14
1421438_at,Pcdhb14
1421439_at,Wnt8b
1421440_at,Wnt8b
1421441_at,Angpt1
1421442_at,Flt4
1421443_at,Adgrf1
1421444_at,Pgr
1421445_at,Slc26a3
1421446_at,Prkcg
1421447_at,Onecut1
1421448_at,Ralgapa1
1421449_at,Csmd1
1421450_a_at,Map3k4
1421451_at,Crb1
1421452_at,Cdon
1421453_at,Jph2
1421454_at,Zfp108
1421455_at,Sntb1
1421456_at,P2ry1
1421457_a_at,Samsn1
1421458_at,Zfp112
1421459_a_at,Lrp8
1421460_at,Dsc1
1421461_at,Mpl
1421462_a_at,P3h1
1421463_at,Siglece
1421464_at,Nkx3-2
1421465_at,Wnt2b
1421466_at,Asb10
1421467_at,Runx3
1421468_at,Kcnj3
1421469_a_at,Stat5a
1421470_at,Grpr
1421471_at,Npy1r
1421472_at,Srrm3
1421473_at,Il1a
1421474_a_at,Spsb1
1421475_at,Ms4a2
1421476_a_at,Cant1
1421477_at,Cplx2
1421478_a_at,Zfp318
1421479_at,Zfp318
1421480_a_at,Adarb1
1421481_at,Tnfrsf9
1421482_at,Bsnd
1421483_at,Lhx4
1421484_at,Ugt2a2///Ugt2a1
1421485_at,Ttbk2
1421486_at,Egr3
1421487_a_at,Nck1
1421488_at,Rabgap1l
1421489_a_at,2010106E10Rik
1421490_at,Prpmp5
1421491_a_at,Vmp1
1421492_at,Hpgds
1421493_a_at,Rgs20
1421494_at,Krtap4-2
1421495_a_at,Armt1
1421496_at,Acer2
1421497_at,Gpha2
1421498_a_at,2010204K13Rik
1421499_a_at,Ptpn14
1421500_at,Sts
1421501_a_at,Erc1
1421502_at,Usp26
1421503_at,Pcdh15
1421504_at,Sp4
1421505_at,Mixl1
1421506_at,Olfr78
1421507_at,Olfr78
1421508_at,Tenm1
1421509_at,Sorcs1
1421510_at,Tmprss15
1421511_at,Itgb3
1421512_at,Cep250
1421513_at,Tdrd1
1421514_a_at,Scml2
1421515_at,Nr6a1
1421516_at,Nr6a1
1421517_at,St6galnac1
1421518_at,Kcns1
1421519_a_at,Zfp120
1421520_at,Jph1
1421521_at,4930430A15Rik
1421522_at,B4galnt2
1421523_at,Fgf17
1421524_at,Cfc1
1421525_a_at,Naip5
1421526_at,Tll2
1421527_at,Epha6
1421528_a_at,Med22
1421529_a_at,Txnrd1
1421530_a_at,Grm8
1421531_at,Akap3
1421532_at,Rxfp2
1421533_at,Slc7a1
1421534_at,Dfna5
1421535_a_at,Pde4a
1421536_at,Gabrq
1421537_at,Hoxd4///Hoxd3
1421538_at,Kcnd1
1421539_at,Zic4
1421540_at,Tcam1
1421541_a_at,Mef2b
1421542_at,Dzip1
1421543_at,Fbxo4
1421544_at,Dnah11
1421545_a_at,Syne1
1421546_a_at,Racgap1
1421547_at,Cd180
1421548_at,Pcdhb2
1421549_at,Pcdhb15
1421550_a_at,Trim34b///Trim34a
1421551_s_at,Ifi202b
1421552_at,Cdx4
1421553_at,Epm2a
1421554_at,Lmx1a
1421555_at,Adrb3
1421556_at,Serpina3a
1421557_x_at,Txn2
1421558_at,T2
1421559_at,Abo
1421560_at,Snai3
1421561_at,Bhlhe23
1421562_at,Cd209c
1421563_at,Atp7b
1421564_at,Serpina3c
1421565_at,Robo3
1421566_at,Pet2
1421567_at,Npas3
1421568_at,Kcna6
1421569_at,Grid1
1421570_at,Il9r
1421571_a_at,Ly6c2///Ly6c1
1421572_at,Hif3a
1421573_at,4930533N22Rik
1421574_at,Rap2a
1421575_at,2310057N15Rik
1421576_at,4930524B15Rik
1421577_at,Evx2
1421578_at,Ccl4
1421579_at,Hoxa9
1421580_at,Cntnap1
1421581_at,Kcnj6
1421582_a_at,Creb1
1421583_at,Creb1
1421584_at,Opn4
1421585_at,Fam187a
1421586_a_at,Cd46
1421587_at,Klk1b27
1421588_at,Tnfsf14
1421589_at,Krt31
1421590_at,Mrgprh
1421591_at,Cylc1
1421592_at,Ncam2
1421593_at,Ncam2
1421594_a_at,Sytl2
1421595_at,Fam184b
1421596_s_at,Ifi44l
1421597_a_at,Msx3
1421599_at,Hs6st3
1421600_a_at,Trim26
1421601_at,Gsx2
1421602_at,Shbg
1421603_a_at,Ceacam2
1421604_a_at,Klf3
1421605_a_at,Aqp9
1421606_a_at,Sult4a1
1421607_at,Vgll1
1421608_at,Il20
1421609_a_at,Nat8f6///Nat8f7///Nat8f3
1421610_at,Cx3cl1
1421611_at,AB041806
1421612_a_at,H2afy2///H2afy3
1421613_at,H2afy3
1421614_at,Zan
1421615_at,Myo15
1421616_at,Grin2a
1421617_at,Trpm8
1421618_at,Myo1f
1421619_at,Kcnh3
1421620_at,Il5ra
1421621_at,Rasgrf2
1421622_a_at,Rapgef4
1421623_at,Il12rb2
1421624_a_at,Enah
1421625_a_at,Tmc1
1421626_at,Tmc1
1421627_at,Evx1
1421628_at,Il18r1
1421629_at,Gabre
1421630_at,Zfy2///Zfy1
1421631_at,Pcdhb1
1421632_at,Kcnn3
1421633_a_at,Hapln1
1421634_at,Capn8
1421635_at,Cnnm4
1421636_at,Tbc1d8b
1421637_at,Slc5a4a
1421638_at,Psg17
1421639_at,1700082M22Rik
1421640_a_at,Tank
1421641_at,Slc6a2
1421642_a_at,Cysltr2
1421643_at,Ikzf2
1421644_at,Slfn3
1421645_at,Cemip
1421646_a_at,Pias3
1421647_at,Cd1d2
1421648_at,Nlgn1
1421649_at,Tnfrsf8
1421650_at,Mepe
1421651_at,Ankrd22
1421652_at,Htr3b
1421653_a_at,Igha///Igh-VJ558
1421654_a_at,Lmna
1421655_a_at,Ccr4
1421656_at,Spry2
1421657_a_at,Sox17
1421658_x_at,Psg18
1421659_at,Adra1a
1421660_at,Scn9a
1421661_at,Fpr3
1421662_a_at,Tusc3
1421663_at,Dhrs2
1421664_a_at,Styx
1421665_a_at,Gnrhr
1421666_a_at,Aanat
1421667_at,Nmur1
1421668_x_at,Speer3
1421669_at,Sult3a1
1421670_a_at,Irak4
1421671_at,Hsd17b3
1421672_at,Il17a
1421673_s_at,Stx1b
1421675_at,1700123K08Rik
1421676_at,Samt4
1421677_at,Fgf20
1421678_at,Itpr2
1421679_a_at,Cdkn1a
1421680_at,A030005L19Rik
1421681_at,Nrg4
1421682_a_at,Gm3448///Gm3417///Tcte3
1421683_at,Gm3448///Gm3417///Tcte3
1421684_at,Ctsll3
1421685_at,Clec4b1
1421686_at,Npvf
1421687_at,Msmb
1421688_a_at,Ccl1
1421689_at,Krtap19-5
1421690_s_at,Agrp
1421691_at,Krtap21-1
1421692_at,Cacna1e
1421693_a_at,Adgrv1
1421694_a_at,Vcan
1421695_at,Strc
1421696_at,Pkhd1l1
1421697_at,Ush2a
1421698_a_at,Col19a1
1421699_at,Enam
1421700_at,Tex16
1421701_at,Vmn2r10
1421702_at,Rdh1
1421703_at,Zfp59
1421704_a_at,Pik3c2g
1421705_at,Scn3a
1421706_at,Mmp20
1421707_at,Tmc2
1421708_a_at,Stat6
1421709_a_at,Fmo5
1421710_at,Zfp92
1421711_at,Zfp109
1421712_at,Sele
1421713_at,Pramel1
1421714_at,Tmprss3
1421715_at,Vmn2r1
1421716_at,Vmn1r65
1421717_at,Vmn1r58
1421718_at,Strm
1421719_at,Vmn2r26
1421720_a_at,Dtx2
1421721_a_at,Arnt
1421723_at,Pcdhb18
1421724_at,Vmn1r171
1421725_at,Slc26a5
1421726_at,Ap4b1
1421727_at,Eya1
1421728_at,Olig3
1421729_a_at,Fer
1421730_at,Nr5a1
1421731_a_at,Fen1
1421732_at,Glrp1
1421733_a_at,Tpst1
1421734_at,Cxcr2
1421735_a_at,St8sia5
1421736_at,Vmn1r56
1421737_at,Alx4
1421738_at,Gabra2
1421739_a_at,Matk
1421740_at,Gnas
1421741_at,Cyp3a16
1421743_a_at,Pcbp2
1421744_at,Tnfsf4
1421745_at,Plag1
1421746_a_at,Fbxo17
1421747_at,Esrrg
1421748_a_at,Tubd1
1421749_at,Lin28a
1421750_a_at,Vbp1
1421751_a_at,Psmd14
1421752_a_at,Serpinb5
1421753_a_at,Lhx3
1421754_at,AY036118
1421755_at,Gpr132
1421756_a_at,Gpr19
1421757_at,Htr6
1421758_at,Nat1
1421759_a_at,Foxk1
1421760_at,Ptcra
1421761_a_at,Barx2
1421762_at,Kcnj5
1421763_at,Bmp10
1421764_at,Vmn1r172
1421765_at,Pax5
1421766_at,Uchl4
1421767_at,Adk
1421768_a_at,Homer1
1421769_at,Lmx1b
1421770_a_at,Tlx2
1421771_a_at,Ipp
1421772_a_at,Cox7a2l
1421773_at,Etv2
1421774_at,Vax1
1421775_at,Fcer1a
1421776_at,Olfr74
1421777_at,Olfr73
1421778_at,Vmn1r49
1421779_at,Rit2
1421780_a_at,Cabp5
1421781_at,Upk2
1421782_a_at,Smr2
1421783_a_at,Kcnip2
1421784_a_at,Efna4
1421785_at,Uevld
1421786_at,Ppp3r1
1421788_x_at,Egfbp2
1421789_s_at,Arf3
1421790_a_at,Kcnab3
1421791_at,Ang3
1421792_s_at,Trem2
1421793_at,Fgf11
1421794_at,Klrc3
1421795_s_at,Klrc3///Klrc2
1421796_a_at,Efna5
1421797_a_at,Snx12
1421798_at,Msgn1
1421799_at,Uts2
1421800_at,Phxr1
1421802_at,Ear1
1421803_at,Scgb1b2
1421804_at,Fabp9
1421806_at,Defb3
1421807_at,Defb6
1421808_at,Defb5
1421809_at,Dgcr2
1421810_at,Dgcr2
1421811_at,Pald1///Thbs1
1421812_at,Tapbp
1421813_a_at,Psap
1421814_at,Msn
1421815_at,Epdr1
1421816_at,Gsr
1421817_at,Gsr
1421818_at,Bcl6
1421819_a_at,Set
1421820_a_at,Nf2
1421821_at,Ldlr
1421822_at,Ppp2cb
1421823_a_at,Ppp2cb
1421824_at,Bace1
1421825_at,Bace1
1421826_at,Dll4
1421827_at,Dll4
1421828_at,Kpna3
1421829_at,Ak4
1421830_at,Ak4
1421831_at,Ak4
1421832_at,Twsg1
1421833_at,Pip5k1b
1421834_at,Pip5k1b
1421835_at,Map7
1421836_at,Map7
1421837_at,Rps18
1421838_at,Rps18
1421839_at,Abca1
1421840_at,Abca1
1421841_at,Fgfr3
1421842_a_at,Adat3///Scamp4
1421843_at,Il1rap
1421844_at,Il1rap
1421845_at,Golph3
1421846_at,Wsb2
1421847_at,Wsb2
1421848_at,Slc22a5
1421849_at,Stag2
1421850_at,Map1b
1421851_at,Map1b
1421852_at,Kcnk5
1421853_at,Psen1
1421854_at,Fgl2
1421855_at,Fgl2
1421856_at,S100a3
1421857_at,Adam17
1421858_at,Adam17
1421859_at,Adam17
1421860_at,Clstn1
1421861_at,Clstn1
1421862_a_at,Vamp1
1421863_at,Vamp1
1421864_at,Dbil5
1421865_at,Dbil5
1421866_at,Nr3c1
1421867_at,Nr3c1
1421868_a_at,Pnlip
1421869_at,Trim44
1421870_at,Trim44
1421871_at,Sh3bgrl
1421872_at,Rab24
1421873_s_at,Rab24
1421874_a_at,Mrps23
1421875_a_at,Mrps23
1421876_at,Mapk9
1421877_at,Mapk9
1421878_at,Mapk9
1421879_at,Mtmr1
1421880_at,Mtmr1
1421881_a_at,Elavl2
1421882_a_at,Elavl2
1421883_at,Elavl2
1421884_at,Sos1
1421885_at,Sos1
1421886_at,Sos1
1421887_a_at,Aplp2
1421888_x_at,Aplp2
1421889_a_at,Aplp2
1421890_at,St3gal2
1421891_at,St3gal2
1421892_at,St3gal2
1421893_a_at,Tpp2
1421894_a_at,Tpp2
1421895_at,Eif2s3x
1421896_at,Elk1
1421897_at,Elk1
1421898_a_at,Mr1
1421899_a_at,Mr1
1421900_at,Eif2ak1
1421901_at,Eif2ak1
1421902_at,Med29
1421903_at,Med29
1421904_at,Tgs1
1421905_at,Tgs1
1421906_at,Med1
1421907_at,Med1
1421908_a_at,Tcf12
1421909_at,Tcf20
1421910_at,Tcf20
1421911_at,Stat2
1421912_at,Slc23a1
1421913_at,Mrpl19
1421914_s_at,Mrpl19
1421915_a_at,St3gal3
1421916_at,Pdgfra
1421917_at,Pdgfra
1421918_at,Anp32a
1421919_a_at,Ccr9
1421920_a_at,Ccr9
1421921_at,Serpina3m
1421922_at,Sh3bp5
1421923_at,Sh3bp5
1421924_at,Slc2a3
1421925_at,Mapk11
1421926_at,Mapk11
1421927_at,Tbl2
1421928_at,Epha4
1421929_at,Epha4
1421930_at,Icos
1421931_at,Icos
1421932_at,Cbx5
1421933_at,Cbx5
1421934_at,Cbx5
1421935_at,Rps20
1421936_at,Dapp1
1421937_at,Dapp1
1421938_at,Serhl
1421939_a_at,Stag1
1421940_at,Stag1
1421941_at,Camk4
1421942_s_at,Tgfa
1421943_at,Tgfa
1421944_a_at,Asgr1
1421945_a_at,Rpf2
1421946_at,Crp
1421947_at,Gng12
1421948_a_at,Cep89
1421949_a_at,Cep89
1421950_at,Pfdn2
1421951_at,Lhx1
1421952_at,Capn6
1421953_at,Crkl
1421954_at,Crkl
1421955_a_at,Nedd4
1421956_at,Rbpjl
1421957_a_at,Pcyt1a
1421958_at,L1cam
1421959_s_at,Adcy3
1421960_at,Adcy3
1421961_a_at,Dnajb5
1421962_at,Dnajb5
1421963_a_at,Cdc25b
1421964_at,Notch3
1421965_s_at,Notch3
1421966_at,Ncam1
1421967_at,B4galt5
1421968_a_at,Nipa2
1421969_a_at,Faah
1421970_a_at,Gria2
1421971_a_at,Mrps34
1421972_s_at,Hcfc1
1421973_at,Gfra1
1421974_at,Dnaaf1
1421975_a_at,Add2
1421976_at,Mmp19
1421977_at,Mmp19
1421978_at,Gad2
1421979_at,Phex
1421980_at,Kcnc3
1421981_at,Kcnc3
1421982_a_at,Unc50
1421983_s_at,Hnf4a
1421984_at,Stc1
1421985_a_at,Eif4e2
1421986_at,Eif4e2
1421987_at,Papss2
1421988_at,Papss2
1421989_s_at,Papss2
1421990_at,Syt1
1421991_a_at,Igfbp4
1421992_a_at,Igfbp4
1421993_a_at,Tmem134
1421994_a_at,Hs1bp3
1421995_at,Tfap2a
1421996_at,Tfap2a
1421997_s_at,Itga3
1421998_at,Tor3a
1421999_at,Tshr
1422000_at,Akr1c12
1422001_at,Inhbc
1422002_at,Mxd1
1422003_at,Cxcr5
1422004_at,D730048I06Rik
1422005_at,Eif2ak2
1422006_at,Eif2ak2
1422007_at,Aqp3
1422008_a_at,Aqp3
1422009_at,Atp1b2
1422010_at,Tlr7
1422011_s_at,3830403N18Rik///Xlr
1422012_at,Crhr2
1422013_at,Clec4a2
1422014_at,Foxp2
1422015_a_at,Abcb8
1422016_a_at,Cenph
1422017_s_at,4833439L19Rik
1422018_at,Hivep2
1422019_at,Tgfbr2
1422020_at,Spry4
1422021_at,Spry4
1422022_at,Zfp319
1422023_at,Bsn
1422024_at,Fli1
1422025_at,Mitf
1422026_at,Pi16
1422027_a_at,Ets1
1422028_a_at,Ets1
1422029_at,Ccl20
1422030_at,Atp6v0a4
1422031_a_at,Zfand6
1422032_a_at,Zfand6
1422033_a_at,Gm44505///Zfp91///Cntf
1422034_a_at,Palm
1422035_at,Serpinb9c
1422036_at,Strn
1422037_at,Dlx3
1422038_a_at,Tnfrsf22
1422039_at,Tnfrsf22
1422040_at,Sema7a
1422041_at,Pilrb1
1422042_at,Gjc3
1422043_at,Tsc1
1422044_at,Ndst1
1422045_a_at,Ptpn12
1422046_at,Itgam
1422047_at,Cdh5
1422048_at,Trpc5
1422049_at,Nkx1-2
1422050_at,Nkx1-2
1422051_a_at,Gabbr1
1422052_at,Cdh8
1422053_at,Inhba
1422054_a_at,Skil
1422055_at,Mid1
1422056_at,Ntn3
1422057_at,Nodal
1422058_at,Nodal
1422059_at,Cbx2
1422060_at,Parvb
1422061_at,Akr1c20
1422062_at,Msr1
1422063_a_at,Pex5
1422064_a_at,Zbtb20
1422065_at,Klrb1b
1422066_x_at,Klrb1b
1422067_at,Klrb1b
1422068_at,Pou3f1
1422069_at,Mc1r
1422070_at,Adh4
1422071_at,Lgals6
1422072_a_at,Gstm6
1422073_a_at,Celsr2
1422074_at,Cdx2
1422075_at,Cdx2
1422076_at,Acot4
1422077_at,Acot4
1422078_at,Akt3
1422079_at,Prkch
1422080_at,Il7
1422081_at,Ky
1422082_a_at,Nfya
1422083_at,Tlr9
1422084_at,Bmx
1422085_at,Tbx19
1422086_at,Tbx19
1422087_at,Mycl
1422088_at,Mycl
1422089_at,Ncr1
1422090_a_at,Pfkfb2
1422091_at,Pfkfb2
1422092_at,Pfkfb2
1422093_at,Wnt3a
1422094_a_at,Zfp329
1422095_a_at,Cmpk2
1422096_at,Mgat4d
1422097_at,Mgat4d
1422098_at,Acvr1b
1422099_a_at,Oprl1
1422100_at,Cyp7a1
1422101_at,Tnfrsf23
1422102_a_at,Stat5b
1422103_a_at,Stat5b
1422104_at,Vsx1
1422105_at,Cd3e
1422106_a_at,Spsb2
1422107_at,Mturn
1422108_at,Ppp1r3a
1422109_at,Rfx1
1422110_at,Hr
1422111_at,Ackr2
1422112_at,Ackr2
1422113_at,Slc5a5
1422114_at,Erf
1422115_a_at,Rpl13a///Flt3l
1422116_at,Aff2
1422117_s_at,Khdrbs2
1422118_at,Sync
1422119_at,Rab5b
1422120_at,Eaf2
1422121_at,Oprd1
1422122_at,Fcer2a
1422123_s_at,Ceacam2///Ceacam1
1422124_a_at,Ptprc
1422125_at,Htr2b
1422126_a_at,Nudt13
1422127_at,Dhh
1422128_at,Rpl14
1422129_at,Apc2
1422130_at,Nptx1
1422131_at,Dcp1a
1422132_at,Mthfr
1422133_at,Spn
1422134_at,Fosb
1422135_at,LOC102643033
1422136_at,Uhmk1
1422137_at,Duoxa2
1422138_at,Plau
1422139_at,Plau
1422140_at,LOC100503923///LOC100041903///Gm2666///Gm7609///Csprs
1422141_s_at,LOC100503923///Gm15433///LOC100041903///Gm2666///Gm7609///Csprs
1422142_at,Nphs1
1422143_at,Akap7
1422144_at,Inhbe
1422145_at,Mgat3
1422146_at,Sema5b
1422147_a_at,Pla2g6
1422148_at,Matn3
1422149_at,Foxo4
1422150_at,Hmx3
1422151_at,Gatsl2
1422152_at,Hmx1
1422153_a_at,Asb11
1422154_at,Gpr27
1422155_at,Hist2h3b///Hist1h3e///Hist1h3b///Hist1h3d///Hist1h3c///Hist1h3f///Hist2h3c2///Hist2h3c1
1422156_a_at,Gm8842///Gm8841///Gm10420///Gm6139///Rps2
1422157_a_at,Itgb1bp1
1422158_at,Clstn2
1422159_at,Ppef2
1422160_at,H2-T24
1422161_at,Siglec1
1422162_at,Dcc
1422163_at,Sh3pxd2a
1422164_at,Pou3f4
1422165_at,Pou3f4
1422166_at,Clec2i
1422167_at,Sema5a
1422168_a_at,Bdnf
1422169_a_at,Bdnf
1422170_at,Slc5a3
1422171_at,Ptgdr
1422172_x_at,2810408B13Rik
1422173_at,Pdx1
1422174_at,Pdx1
1422175_at,Mmp1a
1422176_at,Fgf23
1422177_at,Il13ra2
1422178_a_at,Rab17
1422179_at,Gjb4
1422180_a_at,Tpsb2
1422181_at,Cnga2
1422182_at,Hnf4g
1422183_a_at,Adra1b
1422184_a_at,Ak1
1422185_a_at,Cyb5r3
1422186_s_at,Cyb5r3
1422187_at,Gabrg3
1422188_s_at,Tcrg-V4///Trgv2
1422189_x_at,Tcrg-V4
1422190_at,C5ar1
1422191_at,Cd200r1
1422192_at,Gja5
1422193_at,Gucy2e
1422194_at,Scn5a
1422195_s_at,Tbx15
1422196_at,Htr5b
1422197_at,Kcna2
1422198_a_at,Shmt1
1422199_at,Omp
1422200_at,Omp
1422201_at,Gm20506///H2-Ob
1422202_at,Thrb
1422203_at,Slc18a3
1422204_at,Avpr1b
1422205_at,Sox1
1422206_at,B3galt1
1422207_at,Htr5a
1422208_a_at,Gnb5
1422209_s_at,Gm11559///Gm11567///Gm11568///Krtap9-1
1422210_at,Foxd3
1422211_a_at,B3gnt3
1422212_at,Foxh1
1422213_s_at,Foxh1
1422214_at,Npffr2
1422215_at,4930542C12Rik
1422216_at,Mid2
1422217_a_at,Cyp1a1
1422218_at,P2rx7
1422219_a_at,Tbx20
1422220_at,Pou1f1
1422221_at,Hand2
1422222_at,Ivl
1422223_at,Grin2b
1422224_at,Tcp10c///Tcp10b///Tcp10a
1422225_s_at,Tcp10c///Tcp10b///Tcp10a
1422226_at,Abat
1422227_at,Klf12
1422228_at,Wnt8a
1422229_at,Usp17ld///Usp17lc
1422230_s_at,Cyp2a5///Cyp2a4
1422231_a_at,Tnfrsf25
1422232_at,Phox2b
1422233_at,Elk4
1422234_at,Tacr2
1422235_at,Htr7
1422236_at,Ttc39d
1422237_at,Mc3r
1422239_at,Hoxd13
1422240_s_at,Sprr2h
1422241_a_at,Ndufa1
1422242_at,Defa-rs10
1422243_at,Fgf7
1422244_at,Pkdrej
1422245_a_at,Mrvi1
1422246_at,Dspp
1422247_a_at,Uty
1422248_at,Irs4
1422249_s_at,Zfx///Zfa-ps
1422250_at,Map3k2
1422251_at,Neurl1a
1422252_a_at,Cdc25c
1422253_at,Col10a1
1422254_a_at,Dyrk1b
1422255_at,Kcna4
1422256_at,Sstr2
1422257_s_at,Cyp2b10
1422258_at,Chrm3
1422259_a_at,Ccr5
1422260_x_at,Ccr5
1422261_a_at,Msh3
1422262_a_at,Lhx6
1422263_at,Bdkrb2
1422264_s_at,Klf9
1422265_at,Brs3
1422266_at,Mycs
1422267_at,Foxb2
1422268_a_at,Rps6kb2
1422269_at,Insm2
1422270_a_at,Il6ra
1422271_at,Npy4r
1422272_at,Phxr4
1422273_at,Mmp1b
1422274_at,Gja8
1422275_at,Ptgdr2
1422276_at,P2ry4
1422277_at,Glra1
1422278_at,Drd3
1422279_at,Fv1
1422280_at,Gzmk
1422281_at,Sstr4
1422282_at,Tacr1
1422283_at,Cd40lg
1422284_at,Nkx2-9
1422285_at,Otp
1422286_a_at,Tgif1
1422287_at,Phxr2
1422288_at,Htr1b
1422289_a_at,Ctsq
1422290_at,Htr1d
1422291_at,Ccr8
1422292_at,A030005K14Rik
1422293_a_at,Kctd1
1422294_at,Xcr1
1422295_at,Mecom
1422296_at,Sike1
1422297_at,Pfdn5
1422298_at,Krtap28-13
1422299_a_at,Styxl1
1422300_at,Nog
1422301_at,LOC100862446///Mir692-3///Mir692-1///Mir692-2///Ftl1-ps2///Ftl1
1422302_s_at,LOC100862446///Ftl1-ps2///Ftl1
1422303_a_at,Tnfrsf18
1422304_at,Lcn4
1422305_at,Ifnb1
1422306_at,Lcn3
1422307_at,Sppl3
1422308_a_at,Lgals7
1422309_a_at,Flad1///Lenep
1422310_at,Snn
1422311_a_at,Polr2a
1422312_a_at,Neurog3
1422313_a_at,Igfbp5
1422314_at,Clcn6
1422315_x_at,Phkg1
1422316_at,Gp1ba
1422317_a_at,Il1rl1
1422318_at,Foxd4
1422320_x_at,Phxr5
1422321_a_at,Sf1
1422322_at,Chml
1422323_a_at,Lbx1
1422324_a_at,Pthlh
1422325_at,Magea5
1422326_at,G6pd2
1422327_s_at,G6pdx///G6pd2
1422328_at,Gja10
1422329_a_at,Ntrk3
1422330_at,Glp1r
1422331_at,Pou3f3
1422332_at,Ifna11
1422333_at,Cyp21a1
1422334_a_at,Sftpa1
1422335_at,Adra2c
1422336_at,Hoxa13
1422337_at,Olfr156
1422338_at,Gpr63
1422339_at,Gja3
1422340_a_at,Actg2
1422341_s_at,Pla2g15
1422342_at,Nmbr
1422343_at,Olfr155
1422344_s_at,Tnfrsf10b
1422345_s_at,Mageb3///Mageb2///Mageb1
1422346_at,Nkx2-1
1422347_at,Npy6r
1422348_at,Gm38417///H2-Q2///H2-L///H2-D1
1422349_at,Ccr1l1
1422350_at,Fpr-rs3
1422351_at,Olfr480
1422352_at,Mcpt1
1422353_at,Pou4f3
1422354_at,Olfr544
1422355_at,Taar1
1422356_at,Vmn1r41
1422357_at,Magea6
1422358_at,Fpr-rs4
1422359_at,Olfr690
1422360_at,Olfr672
1422361_at,Tlm
1422362_s_at,Olfr69///Olfr68
1422363_at,Olfr65
1422364_at,Olfr68
1422365_at,Olfr17
1422366_at,Vmn1r54
1422367_at,Olfr70
1422368_at,Vmn1r43
1422369_at,Vmn1r42
1422370_at,Olfr49
1422371_at,Olfr1507
1422372_at,Olfr15
1422373_at,Olfr71
1422374_s_at,Olfr66
1422375_a_at,Art1
1422376_at,Vmn1r50
1422377_at,Vmn1r44
1422378_at,Vmn1r40
1422379_x_at,Vmn1r41
1422381_at,Olfr151///Olfr160
1422382_at,Olfr16
1422384_at,Olfr1509
1422385_at,Olfr1264
1422386_at,Olfr64
1422387_at,Vmn1r29
1422388_at,Vmn1r25
1422389_at,Tas2r105
1422390_at,Vmn1r13
1422391_at,Vmn1r11
1422392_at,Vmn1r15
1422393_at,Foxe3
1422395_at,Vmn1r30///Vmn1r25
1422396_s_at,Ascl2
1422397_a_at,Il15ra
1422398_at,Hist1h1e
1422399_a_at,Rab23
1422400_a_at,Gml///Gml2
1422401_at,Sprr3
1422402_a_at,Asz1
1422403_at,Ifna12///Ifna15///Ifna16///Ifnab///Ifna9///Ifna7///Ifna6///Ifna5///Ifna1
1422404_x_at,Ifna12///Ifna15///Ifna16///Ifnab///Ifna9///Ifna7///Ifna6///Ifna5///Ifna1
1422405_at,H2-D4
1422406_at,Ifna9
1422407_s_at,Hras
1422408_at,Ifna4
1422409_at,Hes3
1422410_at,Ferd3l
1422411_s_at,Ear12///Ear3///Ear2///Ear1
1422412_x_at,Ear3
1422413_at,Cramp1l
1422414_a_at,Calm3///Calm2///Calm1
1422415_at,Ang2
1422416_s_at,Vpreb2///Vpreb1
1422418_s_at,Supt4b///Supt4a
1422419_s_at,Tnp2
1422420_at,Mb
1422421_at,Defa-rs12
1422422_at,Defa4
1422423_at,Magea7-ps
1422424_at,Hpvc-ps
1422425_at,Sprr2k
1422427_a_at,Svs2
1422428_at,Acsbg1
1422429_at,Rnf14
1422430_at,Fignl1
1422431_at,Magee1
1422432_at,Dbi
1422433_s_at,Idh1
1422434_a_at,2210010C04Rik
1422435_at,2210010C04Rik
1422436_at,2210010C04Rik
1422437_at,Col5a2
1422438_at,Ephx1
1422439_a_at,Cdk4
1422440_at,Cdk4
1422441_x_at,Cdk4
1422442_at,Smu1
1422443_at,Xpnpep1
1422444_at,Itga6
1422445_at,Itga6
1422446_x_at,Ins2
1422447_at,Ins1
1422448_at,Tff2
1422449_s_at,Rcn2
1422450_at,Ctnnd1
1422451_at,Mrps21
1422452_at,Bag3
1422453_at,Prpf8
1422454_at,Krt13
1422455_s_at,Nsf
1422456_at,Nsf
1422457_s_at,Sumo3
1422458_at,Tcl1
1422459_a_at,Psmd13
1422460_at,Mad2l1
1422461_at,Atad3a
1422462_at,Ube2t
1422463_a_at,Mrpl3
1422464_at,Mrpl3
1422465_a_at,Nxn
1422466_at,Nxn
1422467_at,Ppt1
1422468_at,Ppt1
1422469_at,Tbk1
1422470_at,Bnip3
1422471_at,Pex13
1422472_at,Pex13
1422473_at,Pde4b
1422474_at,Pde4b
1422475_a_at,Rps3a1
1422476_at,Ifi30
1422477_at,Cables1
1422478_a_at,Acss2
1422479_at,Acss2
1422480_at,Snx3
1422481_at,Krt1
1422482_at,Ruvbl2
1422483_a_at,Cycs
1422484_at,Cycs
1422485_at,Smad4
1422486_a_at,Smad4
1422487_at,Smad4
1422488_at,Nxt1
1422489_at,Mogs
1422490_at,Bnip2
1422491_a_at,Bnip2
1422492_at,Cpox
1422493_at,Cpox
1422494_s_at,Cdk20
1422495_a_at,Hmgn1
1422496_at,Hmgn1
1422497_at,Slc30a5
1422498_at,Mageh1
1422499_at,Lima1
1422500_at,Idh3a
1422501_s_at,Idh3a
1422502_at,Parp1
1422503_s_at,Parp1
1422504_at,Glrb
1422505_at,Chrac1
1422506_a_at,Cstb
1422507_at,Cstb
1422508_at,Atp6v1a
1422509_at,U2af1
1422510_at,Ctdspl
1422511_a_at,Ogfr
1422512_a_at,Ogfr
1422513_at,Ccnf
1422514_at,Aebp1
1422515_at,Pate4
1422516_a_at,Fibp
1422517_a_at,Znrd1
1422518_at,Cask
1422519_at,Cask
1422520_at,Nefm
1422521_at,Dctn1
1422522_at,Fxr2
1422523_at,Pmel
1422524_at,Abcb6
1422525_at,Atp5k
1422526_at,Acsl1
1422527_at,H2-DMa
1422528_a_at,Zfp36l1
1422529_s_at,Casq2
1422530_at,Prph
1422531_at,Syt5
1422532_at,Xpc
1422533_at,Cyp51
1422534_at,Cyp51
1422535_at,Ccne2
1422536_at,Tnni3
1422537_a_at,Id2
1422538_at,Extl2
1422539_at,Extl2
1422540_at,Fbln1
1422541_at,Ptprm
1422542_at,Gpr34
1422543_at,Ropn1
1422544_at,Myo10
1422545_at,Tbx2
1422546_at,Ilf3
1422547_at,Ranbp1
1422548_at,Dhdds
1422549_at,Arl2
1422550_a_at,Map6
1422551_at,Zkscan3
1422552_at,Rprm
1422553_at,Pten
1422554_at,Ndnl2
1422555_s_at,Gna13
1422556_at,Gna13
1422557_s_at,Mt1
1422558_at,Gamt
1422559_at,Mcg1038069///Ube2n
1422560_at,Rsc1a1///Ddi2
1422561_at,Adamts5
1422562_at,Rrad
1422563_at,Cr1l
1422564_at,Actl6b
1422565_s_at,Nfic
1422566_at,Tfeb
1422567_at,Fam129a
1422568_at,Ndel1
1422569_at,Yy1
1422570_at,Yy1
1422571_at,Thbs2
1422572_at,Rhog
1422573_at,Ampd3
1422574_at,Mxd4
1422575_at,Mxd4
1422576_at,Atxn10
1422577_at,Cs
1422578_at,Cs
1422579_at,Hspe1
1422580_at,Myl4
1422581_at,Pias1
1422582_at,Lep
1422583_at,Rab3b
1422584_at,Skiv2l
1422585_at,Odf1
1422586_at,Ecel1
1422587_at,Tmem45a
1422588_at,Krt6b
1422589_at,Rab3a
1422590_at,Cdk5
1422591_at,Tceb3
1422592_at,Ctnnd2
1422593_at,Ap3s1
1422594_at,Sike1
1422595_s_at,Sike1
1422596_at,Nkain4
1422597_at,Mmp15
1422598_at,Casq1
1422599_s_at,Zfp143
1422600_at,Rasgrf1
1422601_at,Serpinb9
1422602_a_at,Wnt5b
1422603_at,Rnase4
1422604_at,Uox
1422605_at,Ppp1r1a
1422606_at,C1qtnf3
1422607_at,Gm5454///Etv1
1422608_at,Arpp19
1422609_at,Arpp19
1422610_s_at,Igf2bp3
1422611_s_at,Igf2bp3
1422612_at,Hk2
1422613_a_at,Rpl7a
1422614_s_at,Rdh5///Bloc1s1
1422615_at,Map4k4
1422616_s_at,Wdr54
1422617_at,Gm4297///Gm10230///Gm14632///Gm10488///Gm14819///Gm10486///Gm10487///Gm10096///Gm10147///Gm10058///Gm14525///Gm2030///Gm2012///Gm2005///Gm6121///Gm5934///Gm5169///Gm4836
1422618_x_at,Gm4297///Gm10230///Gm14632///Gm10488///Gm14819///Gm10486///Gm10487///Gm10096///Gm10147///Gm10058///Gm14525///Gm2030///Gm2012///Gm2005///Gm6121///Gm5934///Gm5169///Gm4836
1422619_at,Plpp1
1422620_s_at,Plpp1
1422621_at,Ranbp2
1422622_at,Nos3
1422623_x_at,Rpl41
1422624_at,Rev1
1422625_at,Ly6h
1422626_at,Mmp16
1422627_a_at,Mkks
1422628_at,Fam111a
1422629_s_at,Shroom3
1422630_at,Rad50
1422631_at,Ahr
1422632_at,Ctsw
1422633_at,1700020D05Rik
1422634_a_at,Vsig2
1422635_at,Ache
1422636_at,Dmtf1
1422637_at,Rassf5
1422638_s_at,Rassf5
1422639_at,Calcb
1422640_at,Pcdhb9
1422641_at,Dok5
1422642_at,Cdc42ep3
1422643_at,Moxd1
1422644_at,Sh3bgr
1422645_at,Hfe
1422646_at,Mga
1422647_at,Ring1
1422648_at,Slc7a2
1422649_at,Cntn6
1422650_a_at,Riok3
1422651_at,Adipoq
1422652_at,Cryga
1422653_at,Cep70
1422654_at,Sgca
1422655_at,Ptch2
1422656_at,Rasl2-9
1422657_at,Prl5a1
1422658_at,Plcz1
1422659_at,Camk2d
1422660_at,Gm15453///Rbm3
1422661_at,Lgals8
1422662_at,Lgals8
1422663_at,Orc1
1422664_at,Rab10
1422665_a_at,Pcmt1
1422666_at,Cblc
1422667_at,Krt15
1422668_at,Serpinb9b
1422669_at,Ebag9
1422670_at,Rnd2
1422671_s_at,Naalad2
1422672_at,Sprr1b
1422673_at,Prkd1
1422674_s_at,Crygc///Crygb
1422675_at,Smarce1
1422676_at,Smarce1
1422677_at,Dgat2
1422678_at,Dgat2
1422679_s_at,Ctr9
1422680_at,Ctr9
1422681_at,Ctr9
1422682_s_at,Gm10334///Gm5771///Prss1///Prss3
1422683_at,Irak1bp1
1422684_a_at,Exoc4
1422685_at,Exoc4
1422686_s_at,Exoc4
1422687_at,Nras
1422688_a_at,Nras
1422689_at,Toporsl
1422690_at,Sptlc1
1422691_at,Sptlc1
1422692_at,Sub1
1422693_a_at,Sub1
1422694_at,Ttyh1
1422695_at,Ttyh1
1422696_at,Ttyh1
1422697_s_at,Jarid2
1422698_s_at,Jarid2
1422699_at,Alox12
1422700_at,Alox12
1422701_at,Zap70
1422702_at,Azin1
1422703_at,Gk
1422704_at,Gk
1422705_at,Pmepa1
1422706_at,Pmepa1
1422707_at,Pik3cg
1422708_at,Pik3cg
1422709_a_at,Wdr46
1422710_a_at,Cacna1h
1422711_a_at,Pnck
1422712_a_at,Ube2i
1422713_a_at,Ube2i
1422714_at,Ube2i
1422715_s_at,Acp1
1422716_a_at,Acp1
1422717_at,Acp1
1422718_at,Ap3s2
1422719_s_at,Nup50
1422720_at,Isl1
1422721_at,Tnk1
1422722_at,1700001K19Rik
1422723_at,Stra6
1422724_at,Mak
1422725_at,Mak
1422726_x_at,Speer4a
1422727_at,Nme5
1422728_at,Inha
1422729_at,Pcdhb10
1422730_at,Limd1
1422731_at,Limd1
1422732_at,Poldip2
1422733_at,Fjx1
1422734_a_at,Myb
1422735_at,Foxq1
1422736_at,Ranbp9
1422737_at,Ncoa3
1422738_at,Ddr2
1422739_at,Hs2st1
1422740_at,Tnfrsf21
1422741_a_at,Bbx
1422742_at,Hivep1
1422743_at,Phka1
1422744_at,Phka1
1422745_at,Bicd2
1422746_s_at,Bicd2
1422747_at,Chek2
1422748_at,Zeb2
1422749_at,Ly6g6c
1422750_a_at,Zmynd10
1422751_at,Tle1
1422752_at,Polr3k
1422753_a_at,Polr3k
1422754_at,Tmod1
1422755_at,Btk
1422756_at,Slc32a1
1422757_at,Slc5a4b
1422758_at,Chst2
1422759_a_at,Xpo6
1422760_at,Padi4
1422761_at,Tbl1xr1
1422762_at,Kif17
1422763_at,Gipc1
1422764_at,Mapre1
1422765_at,Mapre1
1422766_at,Stau1
1422767_at,Bysl
1422768_at,Syncrip
1422769_at,Syncrip
1422770_at,Rad51d
1422771_at,Smad6
1422772_at,C1galt1
1422773_at,Myt1
1422774_at,1700088E04Rik
1422775_at,Blk
1422776_at,Serpinb8
1422777_at,C1ql1
1422778_at,Gm12372///Taf9
1422779_at,Smpd3
1422780_at,Pxmp4
1422781_at,Tlr3
1422782_s_at,Tlr3
1422783_a_at,Krt6a
1422784_at,Krt6a
1422785_at,Rasa2
1422786_at,Slc30a1
1422787_at,Fkbpl
1422788_at,Slc43a3
1422789_at,Aldh1a2
1422790_at,Nppc
1422791_at,Pafah1b2
1422792_at,Pafah1b2
1422793_at,Pafah1b2
1422794_at,Cul3
1422795_at,Cul3
1422796_at,Prep
1422797_at,Lamtor2
1422798_at,Cntnap2
1422799_at,Prrc2a
1422800_at,Prrc2a
1422801_at,G3bp1
1422802_at,Defa3
1422803_at,Fstl3
1422804_at,Serpinb6b
1422805_a_at,Ing3
1422806_x_at,Ing3
1422807_at,Arf5
1422808_s_at,Dock2
1422809_at,Rims2
1422810_at,Zfp24
1422811_at,Slc27a1
1422812_at,Cxcr6
1422813_at,Cacng1
1422814_at,Aspm
1422815_at,C9
1422816_a_at,Mutyh
1422817_at,Gp5
1422818_at,Nedd9
1422819_at,Mrpl36
1422820_at,Lipe
1422821_s_at,Stard5
1422822_at,Stard5
1422823_at,Eps8
1422824_s_at,Eps8
1422825_at,Cartpt
1422826_at,Igfals
1422827_x_at,Slc35a2
1422828_at,Cd3d
1422829_at,Drd4
1422830_s_at,Drd4
1422831_at,Fbn2
1422832_at,Rgr
1422833_at,Foxa2
1422834_at,Kcnd2
1422835_at,Kcnd2
1422836_at,Mbnl3
1422837_at,Scel
1422838_at,Kcnu1
1422839_at,Neurog2
1422840_at,Ube2d2b
1422841_at,Gpat4
1422842_at,Xrn2
1422843_at,Xrn2
1422844_a_at,Wdr77
1422845_at,Canx
1422846_at,Rbp2
1422847_a_at,Prkcd
1422848_a_at,Pabpn1
1422849_a_at,Pabpn1
1422850_at,Pabpn1
1422851_at,Hmga2
1422852_at,Cib2
1422853_at,Shc1
1422854_at,Shc1
1422855_at,Cpsf3
1422856_at,Slc12a3
1422857_at,Trip4
1422858_at,Trip4
1422859_a_at,LOC100862455///LOC100044627///Rpl23
1422860_at,Nts
1422861_s_at,Pdlim5
1422862_at,Pdlim5
1422863_s_at,Pdlim5
1422864_at,Runx1
1422865_at,Runx1
1422866_at,Col13a1
1422867_at,Gzmg
1422868_s_at,Gda
1422869_at,Mertk
1422870_at,Hoxc4
1422871_at,Kcnj12
1422872_at,Bmpr1b
1422873_at,Prg2
1422874_at,Acrbp
1422875_at,Cd84
1422876_at,Capn9
1422877_at,Pcdhb12
1422878_at,Syt12
1422879_at,Sypl
1422880_at,Sypl
1422881_s_at,Sypl
1422882_at,Sypl
1422883_at,Usp8
1422884_at,Snrpd3
1422885_at,Snrpd3
1422886_a_at,Clk4
1422887_a_at,Ctbp2
1422888_at,Rnf5
1422889_at,Pcdh18
1422890_at,Pcdh18
1422891_at,H2-Ea-ps
1422892_s_at,H2-Ea-ps
1422893_at,Sfmbt1
1422894_at,Sfmbt1
1422895_at,Vamp4
1422896_at,Vamp4
1422897_at,Slc22a12
1422898_s_at,Slc22a12
1422899_at,Slc6a20b
1422900_at,Mgea5
1422901_at,Mgea5
1422902_s_at,Mgea5
1422903_at,Ly86
1422904_at,Fmo2
1422905_s_at,Fmo2
1422906_at,Abcg2
1422907_at,Gnat2
1422908_at,Atp1b4
1422909_at,Smc6
1422910_s_at,Smc6
1422911_at,Cbln3
1422912_at,Bmp4
1422913_at,Prm3
1422914_at,Sp5
1422915_at,Gast
1422916_at,Fgf21
1422917_at,Epha1
1422918_at,Gm2663///1810009J06Rik
1422919_at,Hrasls
1422920_at,Cldn13
1422921_at,Vpreb3
1422922_at,Recql4
1422923_at,Fgf3
1422924_at,Tnfsf9
1422925_s_at,Acot3
1422926_at,Mc2r
1422927_at,Yipf7
1422928_at,Elane
1422929_s_at,Atoh7
1422930_at,Icam4
1422931_at,Fosl2
1422932_a_at,Vav1
1422933_at,Xlr5b///Xlr5a///Xlr5c
1422934_x_at,Defa31
1422935_x_at,Cbx1
1422936_at,Mas1
1422937_at,Fzd5
1422938_at,Bcl2
1422939_at,Serpinb3b///Serpinb3c
1422940_x_at,Serpinb3b///Serpinb3c
1422941_at,Wnt16
1422942_at,Galr2
1422943_a_at,Hspb1
1422944_a_at,Diaph3
1422945_a_at,Kif5c
1422946_a_at,Dnmt1
1422947_at,Hist1h4m///Hist1h4b///Hist1h4a///Hist4h4///Hist1h4n///Hist1h4k///Hist1h4j///Hist1h4i///Hist1h4f///Hist1h4d///Hist1h4c///Hist2h4///Hist1h4h
1422948_s_at,Hist1h4m///Hist1h4b///Hist1h4a///Hist4h4///Hist1h4n///Hist1h4k///Hist1h4j///Hist1h4i///Hist1h4f///Hist1h4d///Hist1h4c///Hist2h4///Hist1h4h
1422949_at,Nos1
1422950_at,Hes7
1422951_at,Pcdhb4
1422952_at,Sapcd1
1422953_at,Fpr2
1422954_at,Zfp60
1422955_at,Syt17
1422956_at,D1Pas1
1422957_at,Ccr3
1422958_at,Krtap5-4
1422959_s_at,Rnf114
1422960_at,Srd5a2
1422961_at,Nat3
1422962_a_at,Psmb8
1422963_at,Sprr2i
1422964_at,Rad23a
1422965_at,Agtrap
1422966_a_at,Tfrc
1422967_a_at,Tfrc
1422968_at,Ip6k1
1422969_s_at,Ip6k1
1422970_at,Mxd3
1422971_at,Kat2a
1422972_s_at,Kat2a
1422973_a_at,Thrsp
1422974_at,Nt5e
1422975_at,Mme
1422976_x_at,Ndufa7
1422977_at,Gp1bb
1422978_at,Cybb
1422979_at,Suv39h2
1422980_a_at,Bet1l
1422981_at,Dgcr8
1422982_at,Ar
1422983_at,Itgb6
1422984_at,Clip2
1422985_at,Fzd1
1422986_at,Esrrb
1422987_at,Ntn1
1422988_at,Sgsh
1422989_a_at,Dmpk
1422990_at,Met
1422991_at,Pik3cd
1422992_s_at,Pik3cd
1422993_s_at,Alyref2///Alyref
1422994_at,Pikfyve
1422995_at,Bmf
1422996_at,Acot2
1422997_s_at,Acot2///Acot1
1422998_a_at,Glrx2
1422999_at,Map3k14
1423000_a_at,Dgke
1423001_at,Spred2
1423002_at,Pag1
1423003_at,Setd7
1423004_at,Vipr1
1423005_a_at,Espn
1423006_at,Pim1
1423007_a_at,Gfra2
1423008_at,Art2a-ps
1423009_at,Sec1
1423010_at,Sacs
1423011_at,Mecom
1423012_at,Syt7
1423013_at,Foxf1
1423014_at,Pcdhb6
1423015_at,Kirrel
1423016_a_at,Gypa
1423017_a_at,Il1rn
1423018_at,Kcna3
1423019_at,Gjd2
1423021_s_at,Jak3///Insl3
1423022_at,Adra2a
1423023_at,Sfrp5
1423024_at,Sh2d1b2///Sh2d1b1
1423025_a_at,Gm21949///Schip1
1423026_at,Rad51c
1423027_at,Foxl1
1423028_at,Ifna2
1423029_at,Hes2
1423030_at,Vcp
1423031_at,Maea
1423032_at,Rpl39
1423033_at,Stt3a
1423034_at,Txndc17
1423035_s_at,Txndc17
1423036_at,Txndc17
1423037_at,Aplnr
1423038_at,Stx6
1423039_a_at,Bzw1
1423040_at,Bzw1
1423041_a_at,Bzw1
1423042_at,Ddx3x
1423043_s_at,Ddx3x
1423044_at,Prosc
1423045_at,Ncbp2
1423046_s_at,Ncbp2
1423047_at,Tollip
1423048_a_at,Tollip
1423049_a_at,Tpm1
1423050_s_at,Hnrnpu
1423051_at,Hnrnpu
1423052_at,Arf4
1423053_at,Arf4
1423054_at,Wdr1
1423055_at,Nsg1
1423056_at,Nsg1
1423057_at,Capza2
1423058_at,Capza2
1423059_at,Ptk2
1423060_at,Pa2g4
1423061_at,Arvcf
1423062_at,Igfbp3
1423063_at,Dnmt3a
1423064_at,Dnmt3a
1423065_at,Dnmt3a
1423066_at,Dnmt3a
1423067_at,Cdk5rap3
1423068_at,Ift172
1423069_at,Dpm1///Adnp
1423070_at,Gm15682///Gm10045///Gm11703///Gm13653///Gm5528///Gm5445///Rpl21
1423071_x_at,6720475J19Rik
1423072_at,6720475J19Rik
1423073_at,Cmpk1
1423074_at,Lman2
1423075_at,Lman2
1423076_at,Snx9
1423077_at,Snx9
1423078_a_at,Msmo1
1423079_a_at,Tomm20
1423080_at,Tomm20
1423081_a_at,Tomm20
1423082_at,Derl1
1423083_at,Rab33b
1423084_at,B3galt2
1423085_at,Efnb3
1423086_at,Npc1
1423087_a_at,Prickle4///Tomm6
1423088_at,Tmod3
1423089_at,Tmod3
1423090_x_at,Gm11575///Gm10177///Sec61g
1423091_a_at,Gpm6b
1423092_at,Incenp
1423093_at,Incenp
1423094_at,Crbn
1423095_s_at,Crbn
1423096_at,Capn7
1423097_s_at,Capn7
1423098_at,Capn7
1423099_a_at,Mettl3
1423100_at,Fos
1423101_at,Paqr4
1423102_a_at,Rnf10
1423103_at,Rfx5
1423104_at,Irs1
1423105_a_at,Yeats4
1423106_at,Ube2b
1423107_at,Ube2b
1423108_at,Slc25a20
1423109_s_at,Slc25a20
1423110_at,Col1a2
1423111_at,Atp5a1
1423112_at,Ube2d3
1423113_a_at,Ube2d3
1423114_at,Ube2d3
1423115_at,St6galnac6
1423116_at,Dxo
1423117_at,Pum1
1423118_at,Ncbp3
1423119_at,Rsph3b///Rsph3a
1423120_at,Ide
1423121_at,Ide
1423122_at,Avpi1
1423123_at,Rad54l
1423124_x_at,Rad54l
1423125_at,Dclk1
1423126_at,Atp1b3
1423127_at,Impa1
1423128_at,Aip
1423129_at,Shoc2
1423130_a_at,Srsf5
1423131_at,Nsa2
1423132_a_at,Nsa2
1423133_at,Cwc15
1423134_at,Rilpl2
1423135_at,Thy1
1423136_at,Fgf1
1423137_at,Rala
1423138_at,Wdr4
1423139_at,Wdr4
1423140_at,Lipa
1423141_at,Lipa
1423142_a_at,Gtpbp4
1423143_at,Gtpbp4
1423144_at,Pik3ca
1423145_a_at,Tcap
1423146_at,Hes5
1423147_at,Mat1a
1423148_at,Skp1a
1423149_at,Skp1a
1423150_at,Scg5
1423151_at,Dnajb11
1423152_at,Vapb
1423153_x_at,Cfh
1423154_at,BC005537
1423155_at,Sri
1423156_at,Gnpnat1
1423157_at,Gnpnat1
1423158_at,Gnpnat1
1423159_at,Dld
1423160_at,Spred1
1423161_s_at,Spred1
1423162_s_at,Spred1
1423163_at,Gpank1
1423164_at,Gpr137b-ps///Gpr137b
1423165_a_at,Mta2
1423166_at,Cd36
1423167_at,Mob4
1423168_at,Mob4
1423169_at,Taf7
1423170_at,Taf7
1423171_at,Gpr88
1423172_at,Napb
1423173_at,Napb
1423174_a_at,Pard6b
1423175_s_at,Pard6b
1423176_at,Tob1
1423177_a_at,Abi1
1423178_at,Abi1
1423179_at,Kcnb1
1423180_at,Kcnb1
1423181_s_at,Clns1a
1423182_at,Tnfrsf13b
1423183_at,Lgi1
1423184_at,Itsn2
1423185_a_at,Ubap1
1423186_at,Tiam2
1423187_at,Gabarapl2
1423188_a_at,Brk1
1423189_at,Brk1
1423190_at,Cox16
1423191_at,Fnbp4
1423192_at,Pspc1
1423193_at,Pspc1
1423194_at,Arhgap5
1423195_at,Mfsd14a
1423196_at,Nedd1
1423197_a_at,Smek2
1423198_a_at,Smek2
1423199_at,Brd3
1423200_at,Ncor1
1423201_at,Ncor1
1423202_a_at,Ncor1
1423203_a_at,Cetn1
1423204_at,Tm9sf4
1423205_at,Tm9sf4
1423206_s_at,Serf2///Hypk
1423207_at,Tmem167
1423208_at,Tmem167
1423209_at,Tmem167
1423210_a_at,Nop10
1423211_at,Nop10
1423212_at,Phc1
1423213_at,Plxnc1
1423214_at,Plxnc1
1423215_at,Spcs2
1423216_a_at,Fam32a
1423217_a_at,Fam32a
1423218_a_at,Mrpl49
1423219_a_at,Mrpl49
1423220_at,Eif4e
1423221_at,Tubb4a
1423222_at,Cap2
1423223_a_at,Prdx6
1423224_at,Tctn2
1423225_at,Selk
1423226_at,Ms4a1
1423227_at,Krt17
1423228_at,B4galt6
1423229_at,Inpp5e
1423230_at,Inpp5e
1423231_at,Nrgn
1423232_at,Etv4
1423233_at,Cebpd
1423234_at,Psmd5
1423235_at,Ap3b1
1423236_at,Galnt1
1423237_at,Galnt1
1423238_at,Itgb1bp2
1423239_at,Impdh1
1423240_at,Src
1423241_a_at,Tfdp1
1423242_at,Mrps36
1423243_at,Mpp1
1423244_at,Cyp2c68
1423245_at,Cops7a
1423246_at,Erp44
1423247_at,Erp44
1423248_at,Nktr
1423249_at,Nktr
1423250_a_at,Tgfb2
1423251_at,Luc7l2
1423252_at,Hdgfrp3
1423253_at,Mpz
1423254_x_at,Rps27l
1423255_at,Atp6v1g1
1423256_a_at,Atp6v1g1
1423257_at,Cyp4a14
1423258_at,Syt9
1423259_at,Id4
1423260_at,Id4
1423261_at,1500015O10Rik
1423262_a_at,Gm12657///Gm6749///H3f3c///Gm10257///H3f3b///H3f3a
1423263_at,Gm12657///Gm6749///H3f3c///Gm10257///H3f3b///H3f3a
1423264_at,Bop1
1423265_at,Minpp1
1423266_at,Fam213b
1423267_s_at,Itga5
1423268_at,Itga5
1423269_a_at,Nedd4l
1423270_at,Nedd4l
1423271_at,Gjb2
1423272_at,Polg
1423273_at,Polg
1423274_at,Ints6
1423275_at,Ints6
1423276_at,Ildr1
1423277_at,Ptprk
1423278_at,Ptprk
1423279_at,Slc34a1
1423280_at,Stmn2
1423281_at,Stmn2
1423282_at,Pitpna
1423283_at,Pitpna
1423284_at,Mansc1
1423285_at,Coch
1423286_at,Cbln1
1423287_at,Cbln1
1423288_s_at,Cbln1
1423289_a_at,Tma16
1423290_at,Hyou1
1423291_s_at,Hyou1
1423292_a_at,Prx
1423293_at,Rpa1
1423294_at,Mest
1423295_at,Tm9sf2
1423296_at,Psmd8
1423297_at,Add3
1423298_at,Add3
1423299_at,Txnl1
1423300_at,Zdhhc6
1423301_at,Copb1
1423302_a_at,Paxip1
1423303_at,Paxip1
1423304_a_at,Rnf111
1423305_at,Extl1
1423306_at,Smim3
1423307_s_at,Tgoln2///Tgoln1
1423308_at,Tgoln2///Tgoln1
1423309_at,Tgoln2///Tgoln1
1423310_at,Tpbg
1423311_s_at,Tpbg
1423312_at,Tpbg
1423313_at,Pde7a
1423314_s_at,Pde7a
1423315_at,Bbc3
1423316_at,Tmem39a
1423317_at,Tmem261
1423318_at,Rad18
1423319_at,Hhex
1423320_at,Dnase1l2
1423321_at,Myadm
1423322_at,Lin7c
1423323_at,Tacstd2
1423324_at,Pnn
1423325_at,Pnn
1423326_at,Entpd1
1423327_at,Rpl39l
1423328_at,Gdap1
1423329_at,Gdap1
1423330_at,Ensa
1423331_a_at,Nectin3
1423332_at,Sdcbp
1423333_at,Ergic1
1423334_at,Ergic1
1423335_at,1110004F10Rik
1423336_at,Orc4
1423337_at,Orc4
1423338_at,Zfp830
1423339_s_at,Zfp830
1423340_at,Tfap2b
1423341_at,Cspg4
1423342_at,Barx1
1423343_at,Slco1c1
1423344_at,Epor
1423345_at,Degs1
1423346_at,Degs1
1423347_at,Sec23a
1423348_at,Fzd8
1423349_at,Socs5
1423350_at,Socs5
1423351_at,Mrpl1
1423352_at,Crispld1
1423353_at,Crispld1
1423354_at,Snap29
1423355_at,Snap29
1423356_at,Snap29
1423357_at,Lipt2
1423358_at,Ece2
1423359_at,Pln
1423360_at,Yme1l1
1423361_at,Yme1l1
1423362_at,Sort1
1423363_at,Sort1
1423364_a_at,Aktip
1423365_at,Cacna1g
1423366_at,Scd3
1423367_at,Wnt7a
1423368_at,Laptm4a
1423369_at,Fmr1
1423370_a_at,Csnk1g2
1423371_at,Pole4
1423372_at,Pole4
1423373_at,Rpp30
1423374_at,Ncoa6
1423375_at,Cir1
1423376_a_at,Dok4
1423377_at,Igfbpl1
1423378_at,Adam23
1423379_at,Nfatc4
1423380_s_at,Nfatc4
1423381_at,Akr1cl
1423382_a_at,Hnrnpf
1423383_a_at,Osbpl9
1423384_s_at,Tex261
1423385_at,Actr8
1423386_at,Psmd9
1423387_at,Psmd9
1423388_at,Ap1g1
1423389_at,Smad7
1423390_at,Siah1a
1423391_at,Git2
1423392_at,Clic4
1423393_at,Clic4
1423394_at,Pcyox1
1423395_at,Tsnax
1423396_at,Agt
1423397_at,Ugt2b38
1423398_at,Taf12
1423399_a_at,Yaf2
1423400_at,Kl
1423401_at,Etv6
1423402_at,Creb1
1423403_at,Mapkbp1
1423404_at,Gkn1
1423405_at,Timp4
1423406_at,Sv2a
1423407_a_at,Fbln2
1423408_a_at,Chtop
1423409_a_at,Chtop
1423410_at,Meig1
1423411_at,Rbm47
1423412_at,Rbm47
1423413_at,Ndrg1
1423414_at,Ptgs1
1423415_at,Gpr83
1423416_at,Smarcc1
1423417_at,Smarcc1
1423418_at,Fdps
1423419_at,Lig3
1423420_at,Adrb1
1423421_at,Ankrd49
1423422_at,Asb4
1423423_at,Pdia3
1423424_at,Zic3
1423425_at,Plbd2
1423426_at,Plbd2
1423427_at,Adcyap1
1423428_at,Ror2
1423429_at,Rhox5
1423430_at,Mybbp1a
1423431_a_at,Mybbp1a
1423432_at,Phip
1423433_at,Trove2
1423434_at,Tead1
1423436_at,Gsta3
1423437_at,Gsta3
1423438_at,Kptn
1423439_at,Pck1
1423440_at,Ska2
1423441_at,Tfb2m
1423442_a_at,Fbxw2
1423443_at,Slc4a8
1423444_at,Rock1
1423445_at,Rock1
1423446_at,Dapk3
1423447_at,Clpx
1423448_at,Rab11b
1423449_a_at,Actn4
1423450_a_at,Hs3st1
1423451_at,Pgrmc1
1423452_at,Stk17b
1423453_at,Nol12
1423454_a_at,Sema6c
1423455_at,LOC102632565///Gm15466///Ptma
1423456_at,Bzw2
1423457_at,Slc35a5
1423458_at,Slc35a5
1423459_at,Cops2
1423460_at,Gigyf1
1423461_a_at,Ubl3
1423462_at,Tab2
1423463_a_at,Knstrn
1423464_at,Knstrn
1423465_at,Frrs1
1423466_at,Ccr7
1423467_at,Ms4a4b
1423468_at,Steap3
1423469_at,1700129C05Rik
1423470_at,Ptbp2
1423471_at,Ptbp2
1423472_at,Sept2
1423473_at,Sept2
1423474_at,Top1
1423475_at,Cnnm2
1423476_at,Slc46a2
1423477_at,Zic1
1423478_at,Prkcb
1423479_at,Nol11
1423480_at,Nol11
1423481_at,Riok2
1423482_at,Uros
1423483_s_at,Taf1c
1423484_at,Bicc1
1423485_at,Rad54l2
1423486_at,Cript
1423487_at,Cript
1423488_at,Mmd
1423489_at,Mmd
1423490_at,Fbxo3
1423491_at,Fbxo3
1423492_at,Mrpl45
1423493_a_at,Nfix
1423494_at,Teddm3
1423495_at,Decr2
1423496_a_at,Igdcc3
1423497_at,Klhl10
1423498_at,Aldoart2
1423499_at,Sncaip
1423500_a_at,Sox5
1423501_at,Max
1423502_at,Brd2
1423503_at,Jam3
1423504_at,Jam3
1423505_at,Tagln
1423506_a_at,Nnat
1423507_a_at,Sirt2
1423508_at,Kat6b
1423509_a_at,Iapp
1423510_at,Iapp
1423511_at,Asf1a
1423512_at,AW209491
1423513_at,Uhrf1bp1l
1423514_at,Gykl1
1423515_at,Scn8a
1423516_a_at,Nid2
1423517_at,Cct6a
1423518_at,Csk
1423519_at,Abhd17c
1423520_at,Lmnb1
1423521_at,Lmnb1
1423522_at,Npm3-ps1///Npm3
1423523_at,Aass
1423524_at,Mastl
1423525_at,Mastl
1423526_at,Arid3b
1423527_at,Ccer1
1423528_at,Bcas3
1423529_at,G6pc2
1423530_at,Stk32c
1423531_a_at,Gm10052///Gm5803///Gm5643///Hnrnpa1
1423532_at,Rnf44
1423533_a_at,Rhot1
1423534_at,Pdcd2
1423535_at,Strn3
1423536_at,Strn3
1423537_at,Gap43
1423538_at,Ntan1
1423539_at,Pms2
1423540_at,Rbms2
1423541_at,Armc12
1423542_at,Klk7
1423543_at,Swap70
1423544_at,Ptpn5
1423545_a_at,Zfp207
1423546_at,Zfp207
1423547_at,Lyz2
1423548_s_at,Ergic3
1423549_at,Slc1a4
1423550_at,Slc1a4
1423551_at,Cdh13
1423552_at,Leprotl1
1423553_at,Dnajb3
1423554_at,Ggcx
1423555_a_at,Ifi44
1423556_at,Akr1b7
1423557_at,Ifngr2
1423558_at,Ifngr2
1423559_at,Kcnc1
1423560_at,Nell2
1423561_at,Nell2
1423562_at,Prrt1
1423563_at,Prrt1
1423564_a_at,Paics
1423565_at,Paics
1423566_a_at,Hsph1
1423567_a_at,Psma7
1423568_at,Psma7
1423569_at,Gatm
1423570_at,Abcg1
1423571_at,S1pr1
1423572_at,Bcl2l2
1423573_at,Srd5a3
1423574_s_at,Srd5a3
1423575_a_at,Wbscr22
1423576_a_at,Fhl4
1423577_at,Slf1
1423578_at,Col11a2
1423579_a_at,Trpc4
1423580_at,Ankrd36
1423581_at,Nmt2
1423582_at,Dmrt1
1423583_at,Fem1a
1423584_at,Igfbp7
1423585_at,Igfbp7
1423586_at,Axl
1423587_a_at,Exosc10
1423588_at,Arpc4
1423589_at,Arpc4
1423590_at,Napsa
1423591_at,Fgfr1op2
1423592_at,Rock2
1423593_a_at,Csf1r
1423594_a_at,Ednrb
1423595_at,Mina
1423596_at,Nek6
1423597_at,Atp8a1
1423598_at,Atp8a1
1423599_a_at,Pdcl
1423600_a_at,Tcof1
1423601_s_at,Tcof1
1423602_at,Traf1
1423603_at,Zfpm1
1423604_at,Ncan
1423605_a_at,Mdm2
1423606_at,Postn
1423607_at,Lum
1423608_at,Itm2a
1423609_a_at,Mgat1
1423610_at,Metap2
1423611_at,Alpl
1423612_at,Clp1
1423613_at,Ssfa2
1423614_at,Lrrc8c
1423615_at,Rnf115
1423616_at,Tarbp2
1423617_at,Pdf
1423618_at,Bin1
1423619_at,Rasd1
1423620_at,Cenpq
1423621_a_at,Slc33a1
1423622_a_at,Ccnl1
1423623_at,Mplkip
1423624_at,Fancl
1423625_a_at,Dnajc19-ps///Dnajc19
1423626_at,Dst
1423627_at,Nqo1
1423628_s_at,Pcdhga12///Pcdhga11///Pcdhga10///Pcdhga9///Pcdhga8///Pcdhga7///Pcdhga6///Pcdhga5///Pcdhga4///Pcdhga3///Pcdhga2///Pcdhga1///Pcdhgc5///Pcdhgc4///Pcdhgc3///Pcdhgb8///Pcdhgb7///Pcdhgb6///Pcdhgb5///Pcdhgb4///Pcdhgb2///Pcdhgb1
1423629_at,Dnm2
1423630_at,Cygb
1423631_at,Nr2e3
1423632_at,Gpr146
1423633_at,Snrnp48
1423634_at,Gsdma
1423635_at,Bmp2
1423636_at,Wdr31
1423637_at,Galnt4
1423638_at,Galnt4
1423639_at,Hrh2
1423640_at,Synpr
1423641_s_at,Cnot7
1423642_at,Tubb4b
1423643_at,Ddx39
1423644_at,Aco1
1423645_a_at,Ddx5
1423646_at,Zdhhc3
1423647_a_at,Zdhhc3
1423648_at,Pdia6
1423649_at,Tmem68
1423650_at,Rnf26
1423651_at,Isca1
1423652_at,Isca1
1423653_at,Atp1a1
1423654_a_at,Rnf4
1423655_a_at,Ctc1
1423656_x_at,Ctc1
1423657_at,Cdipt
1423658_at,Sppl3
1423659_a_at,Tbc1d17
1423660_at,Ctdsp2
1423661_s_at,Ctdsp2
1423662_at,Atp6ap2
1423663_at,Flcn
1423664_at,Qdpr
1423665_a_at,Rpl5///Rpl5-ps2
1423666_s_at,Rpl5///Rpl5-ps2
1423667_at,Mat2a
1423668_at,Zdhhc14
1423669_at,Col1a1
1423670_a_at,Srpr
1423671_at,Dner
1423672_at,Ttc30b
1423673_at,Ldoc1l
1423674_at,Usp1
1423675_at,Usp1
1423676_at,Atp5h
1423677_at,Fkbp9
1423678_at,BC017643
1423679_at,Tmem246
1423680_at,Fads1
1423681_at,Cmtr1
1423682_a_at,Cdca4
1423683_at,Cdca4
1423684_at,Hnrnpk
1423685_at,Aars
1423686_a_at,Prr13
1423687_a_at,Man2c1
1423688_at,Man2c1
1423689_a_at,Gpsm1
1423690_s_at,Gpsm1
1423691_x_at,Krt8
1423692_at,Ndufa8
1423693_at,Cela1
1423694_at,Kctd10
1423695_at,Edem2
1423696_a_at,Psmd6
1423697_at,Psmd6
1423698_at,Ncaph2
1423699_at,Ncaph2
1423700_at,Rfc3
1423701_at,Coasy
1423702_at,H1f0
1423703_at,Ppan
1423704_at,Pla2g15
1423705_at,Enoph1
1423706_a_at,Pgd
1423707_at,Tmem50b
1423708_a_at,Farsb
1423709_s_at,Farsb
1423710_at,Dlst
1423711_at,Ndufaf1
1423712_a_at,Qars
1423713_at,Abcb8
1423714_at,Asf1b
1423715_a_at,Nedd8
1423716_s_at,Atp5d
1423717_at,Ak3
1423718_at,Ak3
1423719_at,Bpifb1
1423720_a_at,Sar1a
1423721_at,Tpm1
1423722_at,Vmp1
1423723_s_at,Tardbp
1423724_at,Zwint
1423725_at,Pls3
1423726_at,Vat1
1423727_at,Cnih1
1423728_at,Eif3l
1423729_a_at,Rnf181
1423730_at,Clptm1l
1423731_at,Aldh16a1
1423732_at,Tram1
1423733_a_at,Fiz1
1423734_at,Rac1
1423735_a_at,Wdr36
1423736_a_at,Dym
1423737_at,Ndufs3
1423738_at,Oxa1l
1423739_x_at,Aplp2
1423740_a_at,Gm15455///Rbm10
1423741_at,Gm15455///Rbm10
1423742_at,Gm15455///Rbm10
1423743_at,Arcn1
1423744_x_at,Eif2s3x
1423745_at,Snap47
1423746_at,Txndc5
1423747_a_at,Pdk1
1423748_at,Pdk1
1423749_s_at,Rangap1
1423750_a_at,Sf1
1423751_at,Sf1
1423752_at,Ddx47
1423753_at,Bambi
1423754_at,Ifitm3
1423755_at,Zcchc8
1423756_s_at,Igfbp4
1423757_x_at,Igfbp4
1423758_at,G3bp2
1423759_a_at,Tmco1
1423760_at,Cd44
1423761_at,Mettl13
1423762_at,Adck1
1423763_x_at,Rps28
1423764_s_at,Mrpl37
1423765_at,Athl1
1423766_at,Pak1ip1
1423767_at,Dpy30
1423768_at,Unc93b1
1423769_at,Ptcd2
1423770_at,Tmc6
1423771_at,Prkcdbp
1423772_x_at,Slc25a5
1423773_at,Gpbp1
1423774_a_at,Prc1
1423775_s_at,Prc1
1423776_s_at,Tbc1d22a
1423777_at,Usp20
1423778_at,Usp20
1423779_at,Chchd6
1423780_at,Hibadh
1423781_at,Nae1
1423782_at,Mob1a
1423783_at,Tor2a
1423784_at,Gars
1423785_at,Egln1
1423786_at,Hmces
1423787_at,Nup133
1423788_at,Nup133
1423789_at,BC005624
1423790_at,Dap
1423791_at,Ik
1423792_a_at,Cmtm6
1423793_at,Atg13
1423794_at,Atg13
1423795_at,Sfpq
1423796_at,Sfpq
1423797_at,Aacs
1423798_a_at,Gm5471///Eif1
1423799_at,Gm5471///Eif1
1423800_at,Dars
1423801_a_at,Aprt
1423802_at,Camkv
1423803_s_at,Gltscr2
1423804_a_at,Idi1
1423805_at,Dab2
1423806_at,Ints4
1423807_a_at,Calm3///Calm2///Calm1
1423808_at,Wrap53
1423809_at,Tcf19
1423810_at,Ppme1
1423811_at,Sf3a3
1423812_s_at,Vopp1
1423813_at,Kif22
1423814_at,Ddx41
1423815_at,Ddx56
1423816_at,Cxx1b///Cxx1a
1423817_s_at,Use1
1423818_a_at,Arl6ip1
1423819_s_at,Arl6ip1
1423820_at,Elof1
1423821_at,Tmem168
1423822_a_at,Tmem168
1423823_at,Mrto4-ps1///Mrto4-ps2///Mrto4
1423824_at,Wls
1423825_at,Wls
1423826_at,Noc4l
1423827_s_at,Noc4l
1423828_at,Fasn
1423829_at,Fam49b
1423830_a_at,Mier2
1423831_at,Prkag2
1423832_at,Prkag2
1423833_a_at,Mpc2
1423834_s_at,Gga1
1423835_at,Zfp503
1423836_at,Zfp503
1423837_at,Ist1
1423838_s_at,Ist1
1423839_a_at,Btf3
1423840_at,Coa3
1423841_at,Brix1
1423842_a_at,Rnf41
1423843_at,Lrrc61
1423844_s_at,Cbs
1423845_at,Csdc2
1423846_x_at,Gm5620///Tuba1b
1423847_at,Ncapd2
1423848_at,Mphosph6
1423849_a_at,Clk3
1423850_at,Nsun2
1423851_a_at,Shisa2
1423852_at,Shisa2
1423853_at,Lamp5
1423854_a_at,Rasl11b
1423855_x_at,LOC102641612///LOC101056140///Rpl17-ps9///Rpl17-ps10///Gm10362///Rpl17
1423856_at,Popdc3
1423857_at,Gm6238///Mrpl30
1423858_a_at,Hmgcs2
1423859_a_at,Ptgds
1423860_at,Ptgds
1423861_at,Plekhf2
1423862_at,Plekhf2
1423863_at,Abcf2
1423864_at,Nrbp1
1423865_at,Slc44a1
1423866_at,Serpina3k
1423867_at,Serpina3k
1423868_at,Txnrd3
1423869_s_at,Txnrd3
1423870_at,Aida
1423871_at,Tmem63a
1423872_a_at,Dag1
1423873_at,Lsm1
1423874_at,Wdr33
1423875_at,Fam160b1
1423876_at,Fam160b1
1423877_at,Chaf1b
1423878_at,Gypc
1423879_at,D030056L22Rik
1423880_at,Rtcb
1423881_at,Ppp6r3
1423882_at,Rfwd3
1423883_at,Acsl1
1423884_at,Cirh1a
1423885_at,Lamc1
1423886_at,Lamc1
1423887_a_at,Telo2
1423888_at,Telo2
1423889_at,Gm5617
1423890_x_at,Atp1b1
1423891_at,Gstt3
1423892_at,Apbb1
1423893_x_at,Apbb1
1423894_a_at,Dalrd3
1423895_a_at,Celf2
1423896_a_at,Rnf187
1423897_at,Rnf187
1423898_a_at,Trip12
1423899_at,Trip12
1423900_at,Trip12
1423901_at,Trip12
1423902_s_at,Arhgef12
1423903_at,Pvr
1423904_a_at,Pvr
1423905_at,Pvr
1423906_at,Hsbp1
1423907_a_at,Ndufs8
1423908_at,Ndufs8
1423909_at,Tmem176a
1423910_at,Agap3
1423911_at,Ppp2r5a
1423912_at,Aspscr1
1423913_at,Hectd3
1423914_at,Hid1
1423915_at,Olfml2b
1423916_s_at,Mlf2
1423917_a_at,Cttn
1423918_at,Rhbdd1
1423919_at,Haus3
1423920_at,Ncaph
1423921_at,Ints3
1423922_s_at,Ints3
1423923_a_at,Wrap73
1423924_s_at,Tspan14
1423925_at,Dhx16
1423926_at,Slc39a13
1423927_at,Slc35b2
1423928_at,Ubac2
1423929_at,Ubac2
1423930_at,Anapc4
1423931_s_at,Anapc4
1423932_at,Celf1
1423933_a_at,Plet1
1423934_at,Plet1
1423935_x_at,Krt14
1423936_at,Kctd5
1423937_at,Kctd5
1423938_at,Llgl2
1423939_a_at,Yif1a
1423940_at,Yif1a
1423941_at,Camk2g
1423942_a_at,Camk2g
1423943_at,Dus1l
1423944_at,Hpx
1423945_a_at,Pkig
1423946_at,Pdlim2
1423947_at,1110008P14Rik
1423948_at,Bag2
1423949_at,Ube2z
1423950_at,Kcnab3
1423951_at,Tm2d3
1423952_a_at,Krt7
1423953_at,Cdkal1
1423954_at,C3
1423955_a_at,Cers2
1423956_at,Smap1
1423957_at,Aen
1423958_a_at,Ttc33
1423959_at,Ropn1l
1423960_at,Lpcat3
1423961_at,Wdr26
1423962_at,Wdr26
1423963_at,Wdr26
1423964_at,Cpsf3l
1423965_at,Cd99l2
1423966_at,Cd99l2
1423967_at,Palm
1423968_at,Ugt3a2
1423969_at,Nup37
1423970_at,Thoc3
1423971_at,Thoc3
1423972_at,Etfa
1423973_a_at,Arf3
1423974_at,Numa1
1423975_s_at,Numa1
1423976_at,4930453N24Rik
1423977_at,4930453N24Rik
1423978_at,Sbk1
1423979_a_at,Slc25a29
1423980_at,Slc25a29
1423981_x_at,Slc25a29
1423982_at,Srsf10
1423983_at,Sez6l2
1423984_a_at,Meis3
1423985_at,Gm15776///Gng5
1423986_a_at,Shisa5
1423987_at,Cdc26
1423988_at,Ak1
1423989_at,Tecpr1
1423990_at,Rab28
1423991_at,Nop14
1423992_at,Gatad2a
1423993_at,Atp6v1f
1423994_at,Kif1b
1423995_at,Kif1b
1423996_a_at,Il4ra
1423997_at,Csde1
1423998_at,Gtf3c5
1423999_at,Abl1
1424000_a_at,Rps11
1424001_at,Nifk
1424002_at,Pdcl3
1424003_at,Pomk
1424004_x_at,Pomk
1424005_at,B230219D22Rik
1424006_at,Aarsd1
1424007_at,Gdf10
1424008_a_at,Gm3470///Rbpms2
1424009_at,Reg3d
1424010_at,Mfap4
1424011_at,Aqp9
1424012_at,Ttc30a1
1424013_at,Etf1
1424014_at,Pagr1a
1424015_at,Dennd5a
1424016_at,Aagab
1424017_a_at,Hint1
1424018_at,Hint1
1424019_at,Nop2
1424020_at,Arl6ip6
1424021_at,Arl6ip6
1424022_at,Osgin1
1424023_at,Ctu1
1424024_at,Mcfd2
1424025_at,Ginm1
1424026_s_at,Ginm1
1424027_at,Pxn
1424028_at,Chtf8
1424029_at,Tspyl4
1424030_at,Grhl1
1424031_at,Snx11
1424032_at,Hvcn1
1424033_at,Srsf7
1424034_at,Rora
1424035_at,Rora
1424036_at,Prpf6
1424037_at,Itpka
1424038_a_at,Emc10
1424039_at,Saraf
1424040_at,Map7d1
1424041_s_at,C1s1
1424042_at,Tmem5
1424043_at,Ppil4
1424044_at,Kdm4b
1424045_at,Tmem242
1424046_at,Bub1
1424047_at,Dera
1424048_a_at,Cyb5r1
1424049_at,Lrrc42
1424050_s_at,Fgfr1
1424051_at,Col4a2
1424052_at,Thap4
1424053_a_at,Tcf25
1424054_at,Btbd2
1424055_at,Ncoa5
1424056_at,Usp48
1424057_at,Gdap2
1424058_at,Prrc1
1424059_at,Suv420h2
1424060_at,Neil3
1424061_at,Manbal
1424062_at,Ube2d1
1424063_at,Scgb1b27
1424064_at,Rab1b
1424065_at,Edem1
1424066_at,Dus3l
1424067_at,Icam1
1424068_at,Tcta
1424069_at,Napg
1424070_at,Napg
1424071_s_at,Ice1
1424072_at,2010107G23Rik
1424073_at,Babam1
1424074_at,Btf3l4
1424075_at,9430016H08Rik
1424076_at,Gdpd1
1424077_at,Gdpd1
1424078_s_at,Pex6
1424079_x_at,Urm1
1424080_at,Dcps
1424081_at,Pcgf6
1424082_at,Tbc1d13
1424083_at,Ptbp3
1424084_at,Ptbp3
1424085_at,Ndufa4
1424086_at,Oaf
1424087_at,Psmg3
1424088_at,Myg1
1424089_a_at,Tcf4
1424090_at,Sdcbp2
1424091_at,Zfp868
1424092_at,Epb41
1424093_x_at,Cd151
1424094_at,Nek9
1424095_at,Rtca
1424096_at,Krt5
1424097_at,Elovl7
1424098_at,Elovl7
1424099_at,Gpx8
1424100_s_at,Cend1
1424101_at,Hnrnpl
1424102_at,Atg4b
1424103_at,Atg4b
1424104_at,Syf2
1424105_a_at,Pttg1
1424106_at,Jkamp
1424107_at,Kif18a
1424108_at,Glo1
1424109_a_at,Glo1
1424110_a_at,Nme1
1424111_at,Igf2r
1424112_at,Igf2r
1424113_at,Lamb1
1424114_s_at,Lamb1
1424115_at,Ppp5c
1424116_x_at,Ppp5c
1424117_at,Gm2573///Gm13770///Wdr83os
1424118_a_at,Spc25
1424119_at,Prkab1
1424120_at,Rnf8
1424121_at,Commd1
1424122_s_at,Commd1
1424123_at,Mfsd7c
1424124_at,Mospd2
1424125_at,Kcnk13
1424126_at,Alas1
1424127_at,Eya2
1424128_x_at,Aurkb
1424129_at,Mfsd1
1424130_a_at,Ptrf
1424131_at,Col6a3
1424132_at,Hras
1424133_at,Tmem98
1424134_at,Rspry1
1424135_at,Rspry1
1424136_a_at,Gm17748///Ppih
1424137_at,Gprin1
1424138_at,Rhbdf1
1424139_at,Rap1a
1424140_at,Gale
1424141_at,Hectd1
1424142_at,Ikbkap
1424143_a_at,Cdt1
1424144_at,Cdt1
1424145_at,Prr3
1424146_at,Gpr37l1
1424147_at,Ahsa1
1424148_a_at,Stap2
1424149_at,Nsmce2
1424150_at,Gdpd5
1424151_at,Aimp2
1424152_at,Sall4
1424153_s_at,Sall4
1424154_a_at,Isca2
1424155_at,Fabp4
1424156_at,Rbl1
1424157_at,Ehd2
1424158_at,Ehd2
1424159_at,Fam134c
1424160_at,Alg5
1424161_at,Ddx27
1424162_at,Trim29
1424163_at,Rmnd5b
1424164_at,Mrpl50
1424165_a_at,Sharpin
1424166_at,Msh3
1424167_a_at,Pmm1
1424168_a_at,Capzb
1424169_at,Tax1bp3
1424170_at,Phf5a
1424171_a_at,Hagh
1424172_at,Hagh
1424173_at,Ndc1
1424174_at,Shkbp1
1424175_at,Tef
1424176_a_at,Anxa4
1424177_at,Tmem38a
1424178_at,Tmem38a
1424179_at,Plekhj1
1424180_a_at,Med24
1424181_at,Sept6
1424182_at,Acat1
1424183_at,Acat1
1424184_at,Acadvl
1424185_a_at,Morf4l1b///Morf4l1-ps1///Morf4l1
1424186_at,Ccdc80
1424187_at,Ccdc80
1424188_at,Rabgap1
1424189_at,Pigc
1424190_at,Pigc
1424191_a_at,Tmem41a
1424192_at,Fam216a
1424193_at,Pwp2
1424194_at,Rcsd1
1424195_a_at,Inpp5d
1424196_at,Yipf1
1424197_s_at,Fance
1424198_at,Dlg5
1424199_at,Seh1l
1424200_s_at,Seh1l
1424201_a_at,Seh1l
1424202_at,Seh1l
1424203_at,Ncln
1424204_at,Mrpl13
1424205_at,Smarca5
1424206_at,Smarca5
1424207_at,Smarca5
1424208_at,Ptger4
1424209_at,Rars2
1424210_at,Erlin1
1424211_at,Slc25a33
1424212_at,Atg101
1424213_at,Ubiad1
1424214_at,Parm1
1424215_at,Fundc1
1424216_a_at,Papola
1424217_at,Papola
1424218_a_at,Creb3l4
1424219_at,Mrm1
1424220_a_at,Porcn
1424221_at,Susd4
1424222_s_at,Rad23b
1424223_at,Mtfp1
1424224_at,Asb8
1424225_at,Asb8
1424226_at,9030617O03Rik
1424227_at,Polr3h
1424228_at,Polr3h
1424229_at,Dyrk3
1424230_at,Exoc6
1424231_s_at,Exoc6
1424232_a_at,Cmtr2
1424233_at,Meox2
1424234_s_at,Meox2
1424235_at,Gm5553///Ormdl2
1424236_at,Tbc1d10b
1424237_at,Zfp639
1424238_at,Sirt7
1424239_at,Fam65a
1424240_at,Arfip2
1424241_at,Slc30a6
1424242_at,Bphl
1424243_at,Rwdd4a
1424244_at,Rwdd4a
1424245_at,Ces2d-ps///Ces2c
1424246_a_at,Tes
1424247_at,Erc1
1424248_at,Arpp21
1424249_a_at,Arhgap9
1424250_a_at,Arhgef3
1424251_a_at,Hnrnpdl
1424252_at,Hnrnpdl
1424253_at,Fam114a2
1424254_at,Ifitm1
1424255_at,Supt5
1424256_at,Rdh12
1424257_at,Cdk7
1424258_at,Polr2d
1424259_at,Lmf1
1424260_at,Slc12a1
1424261_at,Zfp672
1424262_at,Aif1l
1424263_at,Aif1l
1424264_at,Med6
1424265_at,Npl
1424266_s_at,Ces1f
1424267_at,1810043G02Rik
1424268_at,Smox
1424269_a_at,LOC102643184///Gm8894///Gm5526///Myl6
1424270_at,Dclk1
1424271_at,Dclk1
1424272_at,Stat3
1424273_at,Cyp2c70
1424274_at,Uso1
1424275_s_at,Trim41
1424276_at,Snx16
1424277_at,Haus7
1424278_a_at,Birc5
1424279_at,Fga
1424280_at,Mospd1
1424281_at,Ubap2
1424282_at,Gatb
1424283_at,Jtb
1424284_at,Pomt1
1424285_s_at,Arl6ip4
1424286_at,Prkx
1424287_at,Prkx
1424288_at,Mepce
1424289_at,Osgin2
1424290_at,Osgin2
1424291_at,Nup93
1424292_at,Depdc1a
1424293_s_at,Tmem55a
1424294_at,Ppp4r1
1424295_at,Dppa3
1424296_at,Gclc
1424297_at,Zfp282
1424298_at,Zfp282
1424299_at,Oma1
1424300_at,Gm6253///Gemin6
1424301_at,Zfp219
1424302_at,Pirb
1424303_at,Depdc7
1424304_at,Tpcn2
1424305_at,Jchain
1424306_at,Elovl4
1424307_at,Arhgap1
1424308_at,Slc24a3
1424309_a_at,Mocs2
1424310_at,Mocs2
1424311_at,Carkd
1424312_at,Adipor1
1424313_a_at,Ndufs7
1424314_at,Prpf3
1424315_at,1110004E09Rik
1424316_at,Slc25a19
1424317_at,Slc25a19
1424318_at,Lgalsl
1424319_at,Oraov1
1424320_a_at,Traf7
1424321_at,Rfc4
1424322_at,Apex2
1424323_at,Noc2l
1424324_at,Esco1
1424325_at,Esco1
1424326_at,Lemd2
1424327_at,Anapc15
1424328_s_at,Anapc15
1424329_a_at,Prrg2
1424330_at,Senp1
1424331_at,Rab40c
1424332_at,Rab40c
1424333_at,Trmt10c
1424334_at,Tspan17
1424335_at,Ppcdc
1424336_at,Ppcdc
1424337_at,Snx15
1424338_at,Slc6a13
1424339_at,Oasl1
1424340_at,Lrrc48
1424341_s_at,Pcdhac2///Pcdhac1///Pcdha8///Pcdha2///Pcdha12///Pcdha3///Pcdha9///Pcdha1///Pcdha10///Pcdha11///Pcdha5///Pcdha7///Pcdha6///Pcdha4
1424342_at,Fyttd1
1424343_a_at,Eif1a
1424344_s_at,Eif1a
1424345_s_at,Ube2m
1424346_at,Ppp6c
1424347_at,Ppp6c
1424348_at,Mcmbp
1424349_a_at,Lpgat1
1424350_s_at,Lpgat1
1424351_at,Wfdc2
1424352_at,Cyp4a12a
1424353_at,Lrpprc
1424354_at,Tmem140
1424355_a_at,Sin3b
1424356_a_at,Metrnl
1424357_at,Tmem45b
1424358_at,Ube2e2
1424359_at,Oplah
1424360_at,Tti2
1424361_at,Tti2
1424362_at,Plpp7
1424363_at,Mycbpap
1424364_a_at,Uqcr10
1424365_at,Gm2036///1810037I17Rik
1424366_at,Dolk
1424367_a_at,Homer2
1424368_s_at,Ubqln1
1424369_at,Psmf1
1424370_s_at,Psmf1
1424371_at,Psmf1
1424372_at,Mrpl32
1424373_at,Armcx3
1424374_at,Gimap4
1424375_s_at,Gimap4
1424376_at,Cdc42ep1
1424377_at,Rsl24d1
1424378_at,Ldlrap1
1424379_at,Car11
1424380_at,Vps37b
1424381_at,Sugp1
1424382_at,Rcn3
1424383_at,Tmem51
1424384_a_at,Znrf1
1424385_at,Gon4l
1424386_at,Reep2
1424387_at,Prl8a8
1424388_at,Cluap1
1424389_at,Nupl1
1424390_at,Nupl1
1424391_at,Nrd1
1424392_at,Adhfe1
1424393_s_at,Adhfe1
1424394_at,Selm
1424395_at,Asrgl1
1424396_a_at,Asrgl1
1424397_at,Dhx36
1424398_at,Dhx36
1424399_at,Uck1
1424400_a_at,Aldh1l1
1424401_at,Aldh1l1
1424402_at,Rufy3
1424403_a_at,Rufy3
1424404_at,0610040J01Rik
1424405_at,Mbip
1424406_at,Bcl2l13
1424407_s_at,Cbx6
1424408_at,Lims2
1424409_at,Cldn23
1424410_at,Ttc8
1424411_at,Tmem189
1424412_at,Ogfrl1
1424413_at,Ogfrl1
1424414_at,Ogfrl1
1424415_s_at,Spon1
1424416_at,Nkiras2
1424417_at,Vps36
1424418_at,Slc25a38
1424419_at,Lrrc14
1424420_at,Ccpg1
1424421_at,Flad1
1424422_s_at,Flad1///Lenep
1424423_at,Flad1///Lenep
1424424_at,Slc39a1
1424425_a_at,Mtap
1424426_at,Mtap
1424427_at,Tada1
1424428_at,Ino80e
1424429_s_at,Ino80e
1424430_at,Mterf4
1424431_at,Csgalnact2
1424432_at,Ubtd1
1424433_at,Msrb2
1424434_at,Mettl22
1424435_a_at,Gart
1424436_at,Gart
1424437_s_at,Abcg4
1424438_a_at,Leprot
1424439_at,1810065E05Rik
1424440_at,Mrps6
1424441_at,Slc27a4
1424442_a_at,Pja2
1424443_at,Tm6sf1
1424444_a_at,1600014C10Rik
1424445_at,Tm4sf5
1424446_at,Armc7
1424447_at,1700030K09Rik
1424448_at,Trim6
1424449_at,Frs3
1424450_at,Gprc5c
1424451_at,Acaa1b
1424452_at,Sltm
1424453_at,Pcyt1a
1424454_at,Tmem87a
1424455_at,Gprasp1
1424456_at,Nectin2
1424457_at,Apbb3
1424458_at,Kdm4c
1424459_at,Lpcat1
1424460_s_at,Lpcat1
1424461_at,Dctn2
1424462_at,Ergic2
1424463_at,Mfsd6
1424464_s_at,Mfsd6
1424465_at,Ccdc58
1424466_at,Ipo9
1424467_at,Phldb1
1424468_s_at,Phldb1
1424469_a_at,Cpsf4
1424470_a_at,Rapgef3
1424471_at,Rapgef3
1424472_at,Nol6
1424473_at,Polr2h
1424474_a_at,Camkk2
1424475_at,Camkk2
1424476_at,Camkk2
1424477_at,Tmem184a
1424478_at,Bbs2
1424479_at,Cst8
1424480_s_at,Akt2
1424481_s_at,Armcx5
1424482_at,Arhgef7
1424483_at,Mob1a
1424484_at,Mob1a
1424485_at,Angptl3
1424486_a_at,Txnrd1
1424487_x_at,Txnrd1
1424488_a_at,Ppa2
1424489_a_at,Trit1
1424490_at,Zfp428
1424491_at,Art1
1424492_at,Xndc1///Trpc2
1424493_s_at,Ugt3a1
1424494_s_at,Flywch2
1424495_a_at,Cklf
1424496_at,Idnk
1424497_at,Tmem219
1424498_at,Atl3
1424499_s_at,Atl3
1424500_at,Utp6
1424501_at,Utp6
1424502_at,Oit1
1424503_at,Rab22a
1424504_at,Rab22a
1424505_at,Gm5512///Rmnd1
1424506_at,Zfp768
1424507_at,Rin1
1424508_at,Ttc5
1424509_at,Cd177
1424510_at,Nudt6
1424511_at,Aurka
1424512_a_at,Txndc9
1424513_at,Atp6v0a2
1424514_at,Rnf126
1424517_at,Ccdc12
1424518_at,Apol9a///Apol9b
1424519_at,Mtg1
1424520_at,Coa7
1424521_at,Zfand2b
1424522_at,Heatr1
1424523_at,Elmo1
1424524_at,Dram1
1424525_at,Grp
1424526_a_at,Tgds
1424527_at,Ppp2r2d
1424528_at,Cgref1
1424529_s_at,Cgref1
1424530_at,Sec14l2
1424531_a_at,Tcea3
1424532_at,Ylpm1
1424533_a_at,Ccdc137
1424534_at,Mmd2
1424535_at,Tctn3
1424536_at,Oas1e
1424537_at,Gm21681///Gm21951///Gm21950///Gm3763///Gm3750///Gm3706///Gm3701///Gm2927///Gm2913///Gm2863///Gm2825///Gm2799///Gm2777///Gm10922///Gm10921///Gm14351///Gm14346///Gm14345///Gm14347///Gm5925///Gm14374///Gmcl1l
1424538_at,Gm44504///Ubl4a
1424539_at,Gm44504///Ubl4a
1424540_at,Hipk1
1424541_at,Tmem70
1424542_at,S100a4
1424543_at,Nck1
1424544_at,Nrbp2
1424545_at,BC003965
1424546_at,BC003965
1424547_at,Car10
1424548_at,Zgpat
1424549_at,Degs2
1424550_at,Zfyve27
1424551_at,Zfyve27
1424552_at,Casp8
1424553_at,Hhatl
1424554_at,Ppp1r8
1424555_at,9430015G10Rik
1424556_at,Pycr1
1424557_at,Zcchc9
1424558_a_at,Cabyr
1424559_at,Rpap2
1424560_at,Pstpip1
1424561_at,Ece2
1424562_a_at,Slc25a4
1424563_at,Slc25a4
1424564_at,Rtfdc1
1424565_at,Polr3d
1424566_s_at,Polr3d
1424567_at,Tspan2
1424568_at,Tspan2
1424569_at,Ddx46
1424570_at,Ddx46
1424571_at,Ddx46
1424572_a_at,H2afy
1424573_at,Tmed5
1424574_at,Tmed5
1424575_at,Ift22
1424576_s_at,Cyp2c44
1424577_at,Msto1
1424578_at,Arrdc1
1424579_at,Slc35a3
1424580_at,Slc35a3
1424581_at,Stac2
1424582_at,Agk
1424583_at,Farp2
1424584_a_at,Ranbp10
1424585_at,Ranbp10
1424586_at,Ehbp1
1424587_at,Gemin8
1424588_at,Srgap3
1424589_s_at,Rnpc3
1424590_at,Ddx19b
1424591_at,Caap1
1424592_a_at,Dnase1
1424593_at,Ecd
1424594_at,Samd4
1424595_at,F11r
1424596_s_at,Lmcd1
1424597_at,Wash1
1424598_at,Ddx6
1424599_at,Fgl1
1424600_at,Aoc1
1424601_at,Xrcc4
1424602_s_at,Xrcc4
1424603_at,Sumf1
1424604_s_at,Sumf1
1424605_at,Pcsk5
1424606_at,Cplx3
1424607_a_at,Gm4354
1424608_a_at,Gm4354///Gm5589///Bzw2
1424609_a_at,Gm4354
1424610_at,Trub2
1424611_x_at,Trub2
1424612_at,Nipal2
1424613_at,Gprc5b
1424614_at,Pgap2
1424615_at,Pgap2
1424616_s_at,Pgap2
1424617_at,Ifi35
1424618_at,Hpd
1424619_at,Sf3b4
1424620_at,Nop16
1424621_at,Krcc1
1424622_at,Hsf1
1424623_at,Serpinb5
1424624_at,2900011O08Rik
1424625_a_at,Dennd1a
1424626_at,2010003K11Rik
1424627_at,Cst12
1424628_a_at,Ndufv3
1424629_at,Brca1
1424630_a_at,Brca1
1424631_a_at,Ighg
1424632_a_at,Rev3l
1424633_at,Camk1g
1424634_at,Tceal1
1424635_at,Eef1a1
1424636_at,Ccdc47
1424637_s_at,Ccdc47
1424638_at,Cdkn1a
1424639_a_at,Hmgcl
1424640_at,Arl8a
1424641_a_at,Thoc1
1424642_at,Thoc1
1424643_at,Tcof1
1424644_at,Tbcc
1424645_at,Tnrc6c
1424646_at,Uckl1
1424647_at,Gabrp
1424648_at,Ift27
1424649_a_at,Tspan8
1424650_at,Pdia5
1424651_at,Acsf3
1424652_at,Eva1a
1424653_at,Tspan15
1424654_at,Acp2
1424655_at,Acp2
1424656_s_at,Usp19
1424657_at,Taok1
1424658_at,Taok1
1424659_at,Slit2
1424660_s_at,Crtc2
1424661_at,Pmpca
1424662_at,Pmpca
1424663_at,Fam222b
1424664_at,Fam222b
1424665_at,Gpatch8
1424666_at,Gpatch8
1424667_a_at,Cux1
1424668_a_at,Cux1
1424669_at,Zfyve21
1424670_s_at,Zfyve21
1424671_at,Plekhf1
1424672_at,Dmxl1
1424673_at,Clec2h
1424674_at,Slc39a6
1424675_at,Slc39a6
1424676_s_at,Sec14l4
1424677_at,Cyp2j9
1424678_at,Actl7b
1424679_at,Mab21l1
1424680_at,Fam26e
1424681_a_at,Psma5
1424682_at,Gpn3
1424683_at,Fam134b
1424684_at,Rab5c
1424685_at,Exosc4
1424686_at,Heatr6
1424687_at,Heatr6
1424688_at,Creb3l3
1424689_at,Prss32
1424690_at,Cacfd1
1424691_at,Cacfd1
1424692_at,L3hypdh
1424693_at,Erlec1
1424694_at,Fam210b
1424695_at,Fam210b
1424696_at,Gpr89
1424697_at,Dtwd1
1424698_s_at,Gca
1424699_at,Ccdc136
1424700_at,Tmem38b
1424701_at,Pcdh20
1424702_a_at,Atg2b
1424703_at,Hemk1
1424704_at,Runx2
1424705_at,Rbmx2
1424706_at,Zfp51
1424707_at,Tmed10
1424708_at,Gm4024///Tmed10
1424709_at,Sc5d
1424710_a_at,Gorasp2
1424711_at,Tmem2
1424712_at,Ahctf1
1424713_at,Calml4
1424714_at,Aldoc
1424715_at,Retsat
1424716_at,Retsat
1424717_at,Mis12
1424718_at,Mapt
1424719_a_at,Mapt
1424720_at,Mgat4b
1424721_at,Mfap3
1424722_at,1300017J02Rik
1424723_s_at,Cstf3
1424724_a_at,D16Ertd472e
1424725_at,D16Ertd472e
1424726_at,Tmem150a
1424727_at,Ccr5
1424728_at,Rrp36
1424729_at,Adig
1424730_a_at,Slc15a2
1424731_at,Nle1
1424732_s_at,Tmem192
1424733_at,P2ry14
1424734_at,Rasgrf1
1424735_at,Slc25a25
1424736_at,Eef2
1424737_at,Thrsp
1424738_at,Ap5m1
1424739_at,Ap5m1
1424740_at,Creb3
1424741_s_at,Creb3
1424742_at,Creb3
1424743_at,Jmjd8
1424744_at,Sds
1424745_at,Phykpl
1424746_at,Kif1c
1424747_at,Kif1c
1424748_at,Galnt11
1424749_at,Wdfy1
1424750_at,Zbtb1
1424751_at,Abt1
1424752_x_at,Zfp738///Zfp65
1424753_at,Nudt14
1424754_at,Ms4a7
1424755_at,Hip1
1424756_at,Hip1
1424757_at,Plppr2
1424758_s_at,Serpina10
1424759_at,Arrdc4
1424760_a_at,Smyd2
1424761_at,Tcaf2
1424762_at,Mfrp///C1qtnf5
1424763_at,Rsph9
1424764_at,Sez6l
1424765_at,Eps15l1
1424766_at,Ercc6l
1424767_at,Cdh22
1424768_at,Cald1
1424769_s_at,Cald1
1424770_at,Cald1
1424771_at,H2afj
1424772_at,H2afj
1424773_at,Mvb12a
1424774_s_at,Ears2
1424775_at,Oas1a
1424776_a_at,Slc25a28
1424777_at,Dcaf4
1424778_at,Reep3
1424779_at,Reep3
1424780_a_at,Reep3
1424781_at,Reep3
1424782_at,Dram2
1424783_a_at,Ugt1a1///Ugt1a6b///Ugt1a9///Ugt1a5///Ugt1a7c///Ugt1a10///Ugt1a6a///Ugt1a2
1424784_at,Zfp991
1424785_at,Angptl6
1424786_s_at,Wdr45
1424787_a_at,Nrf1
1424788_at,Kri1
1424789_at,Zscan22
1424790_at,Slc25a42
1424791_a_at,Bcam
1424792_at,Rpp40
1424793_a_at,Pbp2
1424794_at,Rnf186
1424795_a_at,1700001O22Rik
1424796_at,Ccsap
1424797_a_at,Pitx2
1424798_a_at,Adam5
1424799_a_at,Gcc1
1424800_at,Enah
1424801_at,Enah
1424802_a_at,Luc7l3
1424803_at,Mios
1424804_at,Mios
1424805_a_at,Tmem214
1424806_s_at,Tmem214
1424807_at,Lama4
1424808_at,Lama4
1424809_at,Crb3
1424810_at,Tasp1
1424811_at,Nat8f5
1424812_at,BC017158
1424813_at,Fam149b
1424814_a_at,Bcl2l14
1424815_at,Gys2
1424816_at,Cecr5
1424817_at,Spef1
1424818_at,Alg12
1424819_a_at,Ric8a
1424820_a_at,Ndfip1
1424821_at,Ndfip1
1424822_at,Slain1
1424823_s_at,Slain1
1424824_at,Slain1
1424825_a_at,Glycam1
1424826_s_at,Mtss1
1424827_a_at,Csnk1a1
1424828_a_at,Fh1
1424829_at,Tor4a
1424830_at,Ccnk
1424831_at,Cpne2
1424832_at,Cd300ld
1424833_at,Itpr2
1424834_s_at,Itpr2
1424835_at,Gstm4
1424836_a_at,Clasp2
1424837_at,Rnf113a1
1424838_at,Ncmap
1424839_a_at,Nsun4
1424840_at,Rbks
1424841_s_at,Rbks
1424842_a_at,Arhgap24
1424843_a_at,Gas5
1424844_at,Angel1
1424845_a_at,Cep68
1424846_at,Cep68
1424847_at,Nefh
1424848_at,Kcnma1
1424849_at,Wdr62
1424850_at,Map3k1
1424851_at,Chchd5
1424852_at,Mef2c
1424853_s_at,Cyp4a31///Cyp4a10
1424854_at,Hist1h4m///Hist1h4b///Hist1h4a///Hist4h4///Hist1h4n///Hist1h4k///Hist1h4j///Hist1h4i///Hist1h4f///Hist1h4d///Hist1h4c///Hist2h4///Hist1h4h
1424855_at,Olah
1424856_at,Atp1a3
1424857_a_at,Trim34a
1424858_at,L2hgdh
1424859_at,Homer3
1424860_at,D930016D06Rik
1424861_at,D930016D06Rik
1424862_s_at,Mib2
1424863_a_at,Hipk2
1424864_at,Hipk2
1424865_at,Pyy
1424866_at,Usp43
1424867_a_at,Glyat
1424868_at,Glyat
1424869_at,Dhrs7b
1424870_at,Osbpl10
1424871_s_at,Ubald1
1424872_at,Zfp932
1424873_at,Rnf2
1424874_a_at,Ptbp1
1424875_at,Spg20
1424876_s_at,Spg20
1424877_a_at,Alad
1424878_at,Gm20605///Lrch4
1424879_at,Gm20605///Sap25///Lrch4
1424880_at,Trib1
1424881_at,Trib1
1424882_a_at,Nt5dc2
1424883_s_at,Srsf7
1424884_at,Fbxw2
1424885_at,Klhdc8a
1424886_at,Ptprd
1424887_at,Klhdc4
1424888_at,March2
1424889_at,Nupl2
1424890_at,Bnc1
1424891_a_at,Zw10
1424892_at,Zkscan5
1424893_at,Ndel1
1424894_at,Rab13
1424895_at,Gpsm2
1424896_at,Gpr85
1424897_at,Gpr85
1424898_at,Slc10a1
1424899_at,Nmnat3
1424900_at,Slc29a4
1424901_at,Gcnt3
1424902_at,Plxdc1
1424903_at,Kdm5d
1424904_at,Vwa8
1424905_a_at,Slc39a11
1424906_at,Pqlc3
1424907_a_at,Farsa
1424908_at,Mtfmt
1424909_at,Lrrc46
1424910_at,Kif12
1424911_a_at,Lyzl4
1424912_at,Slc25a17
1424913_at,Cipc
1424914_at,Cipc
1424915_s_at,Cipc
1424916_x_at,Zfp764
1424917_a_at,Wipi1
1424918_at,Tbc1d19
1424919_at,Erbb2
1424920_at,Slc37a3
1424921_at,Bst2
1424922_a_at,Brd4
1424923_at,Serpina3g
1424924_at,Sec63
1424925_at,Sec63
1424926_at,Sec63
1424927_at,Glipr1
1424928_at,Emsy
1424929_a_at,Trim26
1424930_s_at,Fam83f
1424931_s_at,Iglc1///Iglv1
1424932_at,Egfr
1424933_at,Myo5c
1424934_at,Ugt2b1
1424935_at,Gdap1l1
1424936_a_at,Dnah8
1424937_at,Plin5
1424938_at,Steap1
1424939_at,Asz1
1424940_s_at,BC022687
1424941_at,BC016579
1424942_a_at,Myc
1424943_at,Cyp4a31
1424944_at,Pcp2
1424945_at,Chrdl1
1424946_a_at,Mtfr1
1424947_at,Dync1li1
1424948_x_at,LOC101056305///H2-K1///H2-D1
1424949_at,Huwe1
1424950_at,Sox9
1424951_at,Baiap2l1
1424952_at,Ociad1
1424953_at,BC021614
1424954_a_at,Pip5k1c
1424955_at,Haus1
1424956_at,Ahdc1
1424957_at,Ahdc1
1424958_at,Car8
1424959_at,Anxa13
1424960_at,Epn3
1424961_at,Tapbpl
1424962_at,Tm4sf4
1424963_at,Rp1
1424964_at,Rp1
1424965_at,Lpxn
1424966_at,Tmem40
1424967_x_at,Tnnt2
1424968_at,Ces2g
1424969_s_at,Upp2
1424970_at,Purg
1424971_at,Spdl1
1424972_at,Jdp2
1424973_at,Cyp3a25
1424974_at,Zfp418
1424975_at,Siglecf
1424976_at,Rhov
1424977_at,Ppp1r42
1424978_at,Odf4
1424979_at,Aph1a
1424980_s_at,Aph1a
1424981_at,Nln
1424982_a_at,Cacul1
1424983_a_at,Cacul1
1424984_at,Cacul1
1424985_a_at,Sox10
1424986_s_at,Fbxw7
1424987_at,Rab7b
1424988_at,Mylip
1424989_at,Orai1
1424990_at,Orai1
1424991_s_at,Tyms-ps///Tyms
1424992_at,Tprkb
1424993_at,Msantd4
1424994_at,Glyctk
1424995_at,Glyctk
1424996_at,Cflar
1424997_at,Sfswap
1424998_at,Adgre4
1424999_at,Znrd1as
1425000_s_at,Proser2
1425001_at,Rnf146
1425002_at,Sectm1a
1425003_at,Uroc1
1425004_s_at,Mocs1
1425005_at,Klrc1
1425006_a_at,Vrk1
1425007_at,Zfp566
1425008_a_at,LOC100862473///Gm16340///Ifi203
1425009_at,Tcte2
1425010_at,Zfp119a
1425011_x_at,Stx18
1425012_at,Gm15776///Gng5
1425013_at,Slc25a2
1425014_at,Nr2c2
1425015_at,Ephb2
1425016_at,Ephb2
1425017_at,Pcdhac2///Pcdhac1///Pcdha2///Pcdha12///Pcdha9///Pcdha1///Pcdha10///Pcdha11///Pcdha4
1425018_at,Mcts1
1425019_at,Ubxn2a
1425020_at,Ubxn2a
1425021_a_at,Pex16
1425022_at,Usp3
1425023_at,Usp3
1425024_at,E430018J23Rik
1425025_at,Tmem106a
1425026_at,Sft2d2
1425027_s_at,Sft2d2
1425028_a_at,Tpm2
1425029_a_at,Mboat2
1425030_at,Zfp622
1425031_at,Fktn
1425032_at,Scgb2b27
1425033_at,Slc17a2
1425034_at,Slc17a2
1425035_s_at,Dnmt3l
1425036_a_at,Tnrc6a
1425037_at,Fgd4
1425038_at,Slc22a19
1425039_at,Itgbl1
1425040_at,Cybrd1
1425041_at,Lhx3
1425042_s_at,Pelp1
1425043_s_at,Ccdc163
1425044_at,Kcnj6
1425045_at,Gm28042///Jmjd7
1425046_at,Bpifb5
1425047_a_at,Cnbd2
1425048_a_at,Gm21596///Hmgb1-ps10///Hmgb1
1425049_at,Oas1h
1425050_at,Isoc1
1425051_at,Isoc1
1425052_at,Isoc1
1425053_at,Isoc1
1425054_a_at,Tmem234
1425055_at,Ppp6r2
1425056_s_at,Ppp6r2
1425057_at,Pbld1
1425058_at,Zfp472
1425059_at,Prmt6
1425060_s_at,Clip1
1425061_at,Wasf3
1425062_at,Fcrl1
1425063_at,Fcrl1
1425064_at,Arnt
1425065_at,Oas2
1425066_a_at,Mtmr14
1425067_at,Celsr3
1425068_a_at,Tex264
1425069_at,Cyp2d34
1425070_at,Ntrk3
1425071_s_at,Ntrk3
1425072_at,Skp2
1425073_at,Plekhg6
1425074_at,Wrn
1425075_at,Gatad2b
1425076_at,Dnajc18
1425077_at,Dnajc18
1425078_x_at,LOC102638047///C130026I21Rik
1425079_at,Tm6sf2
1425080_at,Zfp286
1425081_at,Zfp286
1425082_s_at,Pds5a
1425083_at,Otor
1425084_at,Gimap7
1425085_at,Zfp944
1425086_a_at,Slamf6
1425087_at,Hypk
1425088_at,Scnn1a
1425089_at,Kcnc4
1425090_s_at,Kcnc4
1425091_at,Rarres2
1425092_at,Cdh10
1425093_at,P2rx3
1425094_a_at,Lhx6
1425095_at,BC002059
1425096_a_at,Ptcd1
1425097_a_at,Zfp106
1425098_at,Zfp106
1425099_a_at,Arntl
1425100_a_at,Pde6g
1425101_a_at,Fkbp6
1425102_a_at,Ace2
1425103_at,Ace2
1425104_at,Kctd1
1425105_at,Rbp3
1425106_a_at,Wars
1425107_a_at,Lifr
1425108_a_at,Smagp
1425109_at,Slc44a3
1425110_at,Sorcs3
1425111_at,Sorcs3
1425112_at,Ankrd27
1425114_at,Rbbp6
1425115_at,Rbbp6
1425116_a_at,Sptbn4
1425117_at,Aspdh
1425118_at,Spire2
1425119_at,Oas1b
1425120_x_at,Ifi27l2b
1425121_a_at,BC006965
1425122_at,Fam3b
1425123_at,Klhl36
1425124_at,Rnf183
1425125_at,Oit3
1425126_at,Ncam1
1425127_at,Hsd3b2
1425128_at,B3gnt8
1425129_a_at,Taldo1
1425130_a_at,Ptpn5
1425131_at,Ptpn5
1425132_at,Neto1
1425133_s_at,Rab3il1
1425134_a_at,Pigx
1425135_a_at,Dnm2
1425136_x_at,Dnm2
1425137_a_at,H2-Q10
1425138_at,Guca1b
1425139_at,Sesn2
1425140_at,Lactb2
1425141_at,Lactb2
1425142_a_at,Hnrnpd
1425143_a_at,Ndufs1
1425144_at,Klk1b11
1425145_at,Il1rl1
1425146_at,Ccdc166
1425147_at,Ccdc166
1425148_a_at,Snx6
1425149_a_at,Pdcl
1425150_at,Acnat2
1425151_a_at,Noxo1
1425152_s_at,Serpini2
1425153_at,Myh2
1425154_a_at,Csf1
1425155_x_at,Csf1
1425156_at,Gbp7
1425157_x_at,Tspan33
1425158_at,Tbx20
1425159_at,Golt1a
1425160_at,AF067063
1425161_a_at,Trabd
1425162_at,Rorb
1425163_at,AI661453
1425164_a_at,Phkg1
1425165_at,Gzmn
1425166_at,Rbl1
1425167_a_at,Gngt1
1425168_at,Gngt1
1425169_at,Prss42
1425170_a_at,Adam15
1425171_at,Rho
1425172_at,Rho
1425173_s_at,Golph3l
1425175_at,C1ql3
1425176_at,C1ql3
1425177_at,Shmt1
1425178_s_at,Shmt1
1425179_at,Shmt1
1425180_at,Sgip1
1425181_at,Sgip1
1425182_x_at,Klk1b9///Klk1b22
1425183_a_at,Rpl4
1425184_at,Ska1
1425185_at,Desi2
1425186_at,Lmbrd1
1425187_at,Sel1l
1425188_s_at,Sel1l
1425189_a_at,Mrpl15
1425190_a_at,Phospho2
1425191_at,Ocel1
1425192_at,Klhl25
1425193_at,Sppl2a
1425194_a_at,Sfr1
1425195_a_at,Acat3///Acat2
1425196_a_at,Hint2
1425197_at,Ptpn2
1425198_at,Ptpn2
1425199_a_at,Epb41l5
1425200_at,Clcc1
1425201_a_at,Hyi
1425202_a_at,Ank3
1425203_at,Ddx19b
1425204_s_at,Ddx19b///Ddx19a
1425205_at,Ddx19b
1425206_a_at,Ube3a
1425207_at,Slc22a22
1425208_at,Lbh
1425209_at,Zfp84
1425210_s_at,Zfp84
1425211_at,Gatc
1425212_a_at,Tnfrsf19
1425213_at,Fam81a
1425214_at,P2ry6
1425215_at,Ffar2
1425216_at,Ffar2
1425217_a_at,Synj2
1425218_a_at,Scgb3a2
1425219_x_at,Gngt1
1425220_x_at,AF067061
1425221_at,Agr3
1425222_x_at,Slc22a29
1425223_at,Birc3
1425224_at,Slmo1
1425225_at,Fcgr4
1425226_x_at,LOC665506
1425227_a_at,Atp6v0a1
1425228_a_at,Dguok
1425229_a_at,Tcf7l2
1425230_at,Nags
1425231_a_at,Zfp46
1425232_x_at,Arr3
1425233_at,2210407C18Rik
1425234_at,Col20a1
1425235_s_at,Col20a1
1425236_at,Col20a1
1425237_at,Krtap6-5
1425238_at,Gm6607
1425239_at,Setd4
1425240_at,Zfp959
1425241_a_at,Wsb1
1425242_at,Tmem258
1425243_at,Cd207
1425244_a_at,Theg
1425245_a_at,Rgs11
1425246_at,Hnf4aos
1425247_a_at,Ighm
1425248_a_at,Tyro3
1425249_a_at,Tyro3
1425250_a_at,Slc14a2
1425251_at,Ptger3
1425252_a_at,Mad1l1
1425253_a_at,Madcam1
1425254_at,Foxn4
1425255_s_at,Hnrnpll
1425256_a_at,Dixdc1
1425257_at,Acot5
1425258_at,Cst11
1425259_x_at,Klra12
1425260_at,Alb
1425261_at,Cebpg
1425262_at,Cebpg
1425263_a_at,Mbp
1425264_s_at,Mbp
1425265_a_at,Eri3
1425266_a_at,Rap1gds1
1425267_a_at,Pear1
1425268_a_at,Pear1
1425269_at,Apbb1ip
1425270_at,Kif1b
1425271_at,Psmc3ip
1425272_at,Emp2
1425273_s_at,Emp2
1425274_at,Asph
1425275_at,Asph
1425276_at,Fbrs
1425277_at,Slit1
1425278_at,Ube4a
1425279_at,Pdik1l
1425280_at,Leng1
1425281_a_at,Tsc22d3
1425282_at,Rnf144b
1425283_a_at,Mtl5
1425284_a_at,Rab27a
1425285_a_at,Rab27a
1425286_at,Crygn
1425287_at,Zfp189
1425288_at,Samd11
1425289_a_at,Cr2
1425290_at,Stx19
1425291_at,Foxj1
1425292_at,Dtna
1425293_a_at,Zcchc18
1425294_at,Slamf8
1425295_at,Rnase2a
1425296_a_at,Rgs3
1425297_at,Zfp825
1425298_a_at,Naip1
1425299_s_at,Trmt112
1425300_at,Tkfc
1425301_at,Ncam2
1425302_at,Mfsd6l
1425303_at,Gck
1425304_s_at,Prima1
1425305_at,Zbtb21
1425306_at,BC027072
1425307_at,Dnah1
1425308_at,Trim31
1425309_at,Catsper2
1425310_a_at,Col26a1
1425311_at,4930432F04Rik
1425312_s_at,Cpsf4l
1425313_at,Carf
1425314_at,Adgrv1
1425315_at,Dock7
1425316_at,B3gat1
1425317_x_at,Stk31
1425318_a_at,Tmem116
1425319_s_at,Snrnp48
1425320_at,Zfp605
1425321_a_at,Clmn
1425322_at,Gm13286///Gm13288///Gm13287///Gm13285///Gm13279///Gm13275///Gm13278///Gm13277///Gm13276///Gm13272///Gm13289///Gm13290///Gm13283///Gm13271///Ifnz
1425323_a_at,Fam173a
1425324_x_at,Ighm
1425325_at,Ms4a4b
1425326_at,Acly
1425327_at,Fam76a
1425328_at,Fam76a
1425329_a_at,Cyb5r3
1425330_a_at,Ppm1b
1425331_at,Zfp106
1425332_at,Zfp106
1425333_at,Rab43
1425334_at,Gorasp1
1425335_at,Cd8a
1425336_x_at,H2-K1
1425337_at,Slc12a5
1425338_at,Plcb4
1425339_at,Plcb4
1425340_a_at,Ptpra
1425341_at,Kcnk3
1425342_a_at,Kcnk3
1425343_at,Hdhd3
1425344_at,Narf
1425345_at,Ccdc28a
1425346_at,Zfp318
1425347_a_at,Zfp318
1425348_a_at,Srprb
1425349_a_at,Myef2
1425350_a_at,Myef2
1425351_at,Srxn1
1425352_at,Rcor3
1425353_at,Enpp3
1425354_a_at,Aggf1
1425355_at,Acsf2
1425356_at,Zfp142
1425357_a_at,Grem1
1425358_at,Riok1
1425359_at,Mall
1425360_at,Mllt6
1425361_at,Zfp397
1425362_at,Agfg2
1425363_at,B4galnt1
1425364_a_at,Slc3a2
1425365_a_at,Cyp2d13
1425366_a_at,Hus1
1425367_at,Itgal
1425368_a_at,Numb
1425369_a_at,Sox10
1425370_a_at,Erg
1425371_at,Polb
1425372_at,Dnajc19-ps///Dnajc19
1425373_a_at,Psmg2
1425374_at,Oas3
1425375_at,Tdpoz1
1425376_at,Alox8
1425377_at,Wnt1
1425378_at,Herc1
1425379_at,Hgf
1425380_at,Rasgrp4
1425381_a_at,Tfr2
1425382_a_at,Aqp4
1425383_a_at,Pbx1
1425384_a_at,Ube4a
1425385_a_at,Ighm
1425386_at,Ocstamp
1425387_at,Akr1c20
1425388_a_at,Tpk1
1425389_a_at,Runx2
1425390_at,Adat1
1425391_a_at,Osbpl5
1425392_a_at,Nr1i3
1425393_a_at,Map2k7
1425394_at,BC023105
1425395_at,Adam26a
1425396_a_at,Lck
1425397_at,Gm9885
1425398_at,Hist1h2br///Hist1h2bq///Hist1h2bn///Hist1h2bl///Hist1h2bj///Hist1h2bf
1425399_at,Mfsd7b
1425400_a_at,Cited4
1425401_at,Cpsf4l
1425402_at,Thop1
1425403_at,Dnm3
1425404_a_at,Tmem110
1425405_a_at,Adar
1425406_at,Clec4a2
1425407_s_at,Clec4b1///Clec4a2
1425408_a_at,Pdzph1
1425409_at,Chrna2
1425410_at,Tprkb
1425411_at,Arl4a
1425412_at,Nlrp3
1425413_at,Rfx3
1425414_at,Ppp1r16b
1425415_a_at,Slc1a1
1425416_s_at,Psrc1
1425417_x_at,Klra21///Klra8
1425418_at,Wfdc5
1425419_a_at,Raf1
1425420_s_at,Lats2
1425421_at,Gm20274
1425422_a_at,Parn
1425423_at,Glis1
1425425_a_at,Wif1
1425426_a_at,Mef2a
1425427_at,Gm20767
1425428_at,Hif3a
1425429_s_at,Hif3a
1425430_at,Krtap19-3
1425431_at,Krtap16-3
1425432_at,Oprm1
1425434_a_at,Msr1
1425435_at,Msr1
1425436_x_at,LOC100862437///Klra9///Klra3
1425437_a_at,Kcnk7
1425439_a_at,Slc41a3
1425440_x_at,Slc41a3
1425441_at,Guca1b
1425442_at,Oscar
1425443_at,Tfap2d
1425444_a_at,Tgfbr2
1425445_a_at,Cldn18
1425447_at,Dkk4
1425448_x_at,Atp6v0b
1425449_at,Plpp1
1425450_at,Chil4
1425451_s_at,Chil4///Chil3
1425452_s_at,Fam84a
1425453_x_at,Klra12
1425454_a_at,Il12a
1425455_a_at,Churc1
1425456_a_at,Map2k3
1425457_a_at,Grb10
1425458_a_at,Grb10
1425459_at,Mtmr2
1425460_at,Mtmr2
1425461_at,Fbxw11
1425462_at,Fbxw11
1425463_at,Gata6
1425464_at,Gata6
1425465_a_at,Senp2
1425466_at,Senp2
1425467_a_at,Plp1
1425468_at,Plp1
1425472_a_at,Lmna
1425473_at,Med17
1425474_a_at,Vps39
1425475_at,Col4a5
1425476_at,Col4a5
1425477_x_at,H2-Ab1
1425478_x_at,Ube2i
1425479_at,Smyd5
1425480_at,Cnot6l
1425481_at,Cnot6l
1425482_s_at,Ankmy2
1425483_at,Tox
1425484_at,Tox
1425485_at,Mtmr6
1425486_s_at,Mtmr6
1425487_at,Slu7
1425488_at,Slu7
1425489_at,Slu7
1425490_a_at,Wdr13
1425491_at,Bmpr1a
1425492_at,Bmpr1a
1425493_at,Bmpr1a
1425494_s_at,Bmpr1a
1425495_at,Zfp62
1425496_at,Abca3
1425497_a_at,Prpf4b
1425498_at,Prpf4b
1425503_at,Gcnt2
1425504_at,Mylk
1425505_at,Mylk
1425506_at,Mylk
1425507_at,Arfrp1
1425508_s_at,Arfrp1
1425509_at,Mark1
1425510_at,Mark1
1425511_at,Mark1
1425512_at,Map2k7
1425513_at,Map2k7
1425514_at,Pik3r1
1425515_at,Pik3r1
1425516_at,Ogt
1425517_s_at,Ogt
1425518_at,Rapgef4
1425519_a_at,Cd74
1425520_a_at,Dhdds
1425521_at,Paip1
1425522_at,Rbm25
1425523_at,Rbm25
1425524_at,Rbm25
1425525_a_at,P2rx4
1425526_a_at,Prrx1
1425527_at,Prrx1
1425528_at,Prrx1
1425529_s_at,Wbp1l
1425530_a_at,Stx3
1425531_at,Znhit1
1425532_a_at,Bin1
1425533_a_at,Stau2
1425534_at,Stau2
1425535_at,Repin1
1425536_at,Stx3
1425537_at,Ppm1a
1425538_x_at,Ceacam1
1425539_a_at,Rtn3
1425540_at,Otc
1425541_at,Ddx27
1425542_a_at,Ppp2r5c
1425543_s_at,Plekha5
1425544_at,Plekha5
1425545_x_at,H2-L///H2-D1
1425546_a_at,Trf///Srprb
1425547_a_at,Klc4
1425548_a_at,Lst1
1425549_at,Psen1
1425550_a_at,Prkar1a
1425551_at,Hip1r
1425552_at,Hip1r
1425553_s_at,Hip1r
1425554_a_at,Cdc16
1425555_at,Cdk12
1425556_at,Cdk12
1425557_x_at,Tsc22d3
1425558_at,Klc3
1425559_a_at,Acsm3
1425560_a_at,S100a16
1425561_at,Trnt1
1425562_s_at,Trnt1
1425563_s_at,Pcdh10
1425564_at,Rest
1425565_at,Rest
1425566_at,Rest
1425567_a_at,Anxa5
1425568_a_at,Tmem33
1425569_a_at,Slamf1
1425570_at,Slamf1
1425571_at,Slamf1
1425572_a_at,Asap1
1425573_a_at,Asap1
1425574_at,Epha3
1425575_at,Epha3
1425576_at,Ahcyl1
1425577_at,Zmym5
1425578_a_at,Gfra2
1425579_at,Gfra2
1425580_a_at,Pik3c3
1425581_s_at,Galnt7
1425582_a_at,Emcn
1425585_at,Med12
1425586_a_at,Mlph
1425587_a_at,LOC102641972///Ptprj
1425588_at,LOC102641972///Ptprj
1425589_at,Hsd17b13
1425590_s_at,Aipl1
1425591_a_at,Chmp2a
1425592_at,Tnpo2
1425593_at,Tnpo2
1425594_at,Lamc3
1425595_at,Gabbr1
1425596_at,Mfsd4b1
1425597_a_at,Qk
1425598_a_at,Gm11787///Lyn
1425599_a_at,Gatad1
1425600_a_at,Plcb1
1425601_a_at,Rtkn
1425602_a_at,Rabep2
1425603_at,Tmem176a
1425604_at,Crkl
1425605_a_at,Lmbr1
1425606_at,Slc5a8
1425607_at,Hlcs
1425608_at,Dusp3
1425609_at,Ncf1
1425610_s_at,Galnt2
1425611_a_at,Cux1
1425612_at,Cux1
1425613_at,Pcdhac2///Pcdhac1///Pcdha2///Pcdha12///Pcdha9///Pcdha1///Pcdha10///Pcdha11///Pcdha4
1425614_x_at,H2-D1
1425615_a_at,Pck2
1425616_a_at,Svbp
1425617_at,Dhx9
1425618_at,Dhx9
1425619_s_at,Dsg2
1425620_at,Tgfbr3
1425621_at,Trim35
1425622_at,Edil3
1425623_a_at,Cbs
1425624_at,Epm2aip1
1425625_at,Il13ra1
1425626_at,Gstm1
1425627_x_at,Gstm1
1425628_a_at,Gtf2i
1425629_a_at,Nol6
1425630_at,Sin3b
1425631_at,Ppp1r3c
1425632_a_at,Pqlc2
1425633_at,Cfhr2
1425634_a_at,Tnk1
1425635_at,Tnk1
1425636_at,Hhat
1425637_at,BB283400
1425638_at,Adap2
1425639_at,Adap2
1425640_at,Aff1
1425641_at,Aff1
1425642_at,Cep290
1425643_at,Gypa
1425644_at,Lepr
1425645_s_at,Cyp2b10
1425646_at,Nmrk1
1425647_at,Trim60
1425648_at,Trim60
1425649_at,Slc39a14
1425650_at,Tle4
1425651_at,Nhej1
1425652_s_at,Rbpms
1425653_at,Atf7
1425654_a_at,Lima1
1425655_at,Krtap19-2
1425656_a_at,Baiap2
1425657_at,1700016D06Rik
1425658_at,Cd109
1425659_at,Tom1l2
1425660_at,Btbd3
1425661_at,Cdadc1
1425662_at,Cdadc1
1425663_at,Il1rn
1425664_at,Klhl20
1425665_a_at,Srp54c///Srp54b///Srp54a
1425666_at,Zic5
1425667_at,Acot11
1425668_a_at,St3gal4
1425669_at,Mob3b
1425670_at,Rfxank
1425671_at,Homer1
1425672_a_at,Xntrpc///Trpc2
1425673_at,Lpp
1425674_a_at,Ssu72
1425675_s_at,Ceacam1
1425676_a_at,Elovl1
1425677_a_at,Ank1
1425678_a_at,Snrk
1425679_a_at,Mapk8ip1
1425680_a_at,Btrc
1425681_a_at,Prn///Prnd
1425682_a_at,Tprkb
1425684_at,Akr1b10
1425685_at,Akr1b10
1425686_at,Cflar
1425687_at,Cflar
1425688_a_at,Dpys
1425689_at,Dpys
1425690_at,B3gat1
1425691_at,B3gat1
1425692_a_at,Dnah8
1425693_at,Braf
1425694_at,Tbx5
1425695_at,Tbx5
1425696_at,Nxnl1
1425697_at,Nemf
1425698_a_at,Crebzf
1425699_a_at,Abhd14a
1425700_at,Grm1
1425701_a_at,Rgs3
1425702_a_at,Enpp5
1425703_at,Ppard
1425704_at,Dhrs11
1425705_a_at,Ero1lb
1425706_a_at,Ddb2
1425707_a_at,Kcnj6
1425708_at,Rnf17
1425709_at,Rnf17
1425710_a_at,Homer1
1425711_a_at,Akt1
1425712_at,BC025446
1425713_a_at,Rnf146
1425714_a_at,Nfam1
1425715_at,Il1f8
1425716_s_at,Bak1
1425717_at,Lrba
1425718_a_at,Ivns1abp
1425719_a_at,Nmi
1425721_at,Phip
1425722_at,Iigp1b
1425723_at,Nr1i2
1425724_at,Ptprn2
1425725_s_at,Ppp2r5c
1425726_x_at,Ppp2r5c
1425727_at,Cldn19
1425728_at,Gm12185
1425729_at,Best2
1425730_at,Cacng6
1425731_at,Ankrd24
1425732_a_at,Mxi1
1425733_a_at,Eps8
1425734_a_at,Ccdc77
1425735_at,Madd
1425736_at,Cd37
1425737_at,1500002F19Rik
1425738_at,Igk
1425739_at,Pld1
1425740_at,Suv420h1
1425741_at,Srgap3
1425742_a_at,Tsc22d1
1425743_at,Trim7
1425744_a_at,Mgat5
1425745_a_at,Tacc2
1425746_at,Cutal
1425747_at,Dock5
1425748_at,Diras1
1425749_at,Stxbp6
1425750_a_at,Jak3
1425751_at,Slc22a26
1425752_at,Slc22a26
1425753_a_at,Ung
1425754_a_at,Btn1a1
1425755_at,Mtcp1
1425756_at,Rab40b
1425757_a_at,Impg1
1425758_a_at,Impg1
1425759_at,Nobox
1425760_a_at,Pitpnm1
1425761_a_at,Nfatc1
1425762_a_at,Rxra
1425763_x_at,Igha///Igh-VJ558
1425764_a_at,Bcat2
1425767_a_at,Six4
1425768_at,Diablo
1425769_x_at,Cklf
1425770_at,A730028G07Rik
1425771_at,Akr1d1
1425772_at,Col4a4
1425773_s_at,Nmnat1
1425774_at,Srrm4
1425775_at,Zfp820
1425776_a_at,C87436
1425777_at,Cacnb1
1425778_at,Ido2
1425779_a_at,Tbx1
1425780_a_at,Tmem167
1425781_a_at,Plcb1
1425782_at,Plcb1
1425783_at,Tc2n
1425784_a_at,Olfm1
1425785_a_at,Txk
1425786_a_at,Hsf4
1425787_a_at,Gm29721///Gm29719///Sytl3
1425788_a_at,Echdc2
1425789_s_at,Anxa8
1425790_a_at,Grik2
1425791_at,Pon2
1425792_a_at,Rorc
1425793_a_at,Rorc
1425794_at,Pola2
1425795_a_at,Map3k7
1425796_a_at,Fgfr3
1425797_a_at,Syk
1425798_a_at,Recql
1425799_at,Fmo4
1425800_at,Rad9b
1425801_x_at,Cotl1
1425802_a_at,Fcrla
1425803_a_at,Mbd2
1425804_at,Hmx2
1425805_a_at,Usp12
1425806_a_at,Med21
1425807_at,BC021891
1425808_a_at,Myocd
1425809_at,Fabp4
1425810_a_at,Csrp1
1425811_a_at,Csrp1
1425812_a_at,Cacna1b
1425813_at,Pign
1425814_a_at,Calcrl
1425815_a_at,Hmmr
1425816_at,Zfp287
1425817_a_at,Slc8a1
1425818_at,4930520O04Rik
1425819_at,Zbtb7c
1425820_x_at,Gpatch4
1425821_at,Clcn7
1425822_a_at,Dtx1
1425823_at,Cfhr2
1425824_a_at,Pcsk4
1425825_at,Eml6
1425826_a_at,Sorbs1
1425827_at,Nkx2-3
1425828_at,Nkx6-1
1425829_a_at,Steap4
1425830_a_at,Cinp
1425831_at,Zfp101
1425832_a_at,Cxcr6
1425833_a_at,Hpca
1425834_a_at,Gpam
1425835_a_at,Bbx
1425836_a_at,Limk1
1425837_a_at,Noct
1425838_at,Atp9a
1425839_at,Fkbp11
1425840_a_at,Sema3f
1425841_at,Slc26a7
1425842_at,Edil3
1425843_at,Mrpl33
1425844_a_at,Rngtt
1425845_a_at,Shoc2
1425846_a_at,Caln1
1425847_a_at,Zak
1425848_a_at,Dusp26
1425849_at,Chrnb4
1425850_a_at,Nek6
1425851_a_at,Amigo1
1425852_at,Catsperg1
1425853_s_at,Prlr
1425854_x_at,LOC665506
1425855_a_at,Crk
1425856_at,Cib1
1425857_at,Fbxw9
1425858_at,Ube2m
1425859_a_at,Psmd4
1425860_x_at,Cklf
1425861_x_at,Cacna2d1
1425862_a_at,Pik3c2a
1425863_a_at,Ptpro
1425864_a_at,Sorcs1
1425865_a_at,Lig3
1425866_a_at,Plekha4
1425867_at,Plekha4
1425868_at,Hist2h2bb
1425869_a_at,Psen2
1425870_a_at,Kcnip2
1425871_a_at,Igk-V28
1425872_at,Gm10229
1425873_a_at,Lepr
1425874_at,Hoxc13
1425875_a_at,Lepr
1425876_a_at,Glce
1425877_at,Hyal3
1425878_at,Cabp4
1425879_at,Zfp352
1425880_x_at,Zfp352
1425881_at,Psg28
1425882_at,Gdf2
1425883_at,Smg6
1425884_at,Rpf2
1425885_a_at,Kcnab2
1425886_at,Fev
1425887_at,Tmem114
1425888_at,Klra17
1425889_at,Wnt9a
1425890_at,Ly6i
1425891_a_at,Grtp1
1425892_a_at,Pnoc
1425893_a_at,Fhit
1425894_at,Mrgprf
1425895_a_at,Id1
1425896_a_at,Fbn1
1425897_at,L1Md-A101
1425898_x_at,Olfm3
1425899_a_at,Itsn1
1425900_at,Hkdc1
1425901_at,Nfatc2
1425902_a_at,Nfkb2
1425903_at,Sema6a
1425904_at,Satb2
1425906_a_at,Sema3e
1425907_s_at,Amot
1425908_at,Gnb1
1425910_at,Dnajc2
1425911_a_at,Fgfr1
1425912_at,Cep164
1425913_a_at,Spats2l
1425914_a_at,Armcx1
1425915_at,Slc26a8
1425916_at,Capn8
1425917_at,Ifi44l
1425919_at,Ndufa12
1425920_at,Cuedc1
1425921_a_at,1810055G02Rik
1425922_a_at,Mycn
1425923_at,Mycn
1425924_at,Mdfi
1425925_at,Fcamr
1425926_a_at,Otx2
1425927_a_at,Atf5
1425928_at,Xkr6
1425929_a_at,Rnf14
1425930_a_at,Mlx
1425931_a_at,Arntl2
1425932_a_at,Celf1
1425933_a_at,Nt5c2
1425934_a_at,B4galt4
1425935_at,Hspb11
1425936_a_at,Ankmy2
1425937_a_at,Hexim1
1425938_a_at,Fkbp11
1425939_at,Rad50
1425940_a_at,Ssbp3
1425941_a_at,Fanci
1425942_a_at,Gpm6b
1425943_at,Nmur2
1425944_a_at,Rad51d
1425945_at,Zfp626
1425946_at,Gstm7
1425947_at,Ifng
1425948_a_at,Slc25a30
1425949_at,Slc25a30
1425950_at,Slc17a9
1425951_a_at,Clec4n
1425952_a_at,Gcg
1425954_a_at,Apex2
1425955_at,Cav2
1425956_a_at,Cdadc1
1425957_x_at,Tbata
1425958_at,Il1f9
1425959_x_at,Klra16
1425960_s_at,Pax6
1425961_at,BC016548
1425962_at,Klrb1f
1425963_at,Cabp7
1425964_x_at,Hspb1
1425965_at,Ubc
1425966_x_at,Ubc
1425967_a_at,Mcpt4
1425968_s_at,Speg
1425969_a_at,Htt
1425970_a_at,Ros1
1425972_a_at,Zfx
1425973_at,Lyst
1425974_a_at,Trim25
1425975_a_at,Mapk8ip3
1425976_x_at,Zfp353-ps
1425977_a_at,Slk
1425978_at,Myocd
1425979_a_at,Fbf1
1425980_at,Wdr54
1425981_a_at,Rbl2
1425982_a_at,Wrn
1425983_x_at,Hipk2
1425984_at,Col5a3
1425985_s_at,Masp1
1425986_a_at,Dcun1d1
1425987_a_at,Kcnma1
1425988_a_at,Hipk1
1425989_a_at,Eya3
1425990_a_at,Nfatc2
1425991_a_at,Kank2
1425992_at,Slc6a5
1425993_a_at,Hsph1
1425994_a_at,Asah2
1425995_s_at,Wt1
1425996_a_at,Hltf
1425997_a_at,Pign
1425998_at,Sytl4
1425999_at,Gm4788
1426000_at,Oxtr
1426001_at,Eomes
1426002_a_at,Cdc7
1426003_at,Ntrk3
1426004_a_at,Tgm2
1426005_at,Dmp1
1426006_at,Kcnq2
1426007_a_at,Ubxn10
1426008_a_at,Slc7a2
1426009_a_at,Pip5k1a
1426010_a_at,Epb41l3
1426011_a_at,Ggnbp2
1426012_a_at,Ccar2
1426013_s_at,Plekha4
1426014_a_at,Cdhr5
1426015_s_at,Asph
1426016_a_at,Tro
1426017_a_at,Aar2
1426018_a_at,Sox6
1426019_at,Plaa
1426020_at,Tmpo
1426021_a_at,Cdc7
1426022_a_at,Vill
1426023_a_at,Rabep1
1426024_a_at,Dbn1
1426025_s_at,Laptm5
1426026_at,Prpf6
1426027_a_at,Arhgap10
1426028_a_at,Cit
1426029_a_at,Nfat5
1426030_a_at,Apeh
1426031_a_at,Nfatc2
1426032_at,Nfatc2
1426033_at,Rgs9
1426034_a_at,Runx2
1426035_at,Serinc4
1426036_a_at,Pde1c
1426037_a_at,Rgs16
1426039_a_at,Alox12e
1426040_a_at,Odf2
1426041_a_at,Fgd4
1426042_at,Fgd4
1426043_a_at,Capn3
1426044_a_at,Prkcq
1426045_at,Kng1
1426046_a_at,Rabggta
1426047_a_at,Ptprr
1426048_s_at,Tfap2a
1426049_a_at,Terf2ip
1426050_at,Bcl2l1
1426051_a_at,Cenpb
1426052_at,Mlh3
1426053_a_at,Xpr1
1426054_at,Npy1r
1426055_a_at,Pigq
1426056_at,Pigq
1426057_a_at,Epha3
1426058_a_at,Kcnk3
1426059_at,Gckr
1426062_a_at,Casp7
1426063_a_at,Gem
1426064_at,Cyp3a44
1426065_a_at,Trib3
1426066_a_at,Dtna
1426067_x_at,Cct3
1426068_at,Slc7a4
1426069_s_at,Slc7a4
1426070_a_at,Kcnd3
1426071_at,Tiaf2
1426072_at,Cmklr1
1426073_at,Twsg1
1426075_at,Klb
1426076_at,Cdc27
1426077_at,Moxd2
1426078_a_at,Gpr108
1426079_at,Cd247
1426080_a_at,Kcnq2
1426081_a_at,Dio2
1426082_a_at,Slc16a4
1426083_a_at,Btg1
1426084_a_at,Tor1aip1
1426085_a_at,Pxn
1426086_a_at,Fmr1
1426087_at,Icosl
1426088_at,ND5
1426089_a_at,BC003331
1426090_a_at,Fer
1426091_a_at,Wnt10b
1426092_a_at,Trim34b///Trim34a
1426093_at,Trim34a
1426094_at,Rhbdl1
1426095_a_at,Tnfrsf22
1426096_at,Prmt7
1426097_a_at,Ccdc106
1426098_a_at,Cast
1426099_at,Hrh4
1426100_a_at,Tk2
1426101_at,Gm10997
1426102_at,Cyp2j13
1426103_a_at,Esr2
1426104_at,Mapk14
1426105_a_at,Ubxn11
1426106_a_at,Syt6
1426107_at,Prdm9
1426108_s_at,Cacnb1
1426109_a_at,Slc14a2
1426110_a_at,Lpar1
1426111_x_at,Irf3
1426112_a_at,Cd72
1426113_x_at,Trav9d-3
1426114_at,Hnrnpab
1426115_a_at,Kcnj9
1426116_at,Asb18
1426117_a_at,Slc19a2
1426118_a_at,Tomm40
1426119_at,Tyms-ps
1426120_a_at,LOC677008///Cd244
1426121_at,Mrgpra3
1426122_a_at,Coro6
1426123_a_at,Rrbp1
1426124_a_at,Clk1
1426125_a_at,Casp9
1426126_a_at,U2af1l4///Igflr1
1426127_x_at,Klra18
1426128_a_at,Kcnq2
1426129_at,Brms1
1426130_at,Nxnl1
1426131_at,Prss44
1426133_a_at,Mitd1
1426134_at,Trdn
1426135_a_at,Park2
1426136_x_at,Klra21
1426137_at,Rex2
1426138_a_at,Ube2j2
1426139_a_at,Ackr4
1426140_x_at,Klra19
1426141_at,Mrgpra1
1426142_a_at,Trdn
1426143_at,Trdn
1426144_x_at,Trdn
1426146_a_at,Chpt1
1426147_s_at,Cldn10
1426148_at,Gbgt1
1426150_at,Gipc3
1426151_a_at,Stx3
1426152_a_at,Kitl
1426153_a_at,Dsg2
1426154_s_at,Gm21320///Mup19///Mup18///Mup16///Mup14///Mup11///Mup10///Mup9///Mup3///Mup2///Mup1
1426155_a_at,Osr2
1426156_at,Lats2
1426157_a_at,Cd209b
1426158_at,Tcrb-J
1426159_x_at,Tcrb-J
1426160_a_at,Stk16
1426162_a_at,Rpl7
1426163_x_at,Rpl7
1426164_a_at,Usf1
1426165_a_at,Casp3
1426166_at,Mup5
1426167_a_at,Camk4
1426168_a_at,Trav9d-3
1426169_a_at,Lat2
1426170_a_at,Cd8b1
1426171_x_at,Klra7
1426172_a_at,Cd209a
1426174_s_at,Ighg
1426175_a_at,Tpsab1
1426176_a_at,Prok2
1426177_a_at,Nkx1-2
1426178_at,Igk
1426179_a_at,Twsg1
1426180_a_at,Smr2
1426181_a_at,Il24
1426182_a_at,Klrc1
1426183_a_at,Cd209d
1426184_a_at,Pdcd6ip
1426185_at,Cacna2d2
1426186_a_at,Fgf5
1426187_a_at,Hax1
1426188_s_at,BC005685
1426189_at,Dusp15
1426190_at,Aym1
1426191_a_at,Bcl2l1
1426192_at,Smarcd2
1426193_at,Otos
1426194_x_at,Rev3l
1426195_a_at,Cst3
1426196_at,Ighm
1426197_at,Igh-VJ558
1426198_at,Ighg3
1426199_x_at,Ighg3
1426200_at,Igkv4-55///Igkv4-68
1426201_at,Igkv4-72
1426202_at,H2-Ea-ps
1426203_at,Krtap19-4
1426204_a_at,Oprl1
1426205_at,Ppp1cb
1426206_at,Robo4
1426207_at,Ikbkb
1426208_x_at,Plagl1
1426209_at,Strn4
1426210_x_at,Parp3
1426211_at,Tmem161a
1426212_s_at,Tmem161a
1426213_at,Imp4
1426214_at,Imp4
1426215_at,Ddc
1426216_at,Cog6
1426217_at,Tmem216
1426218_at,Glcci1
1426219_at,Scp2
1426220_at,Slc35f6
1426221_at,Vwa5a
1426222_s_at,Vwa5a
1426223_at,Ttc39c
1426224_x_at,Cmtm2a
1426225_at,Rbp4
1426226_at,Dyrk1a
1426227_s_at,Vps37c
1426228_at,Kras
1426229_s_at,Kras
1426230_at,Sphk2
1426231_at,Vit
1426232_at,Msantd2
1426233_at,Map2k4
1426234_s_at,Ap1ar
1426235_a_at,Glul
1426236_a_at,Glul
1426237_at,Sp2
1426238_at,Bmp1
1426239_s_at,Arrb2
1426240_at,Chmp4b
1426241_a_at,Scmh1
1426242_at,Polr2a
1426243_at,Cth
1426244_at,Mapre2
1426245_s_at,Mapre2
1426246_at,Pros1
1426247_at,Stk24
1426248_at,Stk24
1426249_at,Adrbk1
1426250_s_at,Mau2
1426251_at,Cpz
1426252_a_at,Umod
1426253_at,Pacrgl
1426254_at,Tm2d1
1426255_at,Nefl
1426256_at,Timm17a
1426257_a_at,Sars
1426258_at,Sorl1
1426259_at,Pank3
1426260_a_at,Ugt1a1///Ugt1a6b///Ugt1a9///Ugt1a5///Ugt1a7c///Ugt1a10///Ugt1a6a///Ugt1a2
1426261_s_at,Ugt1a1///Ugt1a6b///Ugt1a9///Ugt1a5///Ugt1a7c///Ugt1a10///Ugt1a6a///Ugt1a2
1426262_at,Adnp2
1426263_at,Cadm4
1426264_at,Dlat
1426265_x_at,Dlat
1426266_s_at,Gm8539///Zbtb8os
1426267_at,Gm8539///Zbtb8os
1426268_at,Cwh43
1426269_at,Vamp7
1426270_at,Smc5
1426271_at,Smc5
1426272_at,Lmbr1
1426273_at,Lmbr1
1426274_at,Slc9a8
1426275_a_at,Uxs1
1426276_at,Ifih1
1426277_at,Tmem203
1426278_at,Ifi27l2a
1426279_at,Fam133b
1426280_at,Wdpcp
1426281_at,Catsper1
1426282_at,Ntm
1426283_at,Ntm
1426284_at,Krt20
1426285_at,Lama2
1426286_at,Noc3l
1426287_at,Atxn7
1426288_at,Lrp4
1426289_at,Qrich1
1426290_at,Dimt1
1426291_at,Dimt1
1426292_at,Zfp790
1426293_at,Zfp790
1426294_at,Hapln1
1426295_at,Hapln1
1426296_at,Rad52
1426297_at,Tcf3
1426298_at,Irx2
1426299_at,Snx20
1426300_at,Alcam
1426301_at,Alcam
1426302_at,Tmprss4
1426303_at,B4galt7
1426304_x_at,B4galt7
1426305_at,Upk1a
1426306_a_at,Maged2
1426307_at,Cyb5r4
1426308_at,Mbd3l1
1426309_at,Asb9
1426310_at,Zdhhc5
1426311_s_at,Zdhhc5
1426312_at,Bre
1426313_at,Bre
1426314_at,Ednrb
1426315_a_at,6330416G13Rik
1426316_at,6330416G13Rik
1426317_at,Stard6
1426318_at,Serpinb1b
1426319_at,Pdgfd
1426320_at,Snx29
1426321_at,Tbx4
1426322_a_at,Kcnmb2
1426323_x_at,Siva1
1426324_at,H2-L///H2-D1
1426325_at,Kif1c
1426326_at,Zfp91
1426327_s_at,Gm44505///Zfp91
1426328_a_at,Scn3b
1426329_s_at,Baalc
1426330_at,Cacng5
1426331_a_at,Frmd4b
1426332_a_at,Cldn3
1426333_a_at,Ikbkb
1426334_a_at,Bcl2l11
1426335_at,Kcnq2
1426336_at,Cacng7
1426337_a_at,Tead4
1426338_a_at,Ntng1
1426339_at,Ak5
1426340_at,Slc1a3
1426341_at,Slc1a3
1426342_at,Stt3b
1426343_at,Stt3b
1426344_at,Gle1
1426345_at,Prepl
1426346_at,Prepl
1426347_at,Vwa9
1426348_at,Col4a1
1426349_s_at,Tmpo
1426350_at,Mgat2
1426351_at,Hspd1
1426352_s_at,Tial1
1426353_at,Stat6
1426354_at,Bap1
1426355_a_at,Coa5
1426356_at,Coa5
1426357_at,Taok1
1426358_at,Taok1
1426359_at,Zbed6///Zc3h11a
1426360_at,Zbed6///Zc3h11a
1426361_at,Zbed6///Zc3h11a
1426362_at,Tmem144
1426363_x_at,H2afy2
1426364_at,Mrrf
1426365_at,2810403A07Rik
1426366_at,Ago2
1426367_at,Cab39l
1426368_at,Rin2
1426369_at,Far1
1426370_at,Far1
1426371_at,Far1
1426372_a_at,Bet1l
1426373_at,Ski
1426374_at,Mtfr1l
1426375_s_at,Oxnad1
1426376_at,Reep5
1426377_at,Zfp281
1426378_at,Eif4b
1426379_at,Eif4b
1426380_at,Eif4b
1426381_at,Pprc1
1426382_at,Ppm1b
1426383_at,Cry2
1426384_a_at,Ywhae
1426385_x_at,Ywhae
1426386_at,Rpl7l1
1426387_x_at,Pisd///Pisd-ps1///Pisd-ps3
1426388_s_at,Ryk
1426389_at,Camk1d
1426390_a_at,Arf1
1426391_at,Arf1
1426392_a_at,Actr3
1426393_a_at,Sdf4
1426394_at,Eif3j2///Eif3j1
1426395_s_at,Eif3j2///Eif3j1
1426396_at,Cd247
1426397_at,Tgfbr2
1426398_at,Ube2w
1426399_at,Vwa1
1426400_a_at,Capns1
1426401_at,Ppp3ca
1426402_at,Syncrip
1426403_at,Actr1b
1426404_a_at,Rnf11
1426405_at,Rnf11
1426406_at,Kmt5a
1426407_at,Celf1
1426408_at,Celf1
1426409_at,Lzts2
1426410_at,Pdk3
1426411_a_at,Strbp
1426412_at,Neurod1
1426413_at,Neurod1
1426414_a_at,Rnf7
1426415_a_at,Trim25
1426416_a_at,Yipf4
1426417_at,Yipf4
1426418_at,Atoh8
1426419_at,Rbm26
1426420_at,Gm17066
1426421_s_at,Gm17066///Rbm26
1426422_at,Cc2d1a
1426423_at,Shmt2
1426424_at,Sugt1
1426425_at,Sugt1
1426426_at,Mak16
1426427_at,Ttll1
1426428_at,Thap7
1426429_at,Thap7
1426430_at,Jag2
1426431_at,Jag2
1426432_a_at,Slc4a4
1426433_at,Myct1
1426434_at,Tmem43
1426435_at,Tmem135
1426436_at,Tmem159
1426437_s_at,Hdac3
1426438_at,Ddx3y
1426439_at,Ddx3y
1426440_at,Dhrs7
1426441_at,Slc11a2
1426442_at,Gpm6a
1426443_at,Rhbdd2
1426444_at,Rhbdd2
1426445_at,Ctage5
1426446_at,6430548M08Rik
1426447_at,Nup35
1426448_at,Pja1
1426449_a_at,Pja1
1426450_at,Plcl2
1426451_at,Gm3650///Spg11
1426452_a_at,Rab30
1426453_at,Pitrm1
1426454_at,Arhgdib
1426455_at,Cwc27
1426456_a_at,Pias2
1426457_at,Slmap
1426458_at,Slmap
1426459_s_at,AW549877
1426460_a_at,Ugp2
1426461_at,Ugp2
1426462_at,Gphn
1426463_at,Gphn
1426464_at,Nr1d1
1426465_at,Dlgap4
1426466_s_at,Rps6kl1
1426467_s_at,0610037L13Rik
1426468_at,0610037L13Rik
1426469_a_at,Tbp
1426470_at,Tbp
1426471_at,Zfp52
1426472_at,Zfp52
1426473_at,Dnajc9
1426474_at,Atpaf2
1426475_at,Hmbs
1426476_at,Rasa1
1426477_at,Rasa1
1426478_at,Rasa1
1426479_a_at,Cnpy3
1426480_at,Sbds
1426481_at,Klhl22
1426482_at,Prkrir
1426483_at,Prkrir
1426484_at,Ubxn4
1426485_at,Ubxn4
1426486_at,Ubxn4
1426487_a_at,Rbbp6
1426488_at,Bfar
1426489_s_at,Bfar
1426490_at,Bfar
1426491_at,Herc2
1426492_at,Tdp1
1426493_a_at,Kifc2
1426494_at,Trmt10b
1426495_at,Katnbl1
1426496_at,Wdr55
1426497_at,Kdm5c
1426498_at,Kdm5c
1426499_at,Sh3glb2
1426500_at,Icmt
1426501_a_at,Tifa
1426502_s_at,Gpt
1426503_a_at,Rnf121
1426504_a_at,Rnf121
1426505_at,Gm21975///Evi2b
1426506_at,Gm21975///Evi2b///Evi2a
1426507_at,Il1f5
1426508_at,Gfap
1426509_s_at,Gfap
1426510_at,Sccpdh
1426511_at,Susd2
1426512_at,Olfm3
1426513_at,Rbm28
1426514_at,Chst15
1426515_a_at,Tor1a
1426516_a_at,Lpin1
1426517_at,Gnaz
1426518_at,Tubgcp5
1426519_at,P4ha1
1426520_at,Btg4
1426521_at,D230025D16Rik
1426522_at,Hadhb
1426523_a_at,Gnpda2
1426524_at,Gnpda2
1426525_at,Arid2
1426526_s_at,Ovgp1
1426527_at,Toe1
1426528_at,Nrp2
1426529_a_at,Tagln2
1426530_a_at,Klhl5
1426531_at,Zmynd11
1426532_at,Zmynd11
1426533_at,Nop56
1426534_a_at,Arfgap3
1426535_at,Poglut1
1426536_at,Ice2
1426537_at,Ice2
1426538_a_at,Trp53
1426539_at,Usp11
1426540_at,Endod1
1426541_a_at,Endod1
1426542_at,Endod1
1426543_x_at,Endod1
1426544_a_at,Ttc14
1426545_at,Tnrc6b
1426546_at,Tesk2
1426547_at,Gc
1426548_a_at,Dph6
1426549_at,Mri1
1426550_at,Sidt1
1426551_at,Sidt1
1426552_a_at,Bcl11a
1426553_at,Dnajc14
1426554_a_at,Pgam1
1426555_at,Scpep1
1426556_at,Zfp280d
1426557_at,Mesp1
1426558_x_at,Gm4724///Gm14305///Gm14308///Gm14295///0610010B08Rik///Gm14434///Gm14432///Gm14430///Gm14419
1426559_at,Sbno1
1426560_a_at,Npnt
1426561_a_at,Npnt
1426562_a_at,Olfm1
1426563_at,Zfp553
1426564_at,Zfp553
1426565_at,Igf1r
1426566_s_at,Il17re
1426567_a_at,Pqlc1
1426568_at,Slc2a9
1426569_a_at,Frk
1426570_a_at,Frk
1426571_at,Ano1
1426572_at,Me2
1426573_at,Me2
1426574_a_at,Add3
1426575_at,Sgms1
1426576_at,Sgms1
1426577_a_at,Lin37
1426578_s_at,Snapin
1426579_at,Gnl2
1426580_at,Plk4
1426581_at,Ptpmt1
1426582_at,Atf2
1426583_at,Atf2
1426584_a_at,Sord
1426585_s_at,Mapk1
1426586_at,Slc25a11
1426587_a_at,Stat3
1426588_at,Tspan10
1426589_at,Gab3
1426590_at,Gfm2
1426591_at,Gfm2
1426592_a_at,Fbxo22
1426593_a_at,Fbxo22
1426594_at,Frmd4b
1426595_at,Slc18a1
1426596_a_at,Smn1
1426597_s_at,Iffo2
1426598_at,Uty
1426599_a_at,Slc2a1
1426600_at,Slc2a1
1426601_at,Slc37a1
1426602_at,Araf
1426603_at,Rnasel
1426604_at,Rnasel
1426605_at,Brcc3
1426606_at,Crtac1
1426607_at,Gm7120
1426609_at,Dis3
1426610_a_at,Ttf1
1426611_at,Psmc2
1426612_at,Tipin
1426613_a_at,Snrpb2
1426614_at,Zmynd8
1426615_s_at,Ndrg4
1426616_at,Tlcd1
1426617_a_at,Ttyh1
1426618_a_at,Pomgnt1
1426619_at,Aim2
1426620_at,Chst10
1426621_a_at,Ppp2r2b
1426622_a_at,Qpct
1426623_a_at,Arhgap17
1426624_a_at,Ypel3
1426625_at,Zfp623
1426626_at,Gtf2f2
1426627_at,Map3k7
1426628_at,Tmem184c
1426629_at,Dhx8
1426630_at,Exosc2
1426631_at,Pus7
1426632_at,Kctd14
1426633_s_at,Kctd14
1426634_at,Slc5a9
1426635_at,Acbd3
1426636_a_at,Xiap
1426637_a_at,Six3
1426638_at,Six3
1426639_a_at,Tcf7l2
1426640_s_at,Trib2
1426641_at,Trib2
1426642_at,Fn1
1426643_at,Elp3
1426644_at,Tbc1d20
1426645_at,Hsp90aa1
1426646_at,Smim7
1426647_at,Smim7
1426648_at,Mapkapk2
1426649_at,Tmeff1
1426650_at,Myh8
1426651_at,Mrpl44
1426652_at,Mcm3
1426653_at,Mcm3
1426654_at,Zc3hc1
1426655_a_at,Fam63a
1426656_at,Fam63a
1426657_s_at,Gm8096///Phgdh
1426658_x_at,Phgdh
1426659_a_at,Gm3362///Gm8290///Gm8264///Gm8158///Gm8137///Gm8112///Gm6177///Rpl23a
1426660_x_at,Gm3362///Gm8290///Gm8264///Gm8158///Gm8137///Gm8112///Gm6177///Rpl23a
1426661_at,Gm8213///Gm14407///Gm5908///Gm14439///Gm5453///Gm13981///Rpl27a
1426662_at,Cmas
1426663_s_at,Slc45a3
1426664_x_at,Slc45a3
1426665_at,Katnb1
1426666_a_at,Sun1
1426667_a_at,Sun1
1426668_at,Slc30a9
1426669_at,Cpped1
1426670_at,Agrn
1426671_a_at,Rbm39
1426672_at,Ano10
1426673_at,Cdh3
1426674_at,Eif3b
1426675_at,Tomm70a
1426676_s_at,Tomm70a
1426677_at,Flna
1426678_at,Gm10193///Zfp706
1426679_at,Gm10193///Zfp706
1426680_at,Sepn1
1426681_at,Unk
1426682_at,Cnot6
1426683_at,Cnot6
1426684_at,Cnot6
1426685_a_at,Cnot6
1426686_s_at,Map3k3
1426687_at,Map3k3
1426688_at,Sdha
1426689_s_at,Sdha
1426690_a_at,Srebf1
1426691_at,Tjap1
1426692_at,Ccdc97
1426693_x_at,Cox15
1426694_at,9030624J02Rik
1426695_at,9030624J02Rik
1426696_at,Lrpap1
1426697_a_at,Lrpap1
1426698_a_at,Hnrnpm
1426699_at,AU040320
1426700_a_at,Pan2
1426701_at,Fam160a2
1426702_at,Fam160a2
1426703_at,Gak
1426704_at,Gak
1426705_s_at,Iars
1426706_s_at,Xylb
1426707_at,Tubgcp3
1426708_at,Antxr2
1426709_a_at,Usp33
1426710_at,Calm3///Calm2///Calm1
1426711_at,Tmco3
1426712_at,Slc6a15
1426713_s_at,Eprs
1426714_at,Slc46a1
1426715_s_at,Slc46a1
1426716_at,Tdrd7
1426717_at,Nipa2
1426718_at,Skiv2l2
1426719_at,Apbb2
1426720_at,Apbb2
1426721_s_at,Tiparp
1426722_at,Slc38a2
1426723_at,Wdr48
1426724_at,Cnn3
1426725_s_at,Ets1
1426726_at,Gm8801///Ppp1r10
1426727_s_at,Gm8801///Ppp1r10
1426728_x_at,Ptdss2
1426729_at,Fam131a
1426730_a_at,Prl2b1
1426731_at,Des
1426732_at,Des
1426733_at,Itpk1
1426734_at,Fam43a
1426735_at,Iars2
1426736_at,Gspt1
1426737_at,Gspt1
1426738_at,Dgkz
1426739_at,Donson
1426740_s_at,Armc5
1426741_a_at,Fastkd2
1426742_at,Atp5f1
1426743_at,Appl2
1426744_at,Srebf2
1426745_at,Rnasek
1426746_at,1810026J23Rik
1426747_at,Abcf3
1426748_s_at,Abcf3
1426749_at,Prmt3
1426750_at,Flnb
1426751_s_at,Nup107
1426752_at,Jade1
1426753_at,Jade1
1426754_x_at,Ckap4
1426755_at,Ckap4
1426756_at,Galnt2
1426757_at,Ampd2
1426758_s_at,Meg3
1426759_at,Map4k3
1426760_at,Ipo8
1426761_at,Kdm1a
1426762_s_at,Kdm1a
1426763_at,Oaz2
1426764_at,Oaz2
1426765_at,Commd7
1426766_at,6330403K07Rik
1426767_at,Wdr90
1426768_at,Msl3l2
1426769_s_at,Maml1
1426770_at,Pex5
1426771_at,Tug1
1426772_x_at,Tcrb-J
1426773_at,Mfn1
1426774_at,Parp12
1426775_s_at,Scamp1
1426776_at,Wasl
1426777_a_at,Wasl
1426778_at,Dag1
1426779_x_at,Dag1
1426780_at,Atg14
1426781_at,Tyw1
1426782_at,Adgra3
1426783_at,Kat2a
1426784_at,Trim47
1426785_s_at,Mgll
1426786_s_at,Dhx38
1426787_at,LOC100861749///Sfi1
1426788_a_at,Ssrp1
1426789_s_at,Ssrp1
1426790_at,Ssrp1
1426791_at,Rusc2
1426792_s_at,Rusc2
1426793_a_at,Rpl14-ps1///Rpl14
1426794_at,Ptprs
1426795_at,Ptprs
1426796_at,Kpna6
1426797_at,Tmem209
1426798_a_at,Ppp1r15b
1426799_at,Rab8b
1426800_at,Rab8b
1426801_at,Sept8
1426802_at,Sept8
1426803_at,Gm17066///Rbm26
1426804_at,Smarca4
1426805_at,Smarca4
1426806_at,Nabp1
1426807_at,Lta4h
1426808_at,Lgals3
1426809_at,Tprn
1426810_at,Kdm3a
1426811_at,Ppp2r5b
1426812_a_at,Fam129b
1426813_at,Ltv1
1426814_at,Sec16a
1426815_s_at,Sec16a
1426816_at,Ccdc64
1426817_at,Mki67
1426818_at,Arrdc4
1426819_at,Hipk3
1426820_at,2610507B11Rik
1426821_at,Cog8
1426822_at,Rhot2
1426823_s_at,Psme4
1426824_at,Psme4
1426825_at,Fmnl3
1426826_at,Scaf8
1426827_at,Ythdc1
1426828_at,Vps9d1
1426829_at,Uimc1
1426830_a_at,Ahcyl1
1426831_at,Ahcyl1
1426832_at,Ddx26b
1426833_at,Eif4g3
1426834_s_at,D930015E06Rik
1426835_at,Metap1
1426836_s_at,Metap1
1426837_at,Metap1
1426838_at,Pold3
1426839_at,Pold3
1426840_at,Ythdf3
1426841_at,Ythdf3
1426842_at,Ythdf3
1426843_at,Atg2a
1426844_a_at,Pdcd2l
1426845_at,Pdcd2l
1426846_at,Cenpt
1426847_at,Sirt4
1426848_at,Sec24b
1426849_at,Sec24b
1426850_a_at,Map2k6
1426851_a_at,Nov
1426852_x_at,Nov
1426853_at,Set
1426854_a_at,Set
1426855_at,Arhgef25
1426856_at,Hsdl2
1426857_a_at,Hsdl2
1426858_at,Inhbb
1426859_at,Inhbb
1426860_at,Ep400
1426861_at,Aftph
1426862_at,Aftph
1426863_at,Rbmx
1426864_a_at,Ncam1
1426865_a_at,Ncam1
1426866_at,Chst14
1426867_at,Dmrt2
1426868_x_at,Lmna
1426869_at,Boc
1426870_at,Fbxo33
1426871_at,Fbxo33
1426872_at,Fcgbp
1426873_s_at,Jup
1426874_at,Edc4
1426875_s_at,Srxn1
1426876_at,Pm20d1
1426877_a_at,Pbrm1
1426878_at,Pbrm1
1426879_at,Trmt1l
1426880_at,Etl4
1426881_at,Ube3c
1426882_at,Ube3c
1426883_at,Slc25a45
1426884_at,Rmnd5a
1426885_a_at,Cdk2ap1
1426886_at,Cln5
1426887_at,Nudt10///Nudt11
1426888_at,Ehmt2
1426889_at,Zfp821
1426890_a_at,Rpap1
1426891_at,Rpap1
1426892_at,Utrn
1426893_at,Fam102a
1426894_s_at,Fam102a
1426895_at,Zfp24
1426896_at,Zfp24
1426897_at,Rcc2
1426898_at,Tab1
1426899_at,Tbc1d23
1426900_at,Jmjd1c
1426901_s_at,Camta2
1426902_at,Coq6
1426903_at,Fndc3a
1426904_s_at,Dnajc10
1426905_a_at,Dnajc10
1426906_at,Mndal
1426907_s_at,Dhx57
1426908_at,Galnt7
1426909_at,Uck2
1426910_at,Pawr
1426911_at,Dsc2
1426912_at,Rfwd2
1426913_at,Lss
1426914_at,Marveld2
1426915_at,Dapk1
1426916_at,Scrn3
1426917_s_at,Scrn3
1426918_at,Itgb1
1426919_at,Itgb1
1426920_x_at,Itgb1
1426921_at,Abcf1
1426922_s_at,Agfg1
1426923_at,Agfg1
1426924_at,Rc3h2
1426925_at,Rc3h2
1426926_at,Plcg2
1426927_at,Ap3b2
1426928_at,Ccdc93
1426929_at,Celf4
1426930_at,Celf4
1426931_s_at,Pum3
1426932_at,Pum3
1426933_at,Oxsr1
1426934_at,Nhsl1
1426935_at,6330590E21Rik
1426936_at,F630007L15Rik///Gm6958///BC005512
1426937_at,Medag
1426938_at,Nova1
1426939_at,Tsr2
1426940_at,Sidt2
1426941_at,Muc15
1426942_at,Aim1
1426943_at,Ints1
1426944_at,Fbxw8
1426945_at,Ipo5
1426946_at,Ipo5
1426947_x_at,Col6a2
1426948_at,Tpr
1426949_s_at,Tpr
1426950_at,Parp16
1426951_at,Crim1
1426952_at,Arhgap18
1426953_at,Hmgxb4
1426954_at,Trim33
1426955_at,Col18a1
1426956_a_at,Trp53bp1
1426957_at,Trp53bp1
1426958_at,Rps9
1426959_at,Bdh1
1426960_a_at,Fa2h
1426961_at,Phf20
1426962_at,Phf20
1426963_at,Pacs2
1426964_at,Gm6314///Abracl
1426965_at,Rap2a
1426966_at,Axin1
1426967_at,Axin1
1426968_a_at,Rdh10
1426969_at,Trim23
1426970_a_at,Uba7
1426971_at,Uba7
1426972_at,Sec24d
1426973_at,Gpr153
1426974_at,Os9
1426975_at,Os9
1426976_at,Usp47
1426977_at,Usp47
1426978_at,Klhl2
1426979_at,Mlxip
1426980_s_at,E130012A19Rik
1426981_at,Pcsk6
1426982_at,Flywch1
1426983_at,Fnbp1
1426984_at,Tmem94
1426985_s_at,Fam76b
1426986_at,Fam76b
1426987_at,Inafm2
1426988_at,Klhl42
1426989_at,Clstn3
1426990_at,Cubn
1426991_at,Pcnx4
1426992_at,Xpr1
1426993_at,Xpr1
1426994_at,Phlpp1
1426995_a_at,Gfer
1426996_at,Fam83h
1426997_at,Thra
1426998_at,Zfand3
1426999_at,Zc3h14
1427000_at,Hnf4a
1427001_s_at,Hnf4a
1427002_s_at,Arsg
1427003_at,Ppp2r5c
1427004_at,Fbxo2
1427005_at,Plk2
1427006_at,Rapgef1
1427007_at,Sash3
1427008_at,Rnf43
1427009_at,Lama5
1427010_s_at,Lama5
1427011_a_at,Lancl1
1427012_at,Lancl1
1427013_at,Car9
1427014_at,Dennd4b
1427015_at,Nckap5l
1427016_at,4932438A13Rik
1427017_at,Satb2
1427018_at,Tsnaxip1
1427019_at,Ptprz1
1427020_at,Scara3
1427021_s_at,Fth1
1427022_at,Ddx42
1427023_at,Phyhipl
1427024_at,Slain2
1427025_at,Mtmr7
1427026_at,Myh4
1427027_a_at,Gtf3a
1427028_at,Lgr6
1427029_at,Htra3
1427030_at,Spice1
1427031_s_at,Spice1
1427032_at,Herc4
1427033_at,Dnmbp
1427034_at,Ace
1427035_at,Slc39a14
1427036_a_at,Eif4g1
1427037_at,Eif4g1
1427038_at,Penk
1427039_at,Epn1
1427040_at,Mdfic
1427041_at,Themis2
1427042_at,Mal2
1427043_s_at,Enox2
1427044_a_at,Amph
1427045_at,Synpo
1427046_at,Grhl2
1427047_at,Nup188
1427048_at,Smo
1427049_s_at,Smo
1427050_at,Txndc16
1427051_at,Tnks1bp1
1427052_at,Acacb
1427053_at,Abi3bp
1427054_s_at,Abi3bp
1427055_at,Them4
1427056_at,Adamts15
1427057_at,Nt5dc3
1427058_at,Eif4a1
1427059_at,Tmem184b
1427060_at,Mapk3
1427061_at,Rbbp8
1427062_at,Rbbp8
1427063_at,5330417C22Rik
1427064_a_at,Scrib
1427065_at,Gid4
1427066_a_at,Gid4
1427067_at,Gid4
1427068_x_at,Gid4
1427069_at,Fbxo28
1427070_at,Snx21
1427071_at,Fbxo42
1427072_at,Stard8
1427073_at,Lace1
1427074_at,Pcmtd2
1427075_s_at,Pcmtd2
1427076_at,Mpeg1
1427077_a_at,Ap2b1
1427078_at,Snx19
1427079_at,Mapre3
1427080_at,Tti1
1427081_at,A630072M18Rik
1427082_at,Sdr42e1
1427083_a_at,Map4k5
1427084_a_at,Map4k5
1427085_at,Rpp25l
1427087_at,Luc7l2
1427088_at,Ccnt2
1427089_at,Ccnt2
1427090_at,Gm15583///Zbed4
1427091_at,Znfx1
1427092_at,Jak3///Insl3
1427093_at,Zfp707
1427094_at,Pole2
1427095_at,Cdcp1
1427096_s_at,Ssr4
1427097_at,Wwp1
1427098_at,Wwp1
1427099_at,Maz
1427100_at,Metrn
1427101_at,Metrn
1427102_at,Slfn4
1427103_at,Plekho2
1427104_at,Zfp612
1427105_at,Cenpn
1427106_at,Zbtb3
1427107_at,Slc16a11
1427108_at,9530068E07Rik
1427109_at,Tmem259
1427110_at,Raver1
1427111_s_at,Gm38431///Raver1
1427112_at,Ttl
1427113_s_at,Ttl
1427114_at,Ttc19
1427115_at,Myh3
1427116_at,Setd1a
1427117_at,Mtmr3
1427118_at,Krt83
1427119_at,Spink4
1427120_at,Zfp26
1427121_at,Fbxo4
1427122_at,Copg2os2
1427123_s_at,Copg2os2
1427124_at,4932416H05Rik
1427125_s_at,Lrrc41
1427126_at,Hspa1b
1427127_x_at,Hspa1b
1427128_at,Ptpn23
1427129_a_at,Hnrnpr
1427130_x_at,Tbata
1427131_s_at,Lrrc58
1427132_at,Sbf2
1427133_s_at,Lrp2
1427134_at,Srek1
1427135_at,Srek1
1427136_s_at,Srek1
1427137_at,Ces2e
1427138_at,Ccdc88c
1427139_at,Adamts10
1427140_at,Pvt1
1427141_at,2700099C18Rik
1427142_s_at,Kdm5b
1427143_at,Kdm5b
1427144_at,Hnrnpll
1427145_at,Iqsec1
1427146_at,Carns1
1427147_at,Mms22l
1427148_at,Pja2
1427149_at,Plekha6
1427150_at,Kmt2c
1427151_at,Qser1
1427152_at,Qser1
1427153_at,Bckdhb
1427154_at,Krt2
1427155_at,Fchsd1
1427156_s_at,Ascc2
1427157_at,Ccdc85a
1427158_at,Mrps30
1427159_at,Pcf11
1427160_at,Pcf11
1427161_at,Cenpf
1427162_a_at,Elk4
1427163_at,Ubr2
1427164_at,Il13ra1
1427165_at,Il13ra1
1427166_a_at,Spg7
1427167_at,Armcx4
1427168_a_at,Col14a1
1427169_at,Pard3b
1427170_at,Psma8
1427171_at,Rlf
1427172_at,Ofd1
1427173_a_at,Mrps33
1427174_at,Gm38519///Gm4724///Gm14308///0610010B08Rik///Gm14434///Gm14432///Gm14326///Gm2004///Gm14430///Gm6710///Gm14325
1427175_at,Syne4
1427176_s_at,Syne4
1427177_at,Fyco1
1427178_at,Tmc4
1427179_at,Krt33b
1427180_at,Slc27a3
1427181_at,Ldlrad4
1427182_s_at,Ldlrad4
1427183_at,Efemp1
1427184_at,Tcrb-J
1427185_at,Mef2a
1427186_a_at,Mef2a
1427187_at,B3gntl1
1427188_at,Arih1
1427189_at,Arih1
1427190_at,Appl1
1427191_at,Npr2
1427192_a_at,Brd8
1427193_at,Brd8
1427194_a_at,Ercc8
1427195_at,Slc26a2
1427196_at,Wnk4
1427197_at,Atr
1427198_at,BC022960
1427199_at,Fryl
1427200_at,Zranb1
1427201_at,Mustn1
1427202_at,Mettl20
1427203_at,Myo15b
1427204_at,Rd3
1427205_x_at,Cep112
1427206_at,Afg3l2
1427207_s_at,Afg3l2
1427208_at,Zfp451
1427209_at,Baz2a
1427210_at,Baz2a
1427211_at,Krtap8-1
1427212_at,Mapkap1
1427213_at,Pfkfb1
1427214_at,Agmat
1427215_at,Acsm2
1427216_at,Ifnz
1427217_at,Zfp455
1427218_at,Klhl11
1427219_at,Hba-a2
1427220_a_at,Svs5
1427221_at,Slc6a20a
1427222_a_at,Svs4
1427223_a_at,Acsm2
1427224_at,Acsm2
1427225_at,Epn2
1427226_at,Epn2
1427227_at,Gabrg1
1427228_at,Palld
1427229_at,Hmgcr
1427230_at,Fndc10
1427231_at,Robo1
1427232_at,Tshz1
1427233_at,Tshz1
1427234_at,Vangl1
1427235_at,Kdm6a
1427236_a_at,Kmt2e
1427237_at,2410015M20Rik
1427238_at,Fbxo15
1427239_at,Ift122
1427240_at,Dock6
1427241_at,Papolg
1427242_at,Ddx4
1427243_at,Rell1
1427244_at,Trappc12
1427245_at,Arfgap1
1427246_at,Magi1
1427247_at,Plppr4
1427248_at,Nelfa
1427249_x_at,Mup3
1427250_at,Atp2a2
1427251_at,Atp2a2
1427252_at,Dmrtb1
1427253_s_at,Suz12
1427254_at,Zfp445
1427255_s_at,Zfp445
1427256_at,Vcan
1427257_at,Vcan
1427258_at,Trim24
1427259_at,Trim24
1427260_a_at,Tpm3
1427261_at,Wwc1
1427262_at,Xist
1427263_at,Xist
1427264_at,Crygb
1427265_at,Bcr
1427266_at,Pbrm1
1427267_at,Tnrc18
1427268_at,Flg
1427269_at,Srsf11
1427270_a_at,Bsdc1
1427271_at,Zbtb44
1427272_at,Zbtb44
1427273_at,Rnf214
1427274_at,Rnf214
1427275_at,Smc4
1427276_at,Smc4
1427277_at,Six1
1427278_at,Clip4
1427279_at,Clip4
1427280_at,Scn2a1
1427281_at,Scn2a1
1427282_a_at,Fxn
1427283_at,Kmt2a
1427284_a_at,Ttpa
1427285_s_at,Malat1
1427286_at,Rbfox3
1427287_s_at,Itpr2
1427288_at,Apba2
1427289_at,Ddhd1
1427290_at,Krt81
1427291_at,Sycp1
1427292_at,Iglv1
1427293_a_at,Auts2
1427294_a_at,Slc38a10
1427295_at,Slc38a10
1427296_at,Fam120a
1427297_at,Mrpl9
1427298_at,Dnm3os///Mir214
1427299_at,Rps6ka3
1427300_at,Lhx8
1427301_at,Cd48
1427302_at,Enpp3
1427303_at,Enpp3
1427304_at,Vps18
1427305_at,Piga
1427306_at,Ryr1
1427307_a_at,Dab1
1427308_at,Dab1
1427309_at,Pars2
1427310_at,Bptf
1427311_at,Bptf
1427312_at,Cmya5
1427313_at,Ptgir
1427314_at,Tmed7
1427315_at,Tmed7
1427316_s_at,Brat1
1427317_at,Kin
1427318_s_at,Myof
1427319_at,A230046K03Rik
1427320_at,Copg2os2
1427321_s_at,Cxadr
1427322_at,Brwd1
1427323_s_at,Wipi1
1427324_at,Tmem120b
1427325_s_at,Akna
1427326_at,Simc1
1427327_at,Pilra
1427328_a_at,Clasp2
1427329_a_at,Ighm
1427330_at,Cars
1427331_at,Adora1
1427332_at,Med19
1427333_s_at,Scaf4
1427334_s_at,2810474O19Rik
1427335_at,Tmem260
1427336_at,Aldh8a1
1427337_at,Aldh8a1
1427338_at,Crocc
1427339_at,Slc30a2
1427340_at,Rgs6
1427341_at,Bbs9
1427342_at,Fastkd1
1427343_at,Rasd2
1427344_s_at,Rasd2
1427345_a_at,Sult1a1
1427346_at,Gm15085///Gm15093///Gm15114///Gm15080///Luzp4///Gm15107///Gm15128///Gm10439///Ott
1427347_s_at,Tubb2a
1427348_at,Zc3h12a
1427349_x_at,Zfp931
1427350_a_at,Gtpbp6
1427351_s_at,Ighm
1427352_at,Krt79
1427353_at,Clasp1
1427354_at,Hoxa4
1427355_at,Calca
1427356_at,Fam89a
1427357_at,Cda
1427358_a_at,Dapk1
1427359_at,Kdm7a
1427360_at,4930507D05Rik
1427361_at,Hoxc6
1427362_x_at,Hoxc6
1427364_a_at,Odc1
1427365_at,Krt86
1427366_at,Krtap3-1
1427367_at,Cracr2b
1427368_x_at,Fes
1427369_at,Nlrp6
1427370_at,Amdhd1
1427371_at,Abca8a
1427372_at,Cyp27b1
1427373_at,Amigo1
1427374_at,Muc3
1427375_at,Trmt10a
1427376_a_at,Map4k5
1427377_x_at,Hsd3b3
1427378_at,Krt75
1427380_at,Klk1b3
1427381_at,Acod1
1427382_a_at,Suv39h1
1427383_at,Irx6
1427384_at,Chd6
1427385_s_at,Actn1
1427386_at,Arhgef16
1427387_a_at,Itgb4
1427388_at,Lrrc2
1427389_at,Mfsd4b5
1427390_at,Bloc1s3
1427391_a_at,Col12a1
1427392_at,Dscaml1
1427393_at,F9
1427394_at,Igf2os
1427395_a_at,Aldh1a3
1427396_a_at,Csde1
1427397_at,Proser1
1427398_at,Muc4
1427399_a_at,Nxf7
1427400_at,Lbx1
1427401_at,Chrna5
1427402_at,Polr2f
1427403_at,Slco1a5
1427404_x_at,Eno1b///Eno1
1427405_s_at,Rab11fip5
1427406_at,Trip11
1427407_s_at,Trip11
1427408_a_at,Thrap3
1427409_at,March9
1427410_at,Dleu2
1427411_s_at,Dleu2
1427412_s_at,Rapgef6
1427413_a_at,Celf1
1427414_at,Prkar2a
1427415_at,Fbxo43
1427416_x_at,Dusp7
1427417_at,Scml4
1427418_a_at,Hif1a
1427419_x_at,Ccr9
1427420_at,Nkx6-2
1427421_at,Tcp10c///Tcp10b///Tcp10a
1427422_at,Angptl8
1427423_at,Cyb5rl
1427424_at,Galnt6
1427425_at,Slc25a51
1427426_at,Kcnq5
1427427_at,Ryr3
1427428_at,Clec4g
1427429_at,Csf2
1427430_at,Suco
1427432_a_at,Tra2b
1427433_s_at,Hoxa3
1427434_at,Naip7///Naip6
1427436_at,Six2
1427438_at,Pip4k2b
1427439_s_at,Prmt5
1427440_a_at,Afm
1427441_a_at,Suclg2
1427442_a_at,App
1427444_at,Abcf1
1427445_a_at,Ttn
1427446_s_at,Ttn
1427447_a_at,Triobp
1427448_at,Rabep1
1427449_a_at,Adprhl2
1427450_x_at,Myo1b
1427451_a_at,BC018473
1427453_at,BC018473
1427454_at,Hoxc6
1427455_x_at,Igkv6-23///Igkv4-53///Igkv8-30///Igkj1///Igk-V28///Igkc
1427456_at,Wdfy3
1427457_a_at,Bmp1
1427458_at,Bmp1
1427459_at,Cpn2
1427460_at,Taf4
1427461_at,BC005561
1427462_at,E2f3
1427463_at,Casd1
1427464_s_at,Hspa5
1427465_at,Atp1a2
1427466_at,Pigu
1427467_a_at,Rpgr
1427468_at,Ppp3cb
1427469_at,Helz
1427470_s_at,Napb
1427471_at,Fbxl3
1427472_a_at,C8b
1427473_at,Gstm3
1427474_s_at,Gstm3
1427475_a_at,Pdlim5
1427476_a_at,Trim32
1427477_at,Tmprss13
1427478_at,Usp12
1427479_at,Gm4027///BB287469///Eif1a
1427480_at,Leap2
1427481_a_at,Atp1a3
1427482_a_at,Car8
1427483_at,Slc25a24
1427484_at,Eml5
1427485_at,Lmod1
1427486_at,Ptprb
1427487_at,Abcf2
1427488_a_at,Birc6
1427489_at,Itga8
1427490_at,Abcb7
1427491_at,Nsun6
1427492_at,Pof1b
1427493_at,Sclt1
1427494_at,Hoxb7
1427495_at,Scn7a
1427496_at,Cep152
1427497_at,Ccdc191
1427498_a_at,Spag5
1427499_at,Zfp81
1427500_at,Spcs1
1427501_at,Erich3
1427502_at,Adam4
1427503_at,Ighg3
1427504_s_at,Srsf2
1427505_a_at,Cradd
1427506_at,Lrr1
1427507_at,Trim17
1427508_at,Arsi
1427509_at,Baiap3
1427510_at,Gnai1
1427512_a_at,Lama3
1427513_at,BC024137///Nudt7
1427514_at,LOC624295
1427515_at,Gsap
1427516_a_at,Boc
1427517_at,Boc
1427518_at,Zfp930
1427519_at,Adora2a
1427520_a_at,Myh1
1427521_a_at,Plekhs1
1427522_at,Arhgap20
1427523_at,Six3
1427524_a_at,Mphosph8
1427525_at,Cd151
1427526_at,Fgfr1op2
1427527_a_at,Pthlh
1427528_a_at,Epha7
1427529_at,Fzd9
1427530_at,Bicd1
1427531_a_at,Slc22a18
1427532_at,Trat1
1427533_at,Als2cl
1427534_at,4930535I16Rik
1427535_s_at,Obsl1
1427536_at,Zfp125
1427537_at,Eppk1
1427538_at,Zfp369
1427539_a_at,Zwint
1427540_at,Zwint
1427541_x_at,Hmmr
1427542_at,Sobp
1427543_s_at,Uba1y
1427544_a_at,Papola
1427545_at,Scml4
1427546_at,Abca8b
1427547_a_at,Slc26a3
1427548_a_at,Clns1a
1427549_s_at,Krtap16-3
1427550_at,Peg10
1427551_at,Usp29
1427552_a_at,Gstz1
1427553_at,Gm16489
1427554_at,Helq
1427555_at,Kmt2d
1427556_at,Mylk2
1427557_at,Alg12
1427558_s_at,Alg12
1427559_a_at,Atf2
1427560_at,Six5
1427561_a_at,Afm
1427562_a_at,Prkca
1427563_at,Dlx6os2
1427564_at,Diaph2
1427565_a_at,Abcc5
1427566_at,Wfikkn1
1427567_a_at,Tpm3
1427568_a_at,Ift80
1427569_a_at,Utrn
1427570_at,Srpr
1427571_at,Shh
1427573_at,Chic1
1427574_s_at,Sh3d19
1427575_at,Fbxw14
1427576_at,Igkv6-14///Igkv6-23///Igkv8-19///Igk-V28
1427577_x_at,Igkv6-14///Igkv6-23///Igkv8-19///Igk-V28
1427578_a_at,Eif6
1427579_at,Rhbdl3
1427580_a_at,Rian
1427581_at,Hic2
1427582_at,Fgf6
1427583_at,Rictor
1427584_at,Amot
1427586_at,Sema4b
1427587_at,Zfp28
1427588_a_at,Dtna
1427589_at,Fam234b
1427590_at,Zfp39
1427591_at,Clcn1
1427592_at,Pcdh7
1427593_at,Gm9798
1427595_at,Acaca
1427596_at,Tsix
1427597_at,Plekhh2
1427598_at,Snord116
1427599_at,Boll
1427601_at,Gjd4
1427602_at,Dep1
1427603_at,Atf7ip2
1427604_a_at,Atp9a
1427605_at,Hoxb3
1427606_at,Usp27x
1427607_at,Cacna1h
1427608_a_at,Tcrg-V1
1427609_at,Sox14
1427610_at,Dsp
1427611_at,Ghrhr
1427612_at,Defb9
1427613_at,AY074887
1427614_at,Pip
1427615_at,Itga4
1427616_at,Gm13583
1427617_at,Fut10
1427618_at,Cdh9
1427619_a_at,Sh3tc1
1427620_at,Cul9
1427622_at,Tmed8
1427623_at,Herc2
1427624_s_at,Iltifb///Il22
1427625_a_at,Herc2
1427626_at,Muc5b
1427627_at,BC038268
1427628_at,Trbv13-2
1427629_at,Ptprj
1427630_x_at,Ceacam1
1427631_x_at,Mup3
1427632_x_at,Cd55b///Cd55
1427633_a_at,Pappa
1427634_at,Kcnh7
1427635_at,Kif5a
1427636_at,Tspy-ps
1427637_a_at,Dsc3
1427638_at,Zbtb16
1427639_a_at,Nek4
1427640_a_at,Runx1t1
1427641_at,LOC102640586
1427642_at,Trpm6
1427643_at,Gm16499
1427645_a_at,Il1rapl2
1427646_a_at,Arhgef2
1427647_at,Zyg11a
1427650_a_at,Runx1
1427651_x_at,H2-D1
1427652_x_at,Synj2
1427653_at,Trav9d-3
1427654_a_at,Htr4
1427655_a_at,A630038E17Rik
1427656_at,Tcrb-J
1427657_at,Ccdc134
1427658_at,Ctbs
1427660_x_at,Igkv6-23///Igkv4-53///Igkv8-30///Igkj1///Igk-V28///Igkc
1427661_a_at,Tssc4
1427662_at,BC025933
1427663_a_at,Clk4
1427664_at,4930453N24Rik
1427665_a_at,Nfic
1427666_a_at,Tcrb-J
1427667_s_at,Tcrb-J
1427668_at,Siglec1
1427669_a_at,Cit
1427670_a_at,Tcf12
1427671_a_at,Fmn1
1427672_a_at,Kdm6a
1427673_a_at,Sema3e
1427674_a_at,Sez6
1427675_at,Vmn1r45
1427676_a_at,Grik1
1427677_a_at,Sox6
1427678_at,Zim3
1427679_at,Lats1
1427680_a_at,Nfib
1427681_s_at,Vmn2r88
1427682_a_at,Egr2
1427683_at,Egr2
1427684_at,Zfp264
1427685_a_at,Synj2
1427686_at,Vmn2r88
1427687_at,Pcdhac2///Pcdhac1///Pcdha2///Pcdha12///Pcdha9///Pcdha1///Pcdha10///Pcdha11///Pcdha4
1427688_a_at,Ptprs
1427689_a_at,Tnip1
1427690_a_at,Tpte
1427691_a_at,Ifnar2
1427692_a_at,Cask
1427693_at,Itpr2
1427694_at,Gnrhr
1427695_a_at,Pou2f1
1427696_at,Fech
1427697_a_at,Trp73
1427698_at,Brca1
1427699_a_at,Ptpn11
1427700_x_at,Krt6a
1427701_a_at,Six4
1427702_at,Zfp1
1427703_at,Pafah1b1
1427704_a_at,Galr1
1427705_a_at,Nfkb1
1427706_a_at,Siglec1
1427707_a_at,Stil
1427708_a_at,Nf2
1427709_at,Grik3
1427710_at,Ccdc114
1427711_a_at,Ceacam1
1427712_at,Ceacam1
1427713_x_at,Pou2f2
1427714_at,Smyd1
1427715_a_at,Nt5c1b
1427716_at,Prss44
1427717_at,Cd80
1427718_a_at,Mdm2
1427719_s_at,Krt82
1427720_a_at,Rrp1
1427722_at,Slc15a5
1427723_at,Gdf11
1427724_at,Top2a
1427725_a_at,Pou2f2
1427726_at,H2-T3
1427727_x_at,Psg19
1427728_at,Chrng
1427729_at,Ehd2
1427730_a_at,Zfp148
1427731_at,Gnrhr
1427732_s_at,Abcg4
1427733_a_at,Nfia
1427734_a_at,Dscaml1
1427735_a_at,Acta1
1427736_a_at,Ccrl2
1427737_a_at,Smg8
1427738_at,Gm31445///A230006K03Rik
1427739_a_at,Trp53
1427740_a_at,Gm12606
1427741_x_at,Nkx2-3
1427742_a_at,Klf6
1427744_at,Ccnb3
1427745_x_at,Gm8882///Prb1///Prpmp5///Gm4736
1427746_x_at,H2-K1
1427747_a_at,Lcn2
1427748_at,Igkv1-117
1427749_at,Galnt3
1427750_at,Igkv9-120
1427751_a_at,Krt36
1427752_a_at,Tcrb-J
1427753_at,Igkv1-135
1427754_a_at,Dnm1
1427755_at,Mcpt-ps1
1427756_x_at,Ighm
1427757_at,Igk
1427758_x_at,Ighv14-2///Ighg3///Igh-VJ558///Ighm
1427759_a_at,Art5
1427760_s_at,Gm7040///Prl2c4///Prl2c3///Prl2c2
1427761_at,Eri3
1427762_x_at,Hist1h2bp
1427763_a_at,Camk2d
1427764_a_at,Tcf3
1427765_a_at,Tcrb-J
1427766_at,Trav9d-3
1427767_a_at,Cftr
1427768_s_at,Myl3
1427769_x_at,Myl3
1427770_a_at,Slc2a3
1427771_x_at,Itgb1
1427772_at,Defb15
1427773_a_at,Rabac1
1427774_at,Defb7
1427775_at,Defb10
1427776_a_at,Fgfr4
1427777_x_at,Fgfr4
1427778_at,Defb8
1427779_a_at,Cd4
1427780_at,Defb35
1427781_at,Usmg2
1427782_a_at,Crhr1
1427783_at,Erbb4
1427784_at,Defb13
1427785_x_at,Capn15
1427786_at,Sp6
1427787_at,Sp6
1427788_at,Nespas
1427789_s_at,Gnas
1427790_at,Adam1a///Mapkapk5
1427791_a_at,Adam1a
1427796_at,Gm38402
1427797_s_at,Ctse
1427799_x_at,Igkv6-14///Igkv6-23///Igk-V28
1427800_at,Krtap19-1
1427801_at,Krtap19-1
1427802_a_at,Tcrg-V4
1427808_at,Nfya
1427810_at,Tyms
1427811_at,Tyms
1427812_at,Ids
1427813_at,Ids
1427814_at,Ofa
1427815_at,Mfsd11
1427816_at,Srsf2
1427817_at,Env
1427821_at,Copg2os2
1427822_a_at,Copg2os2
1427825_at,Slco1b2
1427826_a_at,Slco1b2
1427829_at,Abcd4
1427830_at,Zfp260
1427831_s_at,Zfp260
1427832_at,Tuba-rs1
1427833_at,Spi16
1427834_at,Spi16
1427835_at,Pou2f1
1427836_at,Ercc6l2
1427837_at,Igkv15-103
1427838_at,Tubb2a
1427839_at,Igh-VJ558
1427841_at,Krt17///Krt14
1427842_at,Krtap6-3
1427843_at,Tmem189
1427844_a_at,Cebpb
1427845_at,Fgfr4
1427846_x_at,Fgfr4
1427849_a_at,LOC665506
1427850_x_at,Igh-VJ558
1427851_x_at,Ighv1-72///Igh-VJ558///Ighm
1427852_x_at,Igh-VJ558
1427853_a_at,Gm9817
1427854_x_at,Gm9817
1427855_at,Igkv19-93
1427856_a_at,Igkv19-93
1427857_x_at,Igkv4-68
1427858_at,Igk-V21
1427859_at,Igkv6-15
1427860_at,Igkv6-14
1427862_at,LOC101055909///Sec61b
1427863_at,Hist1h3h///Hist1h3b
1427864_at,Hist1h3a///Hist2h3b///Hist1h3i///Hist1h3h///Hist1h3e///Hist1h3b///Hist1h3d///Hist1h3c///Hist1h3f///Hist1h3g///Hist2h3c2///Hist2h3c1
1427865_at,Hbb-b2
1427866_x_at,Hbb-b2
1427867_at,Gm12300
1427868_x_at,Myh1
1427869_at,Ighm
1427870_x_at,Ighm
1427871_at,Ptafr
1427872_at,Ptafr
1427873_at,Defa15
1427874_at,Rnf114
1427875_a_at,Gm4705///Rpl34-ps2///Rpl34-ps1///Rpl34
1427876_at,Zc3h15
1427877_at,Zc3h15
1427878_at,Cystm1
1427879_at,Cnppd1
1427880_at,Uqcrq
1427881_at,Dnttip2
1427882_at,Dnttip2
1427883_a_at,Col3a1
1427884_at,Col3a1
1427885_at,Pold4
1427886_at,Pom121
1427887_at,Rprd1b
1427888_a_at,Sptan1
1427889_at,Sptan1
1427890_a_at,Lrrc56
1427891_at,Gimap6
1427892_at,Myo1g
1427893_a_at,Pmvk
1427894_at,Vasn
1427895_at,Ten1
1427896_at,Suds3
1427897_s_at,Suds3
1427898_at,Rnf6
1427899_at,Rnf6
1427900_at,Pip5kl1
1427901_at,Mrps18c
1427902_at,Srrm2
1427903_at,Phpt1
1427904_s_at,Ndufaf7
1427905_at,Saysd1
1427906_at,1110037F02Rik
1427907_at,1110037F02Rik
1427908_at,Bnip1
1427909_at,2410015M20Rik
1427910_at,Cst6
1427911_at,Tmem173
1427912_at,Cbr3
1427913_at,Gm12693///Rwdd1
1427914_a_at,Tceb1
1427915_s_at,Tceb1
1427916_at,St7l
1427917_s_at,Ssbp3
1427918_a_at,Rhoq
1427919_at,Srpx2
1427920_at,Phf19
1427921_s_at,Cmc2
1427922_at,Cmc2
1427923_at,Zmpste24
1427924_at,Stx17
1427925_at,Stx17
1427926_at,Maml2
1427927_at,Hscb
1427928_s_at,Pigu
1427929_a_at,Pdxk
1427930_at,Pdxk
1427931_s_at,Pdxk
1427932_s_at,A130040M12Rik///1200015M12Rik///1200003I10Rik
1427933_at,Vps33b
1427934_at,Lyrm2
1427935_at,Lyrm2
1427936_at,Thnsl1
1427937_at,Vma21
1427938_at,Mycbp
1427939_s_at,Mycbp
1427940_s_at,Mycbp
1427941_at,Dicer1
1427942_at,Rassf9
1427943_at,Acyp2
1427944_at,Caprin2
1427945_at,Dpyd
1427946_s_at,Dpyd
1427947_at,B9d2
1427948_a_at,Zkscan14
1427949_at,Ltn1
1427950_at,Ltn1
1427951_s_at,Ccdc28a
1427952_at,Aipl1
1427953_at,Fanci
1427954_at,BC048403
1427955_a_at,Deb1
1427956_at,Pcgf1
1427957_at,Adtrp
1427958_at,Abhd10
1427959_at,Abhd10
1427960_at,Ugt2b34
1427961_s_at,Ugt2b34
1427962_at,Ccdc102a
1427963_s_at,Rdh9
1427964_at,Cmtm8
1427965_at,Ssbp1
1427966_at,Otulin
1427967_at,Srgap2
1427968_at,Tgif2lx2///Tgif2lx1
1427969_s_at,Zfp654
1427970_at,Zfp689
1427971_at,Cdc73
1427972_at,Cdc73
1427973_s_at,Cdc73
1427974_s_at,Cacna1d
1427975_at,Rasl10a
1427976_at,Gm10436///Gm2042///Oog1
1427977_x_at,Gm10436///Gm2042///Oog1
1427978_at,Efcab14
1427979_at,Efcab14
1427980_at,Cmip
1427981_a_at,Csad
1427982_s_at,Syne2
1427983_at,Zfp280c
1427984_at,Senp6
1427985_at,Spin4
1427986_a_at,Col16a1
1427987_at,Safb2
1427988_s_at,Safb2
1427989_at,Amhr2
1427990_at,Usp45
1427991_s_at,Usp45
1427992_a_at,Rab12
1427993_at,Rufy2
1427994_at,Cd300lf
1427995_at,Cpa5
1427996_at,BC028528
1427997_at,Ndufaf4
1427998_at,Lsm12
1427999_at,Snapc5
1428000_at,Tmem60
1428001_at,Tshr
1428002_at,Saal1
1428003_s_at,Thtpa
1428004_at,Snrnp25
1428005_at,Marc1
1428006_at,Scfd1
1428007_at,Krtap13-1
1428008_at,Dnm1l
1428009_a_at,Abcc10
1428010_at,Timm9
1428011_a_at,Erbb2ip
1428012_at,C8a
1428013_at,6030458C11Rik
1428014_at,Hist1h4m///Hist1h4b///Hist1h4a///Hist4h4///Hist1h4n///Hist1h4k///Hist1h4j///Hist1h4i///Hist1h4f///Hist1h4d///Hist1h4c///Hist2h4///Hist1h4h
1428015_at,Synj2bp
1428016_a_at,Rasip1
1428017_at,Pknox2
1428018_a_at,Cd300c2
1428019_at,Maats1
1428020_at,Rpf1
1428021_at,Mccc2
1428022_at,Obp2a
1428023_at,3110009E18Rik
1428024_at,Map1lc3b
1428025_s_at,Pitpnc1
1428026_at,Tshz2
1428027_at,Mir155hg
1428028_at,Mkl2
1428029_a_at,H2afv
1428030_at,Adam34
1428031_at,Mchr1
1428032_at,Acvr1c
1428033_at,Zfp937
1428034_a_at,Tnfrsf9
1428035_at,Fsip1
1428036_at,Gm15498
1428037_at,Otoa
1428038_at,Gm568
1428039_at,Wdr20
1428040_at,Onecut3
1428041_at,BC028777
1428042_at,Igf1os
1428043_a_at,Cmah
1428044_at,Ap3s2
1428045_a_at,Elf2
1428046_a_at,Zfx
1428047_s_at,Zfx///Zfa-ps
1428048_at,LOC269472
1428049_a_at,Nudt16l1
1428050_a_at,Tmbim4
1428051_a_at,Cacna1d
1428052_a_at,Zmym1
1428053_at,Gprc6a
1428054_at,Slc8a2
1428055_at,Rian
1428056_at,Klra1
1428057_a_at,Ahnak
1428058_at,Ahnak
1428061_at,Hat1
1428062_at,Cpa1
1428063_at,Ankrd46
1428064_at,Arap1
1428065_at,Slc44a2
1428066_at,Ccdc120
1428067_at,Rasl12
1428068_at,Samm50
1428069_at,Cdca7
1428070_at,Syvn1
1428071_at,Gucd1
1428072_a_at,Dolpp1
1428073_a_at,Nup88
1428074_at,Tmem158
1428075_at,Gm3873///Gm3244///Ndufb4
1428076_s_at,Gm3873///Gm3244///Ndufb4
1428077_at,Tmem163
1428078_at,Rnft1
1428079_at,Fgb
1428080_at,Pgam5
1428081_at,Klhl21
1428082_at,Acsl5
1428083_at,Neat1
1428084_at,Krr1
1428085_at,Ldah
1428086_at,Dnm1l
1428087_at,Dnm1l
1428088_at,Enthd2
1428089_at,Slitrk1
1428090_at,Ptcd3
1428091_at,Klhl7
1428092_at,Cdc5l
1428093_at,Trabd
1428094_at,Lamp2
1428095_a_at,C2cd2l
1428096_at,Ipo11
1428097_at,2510009E07Rik
1428098_a_at,Tm7sf3
1428099_a_at,LOC102641923///Srsf1
1428100_at,Srsf1
1428101_at,Rnf38
1428102_at,Cpb1
1428103_at,Adam10
1428104_at,Tpx2
1428105_at,Tpx2
1428106_at,Cluh
1428107_at,Sh3bgrl
1428108_x_at,Tmcc2
1428109_at,Vps11
1428110_x_at,Vps11
1428111_at,Slc38a4
1428112_at,Manf
1428113_at,Tmtc4
1428114_at,Slc14a1
1428115_a_at,Rab2b
1428116_a_at,Dynlt1a///Dynlt1c///Dynlt1f///Dynlt1b
1428117_x_at,Dynlt1f
1428118_at,Lingo1
1428119_a_at,Rap2c
1428120_at,Fbxw9
1428121_at,Mvb12b
1428122_s_at,Mvb12b
1428123_at,Mvb12b
1428124_at,Gtf2e1
1428125_at,Atxn7l3b
1428126_a_at,Atxn7l3b
1428127_at,Atxn7l3b
1428128_at,Atxn7l3b
1428129_at,Lman1
1428130_at,Lman1
1428131_a_at,Cdc42se1
1428132_at,Cdc42se1
1428133_at,Snip1
1428134_at,Coq9
1428135_a_at,Eef1d
1428136_at,Sfrp1
1428137_at,Arl8b
1428138_s_at,Arl8b
1428139_at,Tmem180
1428140_at,Oxct1
1428141_at,Gga2
1428142_at,Etv5
1428143_a_at,Pnpla2
1428144_at,Lrwd1
1428145_at,Acaa2
1428146_s_at,Acaa2
1428147_at,Coro7
1428148_s_at,Coro7
1428149_at,Coro7
1428150_at,Coro7
1428151_x_at,Kyat1
1428152_a_at,Rpl18a
1428153_at,Mrps10
1428154_s_at,Plpp5
1428155_at,Commd9
1428156_at,Gng2
1428157_at,Gng2
1428158_at,Akt1s1
1428159_s_at,Ndufab1
1428160_at,Ndufab1
1428161_a_at,Gm13202///Chchd2
1428162_at,Lrif1
1428163_at,Sar1b
1428164_at,Nudt9
1428165_at,Chmp3
1428166_at,Cdan1
1428167_a_at,Mpzl1
1428168_at,Mpzl1
1428169_at,Atg16l1
1428170_at,Zfp180
1428171_at,Prpf39
1428172_at,Prpf39
1428173_at,Eml2
1428174_x_at,Khsrp
1428175_at,Tmem161b
1428176_at,S1pr2
1428177_at,Trappc6b
1428178_s_at,Trappc6b
1428179_at,Ndufv2
1428180_at,Kxd1///Uba52
1428181_at,Etfb
1428182_at,Prpsap1
1428183_at,Ankrd23
1428184_at,3110035E14Rik
1428185_at,Kctd18
1428186_at,Kctd6
1428187_at,Cd47
1428188_at,Strada
1428189_at,Tpgs2
1428190_at,Slc25a1
1428191_s_at,Mettl17
1428192_at,Kbtbd7
1428193_at,Usp9x
1428194_at,Usp9x
1428195_at,Ahcyl2
1428196_a_at,Rmdn3
1428197_at,Tspan9
1428198_at,Adal
1428199_at,Adal
1428200_a_at,Pdxdc1
1428201_at,2310036O22Rik
1428202_at,Fam3a
1428203_at,Gabrb2
1428204_at,Gabrb2
1428205_x_at,Gabrb2
1428206_at,Ccdc69
1428207_at,Bcl7a
1428208_at,Bcl7a
1428209_at,Bex4
1428210_s_at,Chuk
1428211_at,P4htm
1428212_x_at,Rpl31-ps12///Rpl31
1428213_at,Nsmce4a
1428214_at,Tomm7
1428215_x_at,Tomm7
1428216_s_at,Tomm7
1428217_at,1600012H06Rik
1428218_a_at,1600012H06Rik
1428219_at,Rybp-ps///Rybp
1428220_at,C2cd5
1428221_at,Klhdc8b
1428222_at,Dclk2
1428223_at,Mfsd2a
1428224_at,Hnrnpdl
1428225_s_at,Hnrnpdl
1428226_at,Ngdn
1428227_at,Rest
1428228_at,Pgm3
1428229_at,Prkd3
1428230_at,Prkd3
1428231_at,Cpsf6
1428232_at,Cpsf6
1428233_at,Cpsf6
1428234_at,Cpsf6
1428235_at,Sdhd
1428236_at,Acbd5
1428237_at,Akirin2
1428238_at,Akirin2
1428239_at,Ankrd16
1428240_at,Nrxn1
1428241_at,Ap5s1
1428242_at,Hmha1
1428243_at,Rubcn
1428244_at,Larp1
1428245_at,G6pc3
1428246_at,Vps26b
1428247_at,Vps26b
1428248_at,Nfx1
1428249_at,Pygo2
1428250_at,Gper1
1428251_at,Smchd1
1428252_at,Chmp2b
1428253_at,Chmp2b
1428254_at,Purb
1428255_at,Luc7l
1428256_at,Txndc15
1428257_s_at,Dynlrb1
1428258_at,2010107E04Rik
1428259_at,Pxdn
1428260_at,Atl1
1428261_at,Ccdc134
1428262_s_at,Gm6793///Hnrnpa3
1428263_a_at,Tceb2
1428264_at,Snrnp40
1428265_at,Ppp2r1b
1428266_at,Myl3
1428267_at,Dhx40
1428268_at,Psd2
1428269_a_at,Glt8d1
1428270_at,Glt8d1
1428271_at,Acbd4
1428272_at,Eif1b
1428273_at,Abhd13
1428274_s_at,Abhd13
1428275_at,Abhd13
1428276_at,Abhd13
1428277_at,Otud6b
1428278_at,Zdhhc24
1428279_a_at,Atxn7l1
1428280_at,Fip1l1
1428281_at,Trub1
1428282_at,Tbce
1428283_at,Cyp2s1
1428284_at,Nol4l
1428285_at,Nol4l
1428286_at,2900097C17Rik
1428287_at,Cul5
1428288_at,Klf9
1428289_at,Klf9
1428290_at,Mipep
1428291_at,Exosc8
1428292_at,Ndor1
1428293_at,Bod1
1428294_at,Zpr1
1428295_at,Synpo2l
1428296_at,Usp50///Polr2l
1428297_at,Map4k2
1428298_at,Sh3d21
1428299_at,Dyrk1a
1428300_at,Specc1l
1428301_at,LOC102638110///LOC100861615///Gm3164///Gm3173///Gm3739///Gm3696///Gm3667///Gm3194///Gm3591///Gm3558///Gm3488///Gm3500///Gm3383///Gm3264///Gm3252///Gm3239///Gm3636///Gm3115///Gm3095///Gm10340///Gm2897///Gm2888///Gm10406///Gm3373///Gm3317///Gm5796
1428302_at,Mrpl48
1428303_at,Btbd17
1428304_at,Esco2
1428305_at,Pcsk2
1428306_at,Ddit4
1428307_at,Zdhhc13
1428308_at,Pdrg1
1428309_s_at,Pdrg1
1428310_at,Larp7
1428311_at,Ccdc6
1428312_at,Lrrc57
1428313_at,Zswim3
1428314_at,Pcnp
1428315_at,Ebna1bp2
1428316_a_at,Fundc2
1428317_at,Fundc2
1428318_at,Smgc
1428319_at,Pdlim7
1428320_at,Kdm3b
1428321_at,Eml1
1428322_a_at,Ndufb10
1428323_at,Gpd2
1428324_at,Gpd2
1428325_at,Cnpy4
1428326_s_at,Rida
1428327_at,Trak1
1428328_at,Nup50
1428329_a_at,Ift80
1428330_at,Dopey2
1428331_at,2210016F16Rik
1428332_at,Pik3ip1
1428333_at,Arxes2///Arxes1
1428334_at,Ostm1
1428335_a_at,Scfd1
1428336_at,Agpat4
1428337_at,Mdp1
1428338_at,Spata2l
1428339_at,Nudt21
1428340_s_at,Atp13a2
1428341_at,Zfp655
1428342_at,Rcor3
1428343_at,Rcor3
1428344_at,Plpp6
1428345_at,Plpp6
1428346_at,Trafd1
1428347_at,Cyfip2
1428348_at,Gzf1
1428349_s_at,Ebf3
1428350_at,Ctu2
1428351_at,Ppm1m
1428352_at,Arrdc2
1428353_at,Foxk2
1428354_at,Foxk2
1428355_at,Osbp2
1428356_at,Osbp2
1428357_at,Tdrp
1428358_at,Zg16
1428359_s_at,Zg16
1428360_x_at,Ndufa7
1428361_x_at,Hba-a2///Hba-a1
1428362_at,Eif4g2
1428363_at,Eif4g2
1428364_at,Scnm1
1428365_a_at,Lonp1
1428366_at,Mrgbp
1428367_at,Ndst1
1428368_at,Arhgap21
1428369_s_at,Arhgap21
1428370_at,1500011B03Rik
1428371_at,Ttbk2
1428372_at,St5
1428373_at,Ip6k2
1428374_at,Glce
1428375_at,Cep83os
1428376_at,Cep83os
1428377_at,Btbd11
1428378_at,Zc3hav1
1428379_at,Slc17a6
1428380_at,Atraid
1428381_a_at,Ppdpf
1428382_at,Smarcc2
1428383_a_at,Zswim8
1428384_at,Lurap1l
1428385_at,March8
1428386_at,Acsl3
1428387_at,Acsl3
1428388_at,Tnks2
1428389_s_at,Wdr43
1428390_at,Wdr43
1428391_at,Rab3il1
1428392_at,Rassf2
1428393_at,Nrn1
1428394_at,Lrrc8a///Phyhd1
1428395_at,Smurf1
1428396_at,Smurf1
1428397_at,B3galt5
1428398_at,B3galt5
1428399_a_at,Armc9
1428400_at,Vstm5
1428401_at,Zcchc3
1428402_at,Zcchc3
1428403_at,Fbrsl1
1428404_at,Fbrsl1
1428405_at,Hcfc1r1
1428406_s_at,Hcfc1r1
1428407_at,Hnrnpa0
1428408_a_at,Esyt2
1428409_at,Naa50
1428410_at,Naa50
1428411_at,1700020I14Rik
1428412_at,Tm9sf3
1428413_at,Ccny
1428414_at,Ccny
1428415_at,Rnf113a2
1428416_at,Zc2hc1a
1428417_at,Zc2hc1a
1428418_s_at,Zc2hc1a
1428419_at,Epg5
1428420_a_at,Exoc3l4
1428421_a_at,Glod4
1428422_at,Faf2
1428423_at,Pcgf3
1428424_at,Pcgf3
1428425_at,Tgfbrap1
1428426_s_at,Tgfbrap1
1428427_at,Fbxl2
1428428_at,Abhd11
1428429_at,Rgmb
1428430_at,Rgmb
1428431_at,Zcchc24
1428432_at,Zcchc24
1428433_at,Hipk2
1428434_at,Zcchc12
1428435_at,Muc2
1428436_at,Lsm14a
1428437_at,Lsm14a
1428438_s_at,Lsm14a
1428439_at,Nub1
1428440_at,Slc25a12
1428441_at,Cisd2
1428442_at,BC029722
1428443_a_at,Rap1gap
1428444_at,Asb2
1428445_at,Yif1b
1428446_at,Dync2li1
1428447_at,Tmem14a
1428448_a_at,Gtf3c2
1428449_at,Gtf3c2
1428450_at,Arpin
1428451_at,Lrrc47
1428452_at,2810025M15Rik
1428453_at,Naa30
1428454_at,Bcas3
1428455_at,Col14a1
1428456_at,Bola1
1428457_at,Ttpal
1428458_at,Pop1
1428459_at,Pramef12
1428460_at,Syn2
1428461_at,Ppp2r5e
1428462_at,Ppp2r5e
1428463_a_at,Ppp2r5e
1428464_at,Ndufa3
1428465_at,Tmem147
1428466_at,Chd3
1428467_at,Tardbp
1428468_at,3110043O21Rik
1428469_a_at,Dzip1
1428470_at,Exoc2
1428471_at,Sorbs1
1428472_at,Spsb1
1428473_at,Ppp3cb
1428474_at,Ppp3cb
1428475_at,Llph-ps2///Llph-ps1///Llph
1428476_a_at,Elac2
1428477_at,Elac2
1428478_at,Reep4
1428479_at,Nfatc1
1428480_at,Cdca8
1428481_s_at,Cdca8
1428482_at,Akap10
1428483_a_at,Mis18a
1428484_at,Osbpl3
1428485_at,Car12
1428486_at,1700123L14Rik
1428487_s_at,Coq10b
1428488_at,Pigk
1428489_at,Zcrb1
1428490_at,C1galt1
1428491_at,Commd10
1428492_at,Glipr2
1428493_at,Sipa1l3
1428494_a_at,Polr2i
1428495_at,Malsu1
1428496_at,Secisbp2
1428497_at,Secisbp2
1428498_at,Rnf219
1428499_at,Kantr
1428500_at,Lrp6
1428501_at,1110051M20Rik
1428502_at,Actr6
1428503_a_at,Nkiras1
1428504_at,Xrcc6
1428505_at,Ccdc90b
1428506_at,Atic
1428507_at,Hdhd2
1428508_at,Tbc1d2b
1428509_at,Myo1e
1428510_at,Adgrl1
1428511_at,Phkg2
1428512_at,Bhlhb9
1428513_at,Calcoco1
1428514_at,Cpne3
1428515_at,Zswim7
1428516_a_at,Alkbh7
1428517_at,Wdfy3
1428518_at,Cenpu
1428519_at,Cmss1
1428520_at,Rbfa
1428521_at,Thap3
1428522_at,Ttf2
1428523_at,Adgrl3
1428524_at,Cars2
1428525_at,4930488B01Rik///Pnmal1
1428526_at,Naa38
1428527_at,Snx7
1428528_at,Get4
1428529_at,Snhg5
1428530_x_at,Rps24
1428531_at,Ints7
1428532_at,Ints7
1428533_at,Cnot11
1428534_at,Nr2c2ap
1428535_at,9430020K01Rik
1428536_at,Kcng4
1428537_at,Csnk1a1
1428538_s_at,Rarres2
1428539_at,Smg1
1428540_at,Tcaf1
1428541_at,Tcaf1
1428542_at,Eif1ad
1428543_at,Ppat
1428544_at,Tmem248
1428545_at,Tmem248
1428546_at,Syncrip
1428547_at,Nt5e
1428548_at,Pak4
1428549_at,Ccdc3
1428550_at,Ydjc
1428551_at,Trmt11
1428552_at,2610001J05Rik
1428553_at,Glrx5
1428554_a_at,Slirp
1428555_at,Setd2
1428556_at,Pyurf
1428557_a_at,Osgepl1
1428558_at,Osgepl1
1428559_at,Kdsr
1428560_at,Xpo5
1428561_at,Klhl11///2610002J23Rik
1428562_at,Mir22hg
1428563_at,Ddx10
1428564_at,Zfp579
1428565_at,Unkl
1428566_at,Hspbap1
1428567_at,Hspbap1
1428568_at,B230217C12Rik
1428569_at,B230217C12Rik
1428570_at,Ccnc
1428571_at,Col9a1
1428572_at,Basp1
1428573_at,Chn2
1428574_a_at,Chn2
1428575_at,Fcho1
1428576_at,Hif1an
1428577_at,Ppfia4
1428578_s_at,Ppfia4
1428579_at,Fmnl2
1428580_at,Blvra
1428581_at,Fam178b
1428582_at,Mettl10
1428583_at,Nufip2
1428584_a_at,Haghl
1428585_at,Actn1
1428586_at,Tmem41b
1428587_at,Tmem41b
1428588_a_at,Mrpl41
1428589_at,Mrpl41
1428590_at,Mrpl41
1428591_at,Pnpla2
1428592_s_at,Usp38
1428593_at,Tex30
1428594_at,Ralgapa1
1428595_at,Slc6a19
1428596_at,Tbc1d9b
1428597_at,Tbc1d9b
1428598_at,Tbc1d7
1428599_at,Kndc1
1428600_at,Nin
1428601_at,1700003E16Rik
1428602_at,Kcnj9
1428603_at,Umad1
1428604_at,Zfp979
1428605_at,Ccdc124
1428606_at,Ccdc124
1428607_at,Araf
1428608_at,Myl12b
1428609_at,Myl12b
1428610_at,Atg7
1428611_at,Atg7
1428612_at,Atg7
1428613_at,Ldhd
1428614_at,Ldhd
1428615_at,Lpar6
1428616_at,Zfp131
1428617_at,Hcfc2
1428618_at,Hcfc2
1428619_at,Cox20
1428620_at,Ensa
1428621_a_at,Ramp2///Vps25
1428622_at,Deptor
1428623_at,Plxna1
1428624_at,Magt1
1428625_a_at,Rmi1
1428626_at,Lysmd2
1428627_at,Zbtb49
1428628_at,Ak8
1428629_at,Zfp518a
1428630_x_at,Haghl
1428631_a_at,Uqcrc2
1428632_at,Tmem258
1428633_at,Twistnb
1428634_at,Twistnb
1428635_at,Comtd1
1428636_at,Steap2
1428637_at,Dyrk2
1428638_at,Efhc2
1428639_at,Lin9
1428640_at,Hsf2bp
1428641_at,Hsf2bp
1428642_at,Slc35d3
1428643_at,Mgat5
1428644_at,Mgat5
1428645_at,Gnai3
1428646_at,Pbx1
1428647_at,Pbx1
1428648_at,Cand1
1428649_at,Cand1
1428650_at,Tns1
1428651_at,Klhl24
1428652_at,0610010F05Rik
1428653_x_at,Elavl1
1428654_at,Swt1
1428655_at,Ppp1r21
1428656_at,Drosha
1428657_at,Rreb1
1428658_at,Gm7301///Gm6851///Pin4
1428659_at,Phf7
1428660_s_at,Tor3a
1428661_at,Tonsl
1428662_a_at,Hopx
1428663_at,Sgms2
1428664_at,Vip
1428665_at,Pfn4
1428666_at,Nars
1428667_at,Maoa
1428668_at,Acbd3
1428669_at,Bmyc
1428671_at,2200002D01Rik
1428672_at,Snrpf
1428673_at,Sympk
1428674_at,Prpf38b
1428675_at,Pithd1
1428676_at,Tmprss6
1428677_at,Wdr73
1428678_s_at,Wdr73
1428679_s_at,0610010K14Rik///Rnasek
1428680_at,Cds1
1428681_at,Usf3
1428682_at,Zc3h6
1428683_at,Fam173b
1428684_at,Tamm41
1428685_at,Syce1
1428686_at,2810029C07Rik
1428687_at,Zfp687
1428688_at,Pdcd11
1428689_at,Tysnd1
1428690_at,Tysnd1
1428691_at,Chd2
1428692_at,Hddc3
1428693_at,2610044O15Rik8
1428694_at,Mir92-1///Mir17hg
1428695_at,Sdr39u1
1428696_at,Rftn1
1428697_at,Dpp8
1428698_at,Dpp8
1428699_at,Gm14680///Sms
1428700_at,P2ry13
1428701_at,Nectin4
1428702_at,Ddx28
1428703_at,1700012B07Rik
1428704_at,Zfp661
1428705_at,1700007K13Rik
1428706_at,Cenpv
1428707_at,Ptms
1428708_x_at,Ptms
1428709_a_at,Mrpl24
1428710_at,Rit1
1428711_at,Mon1b
1428712_at,Mon1b
1428713_s_at,Gins2
1428714_at,Pgrmc2
1428715_at,Gfpt1
1428716_at,Pex1
1428717_at,Scrn1
1428718_at,Scrn1
1428719_at,2010309G21Rik
1428720_s_at,2010309G21Rik
1428721_at,Klhl28
1428722_at,Ckmt2
1428723_at,Borcs6
1428724_at,Pcf11
1428725_at,Pias2
1428726_at,Thumpd2
1428727_at,Cep192
1428728_at,Ddx51
1428729_at,Krit1
1428730_at,Krit1
1428731_at,Usp54
1428732_at,1700008J07Rik
1428733_at,Gngt2
1428734_at,Anapc15
1428735_at,Cd69
1428736_at,Gramd3
1428737_s_at,Gramd3
1428738_a_at,Tmem254b///Tmem254c///Tmem254a
1428739_at,Enho
1428740_a_at,Pigt
1428741_at,Elavl4
1428742_at,Fbxo45
1428743_at,Bri3bp
1428744_s_at,Bri3bp
1428745_a_at,Ndufaf5
1428746_a_at,Trnau1ap
1428747_at,Trnau1ap
1428748_at,Zfp950
1428749_at,Dmxl2
1428750_at,Cdc42ep2
1428751_at,Pacrg
1428752_at,Slc5a11
1428753_a_at,Dgcr6
1428754_at,Trmt6
1428755_at,Creb1
1428756_at,Aasdhppt
1428757_at,Aasdhppt
1428758_at,Tmem86a
1428759_s_at,Cwc25
1428760_at,Snapc3
1428761_a_at,Snapc3
1428762_at,Tab3
1428763_at,Smug1
1428764_at,Meg3
1428765_at,Meg3
1428766_at,Rnmtl1
1428767_at,Gsdmd
1428768_at,Pan3
1428769_at,Tatdn3
1428770_at,Dip2a
1428771_at,Klhdc10
1428772_at,Xpot
1428773_s_at,Bcor
1428774_at,Gpc6
1428775_at,1110008L16Rik
1428776_at,Slc10a6
1428777_at,Spred1
1428778_at,Sfi1
1428779_at,Zbtb41
1428780_at,Tha1
1428781_at,Dmkn
1428782_a_at,Uqcrc1
1428783_at,Prkar2a
1428784_at,Gmip
1428785_at,Amotl1
1428786_at,Nckap1l
1428787_at,Nckap1l
1428788_at,Pgp
1428789_at,Ralgps2
1428790_at,Nfam1
1428791_at,Ube2h
1428792_at,Bcas1
1428793_at,Slc36a1
1428794_at,Specc1
1428795_at,Slc18b1
1428796_at,Bbx
1428797_at,Setd6
1428798_s_at,Setd6
1428799_at,Lca5
1428800_a_at,Pus7l
1428801_at,Mgat3
1428802_at,Mgat3
1428803_at,Acot6
1428804_at,Mfap3l
1428805_at,Slc35e3
1428806_at,Csnk1g1
1428807_at,Pabpc6
1428808_at,Prickle2
1428809_at,1810010H24Rik
1428810_at,2700097O09Rik
1428811_at,Wfikkn2
1428812_at,1700040L02Rik
1428813_a_at,Caly
1428815_at,Gstt4
1428816_a_at,Gata2
1428817_at,Mon2
1428818_at,Mon2
1428819_at,Mapre1
1428820_at,Mapre1
1428821_at,Agpat2
1428822_a_at,Snx24
1428823_at,Hddc2
1428824_at,Gid8
1428825_at,Nr6a1
1428826_at,Nr6a1
1428827_at,Whsc1
1428828_at,Rpain
1428829_at,Dennd1b
1428830_at,Atm
1428831_at,Senp5
1428832_at,1600002H07Rik
1428833_at,4930406D14Rik
1428834_at,Dusp4
1428835_at,Myh14
1428836_at,2300009A05Rik
1428837_at,Klhl14
1428838_a_at,Dck
1428839_at,Wdr53
1428840_s_at,Wdr53
1428841_at,Best1
1428842_a_at,Ngfrap1
1428843_at,March5
1428844_a_at,Bclaf1
1428845_at,Bclaf1
1428846_at,Ttc14
1428847_a_at,Macf1
1428848_a_at,Macf1
1428849_at,Rps6kb1
1428850_x_at,Cd99
1428851_at,Pxdc1
1428852_at,Dock3
1428853_at,Ptch1
1428854_at,Tmed8
1428855_at,H13
1428856_at,H13
1428857_at,Sap130
1428858_at,Wdr70
1428859_at,Paox
1428860_at,Them6
1428861_at,Filip1l
1428862_at,Ttc17
1428863_at,Ankrd39
1428864_at,Dusp8
1428865_at,Bcl2l12
1428866_at,2810037O22Rik
1428867_at,Exoc3l2
1428868_a_at,Oaz1-ps///Oaz1
1428869_at,Nolc1
1428870_at,Nolc1
1428871_at,Msl1
1428872_at,Msl1
1428873_a_at,Msl1
1428874_at,Fam96b
1428875_at,Golim4
1428876_at,Srp72
1428877_at,Srp72
1428878_a_at,Pitpnc1
1428879_at,Pitpnc1
1428880_at,Sdhaf2
1428881_at,Klc1
1428882_at,Wipi2
1428883_at,Tmem57
1428884_at,Tmem57
1428885_at,Afmid
1428886_at,Rbbp5
1428887_at,Zfp157
1428888_at,Tmem33
1428889_at,Alkbh3
1428890_at,Fem1c
1428891_at,Parm1
1428892_at,Ppil1
1428893_at,Osbpl7
1428894_at,Selo
1428895_at,Rftn2
1428896_at,Pdgfrl
1428897_at,Tstd3
1428898_at,Mon1a
1428899_at,Tmem182
1428900_s_at,Mettl15
1428901_at,Dtwd2
1428902_at,Chst11
1428903_at,Exo5
1428904_at,Ammecr1l
1428905_at,Rraga
1428906_at,Gtf2h5
1428907_at,Rbm25
1428908_at,Rbm25
1428909_at,A130040M12Rik
1428910_at,2310022B05Rik
1428911_at,Ttll4
1428912_at,Ttll4
1428913_at,Dnlz
1428914_at,Sh3pxd2a
1428915_at,Sirt5
1428916_s_at,Sirt5
1428917_at,Stx17
1428918_at,Scyl3
1428919_at,Fgfr1op
1428920_at,Hmg20a
1428921_at,Mplkip
1428922_at,Tril
1428923_at,Ppp1r3g
1428924_at,Mocs3
1428925_at,Senp1
1428926_at,Fbxo31
1428927_at,Shq1
1428928_at,Cacnb4
1428929_s_at,Slc25a26
1428930_at,Tmem29
1428931_a_at,Parp6
1428932_at,Ttc21a
1428933_at,Hdac8
1428934_at,Cmtm2b
1428935_at,Canx
1428936_at,Atp2b1
1428937_at,Atp2b1
1428938_at,Gnaq
1428939_s_at,Gnaq
1428940_at,Gnaq
1428941_at,Zmym2
1428942_at,Mt2
1428943_at,Nudt13
1428944_at,Uba6
1428945_at,Uba6
1428946_at,Uba6
1428947_at,Mzb1
1428948_at,Kcnma1
1428949_at,Xpot
1428950_s_at,Nol8
1428951_at,Nol8
1428952_at,Pdia2
1428953_at,Otud7b
1428954_at,Slc9a3r2
1428955_x_at,Slc9a3r2
1428956_at,Tmem177
1428957_at,Tmem177
1428958_at,Paqr8
1428959_at,Tespa1
1428960_at,Enkur
1428961_a_at,Clasrp
1428962_at,1700013F07Rik
1428963_at,Rwdd2a
1428964_at,Slc25a18
1428965_at,Ccdc54
1428966_at,Gm4199///Fam103a1
1428967_at,Igf1r
1428968_at,Cep57
1428969_at,Trappc8
1428970_at,Naa50
1428971_at,Ccny
1428972_at,Tctex1d2
1428973_s_at,Tctex1d2
1428974_s_at,Lztfl1
1428975_at,Susd3
1428976_at,Tmpo
1428977_at,Chst8
1428978_at,2900009J20Rik
1428979_at,Mtf1
1428980_at,Kprp
1428981_at,Sult2a8
1428982_at,Atad2b
1428983_at,Scx
1428984_a_at,1700012B09Rik
1428985_at,Ints12
1428986_at,Slc17a7
1428987_at,Dynlrb2
1428988_at,Abcc3
1428989_at,0710001D07Rik
1428990_at,2310047K21Rik
1428991_at,Hrasls
1428992_at,Unc13d
1428993_at,Ucma
1428994_s_at,Ucma
1428995_at,Smpd5
1428996_at,Pdp2
1428997_at,Phf23
1428998_at,Phf3
1428999_at,Phf3
1429000_at,Phf3
1429001_at,Pir
1429002_at,Snw1
1429003_at,Snw1
1429004_at,Phip
1429005_at,Mfhas1
1429006_s_at,Atat1
1429007_at,Slc35b2
1429008_at,Ufl1
1429009_at,Snrnp70
1429010_at,Snrnp70
1429011_x_at,Snrnp70
1429012_at,Arhgef6
1429013_at,Map7d2
1429014_at,Glb1l///Ankzf1
1429015_at,Ankzf1
1429016_at,Glb1l///Ankzf1
1429017_at,Smcr8
1429018_at,Hrct1
1429019_s_at,Pon2
1429020_at,Pon2
1429021_at,Epha4
1429022_at,Adcyap1r1
1429023_at,Hepacam
1429024_at,Rbm20
1429025_a_at,Hexim2
1429026_at,Hexim2
1429027_at,Snhg18
1429028_at,Dock11
1429029_at,Sgms2
1429030_at,C1qtnf7
1429032_at,Micalcl
1429033_at,Gcc1
1429034_at,Eme2
1429035_at,Dpep3
1429036_at,Otop3
1429037_at,1700019A02Rik
1429038_at,Dda1
1429039_s_at,Dda1
1429040_at,6820431F20Rik
1429041_at,2610005L07Rik
1429042_at,Tmem167b
1429043_at,Smndc1
1429044_at,Camsap2
1429045_at,Smurf2
1429046_at,Smurf2
1429047_at,Rtf1
1429048_at,Bloc1s2
1429049_at,Nuak2
1429050_at,Chic2
1429051_s_at,Sox11
1429052_at,Ptprd
1429053_at,Mtcl1
1429054_at,Mrpl47
1429055_at,Shtn1
1429056_at,Naa16
1429057_at,Naa16
1429058_at,Tmem107
1429059_s_at,Tmem107
1429060_at,Malat1
1429061_at,Tarbp1///Coa6
1429062_at,Kif16b
1429063_s_at,Kif16b
1429064_at,Dip2c
1429065_at,Ikbip
1429066_at,Tctn1
1429067_at,Capns2
1429068_at,A430035B10Rik
1429070_at,Naif1
1429071_at,Me3
1429072_at,Col6a4
1429073_at,Ube2d-ps
1429074_at,Cfap161
1429075_a_at,1700018B08Rik
1429076_a_at,Gdpd2
1429077_x_at,Gm15682///Gm10045///Gm11703///Gm13653///Gm5528///Gm5445///Rpl21
1429078_a_at,Cops7a
1429079_a_at,Borcs8///Mef2b
1429080_at,Mphosph10
1429081_at,Gcc2
1429082_at,Ankle2
1429083_at,Agl
1429084_at,Vezf1
1429085_at,Vezf1
1429086_at,Gm16136
1429087_at,Inip
1429088_at,Lbh
1429089_s_at,2900026A02Rik
1429090_at,Ggct
1429091_at,1600002K03Rik
1429092_at,Vkorc1l1
1429093_at,Ddi2
1429094_at,Ddi2
1429095_at,Cenpp
1429096_at,2810455D13Rik
1429097_at,Rnf150
1429098_s_at,Nhej1
1429099_at,Duxbl3///Duxbl2///Duxbl1
1429100_at,Ccdc71l
1429101_at,Zfp697
1429102_at,Arrdc5
1429103_at,Tomm22
1429104_at,Limd2
1429105_at,Dlgap1
1429106_at,4921509J17Rik///Hspa4l
1429107_at,Ubr3
1429108_at,Msl2
1429109_at,Msl2
1429110_a_at,Nsun4
1429111_at,Tln2
1429112_at,Tln2
1429113_at,Prrt2///Pagr1a
1429114_at,Sestd1
1429115_at,Toporsos
1429116_at,Slc17a5
1429117_at,Tradd
1429118_a_at,Gin1
1429119_at,Iah1
1429120_at,Lnpk1
1429121_at,Spopl
1429122_a_at,Pradc1
1429123_at,Rab27a
1429124_s_at,Rexo1
1429125_at,Zbtb9///Ggnbp1
1429126_at,2600001M11Rik///Nudt5
1429127_at,Nradd
1429128_x_at,Nfkb2
1429129_at,Lrrcc1
1429130_at,Ttc25
1429131_at,Ube2v2
1429132_at,Ube2v2
1429133_at,Nxnl2
1429134_at,LOC102640118///Hivep3
1429135_at,Prr32
1429136_at,1700052K11Rik
1429137_at,Mettl18
1429138_at,Npas3
1429139_at,Otud7b
1429140_at,Spns3
1429141_at,Neurl2
1429142_at,1700012A03Rik
1429143_at,Tekt3
1429144_at,Gpcpd1
1429145_at,Nhlrc2
1429146_at,Svip
1429147_at,Gas2
1429148_at,Nfic
1429149_at,Gins3
1429150_at,Ccdc77
1429151_at,Dcaf7
1429152_at,Zkscan1
1429153_at,6530406A20Rik
1429154_at,Slc35f2
1429155_at,Cfap97
1429156_at,Cenpw
1429157_at,Hhipl2
1429158_at,Fbxo28
1429159_at,Itih5
1429160_at,Mtif3
1429161_at,Arv1
1429162_at,1500015A07Rik
1429163_at,Dchs1
1429164_at,Prss36
1429165_at,3110001I22Rik
1429166_s_at,Clmn
1429167_at,Ccdc112
1429168_at,Zbtb46
1429169_at,Gm15453///Rbm3
1429170_a_at,Mtf1
1429171_a_at,Ncapg
1429172_a_at,Ncapg
1429173_at,Dnase1l1
1429174_at,Wdr34
1429175_at,Tmem178
1429176_at,Lrsam1
1429177_x_at,Sox17
1429178_at,Tenm3
1429179_at,Colec11
1429180_at,Gmpr2
1429181_at,Cfap126
1429182_at,5430400D12Rik
1429183_at,Pkp2
1429184_at,Gm4070///Gvin1
1429185_at,Arhgef26
1429186_a_at,Cdadc1
1429187_at,Tmed7
1429188_at,Cox11
1429189_at,Arsb
1429190_at,Arsb
1429191_at,Dhx33
1429192_at,Ski
1429193_at,Ankib1
1429194_at,Tigd2
1429195_at,Apol6
1429196_at,Rabgap1l
1429197_s_at,Rabgap1l
1429198_at,1810030O07Rik
1429199_s_at,Saal1
1429200_at,Saal1
1429201_at,Cyld
1429202_at,2610019N06Rik
1429203_at,Rec114
1429204_at,Camk2n2
1429205_at,Mllt3
1429206_at,Rhobtb1
1429207_at,Mir5136///5730408K05Rik
1429208_at,Mir5136///5730408K05Rik
1429209_at,Col23a1
1429210_at,Col23a1
1429211_at,Cadm2
1429212_a_at,Lrrc51
1429213_at,Ndufaf6
1429214_at,Adamtsl2
1429215_at,2310058N22Rik
1429216_at,Paqr3
1429217_at,Zfp655
1429218_at,Det1
1429219_at,Ikbip
1429220_at,Dph7
1429221_at,Dph7
1429222_at,Pus3
1429223_a_at,Hfe2
1429224_at,Pnma1
1429225_at,Slc24a2
1429226_at,Gm33396///2310014F06Rik
1429227_x_at,Nap1l1
1429228_at,Cep128
1429229_s_at,Cep128
1429230_at,Klk5
1429231_at,9330171B17Rik
1429232_at,Hnrnpr
1429233_at,Sept11
1429234_s_at,Sept11
1429235_at,Galnt15
1429236_at,Galnt15
1429237_at,Stx16
1429238_a_at,Ogfod2
1429239_a_at,Stard4
1429240_at,Stard4
1429241_at,Nipal3
1429242_at,Inip
1429243_at,Inip
1429244_at,2610524H06Rik
1429245_at,2510022D24Rik
1429246_a_at,Anxa6
1429247_at,Anxa6
1429248_at,Apopt1
1429249_at,Plppr5
1429250_at,Dync2h1
1429251_at,Prdm2
1429252_at,0610010K14Rik///Rnasek
1429253_at,Zmym4
1429254_at,Aqp11
1429255_at,Ppp1r35
1429256_at,Meg3
1429257_at,Meg3
1429258_at,A030001D20Rik
1429259_a_at,1190007I07Rik///1810014B01Rik
1429260_at,1810014B01Rik
1429261_at,Tmem238
1429262_at,Rassf6
1429263_at,4933425D22Rik
1429264_at,Fam120aos
1429265_a_at,Rnf130
1429266_at,Lhfpl5
1429267_at,Acot11
1429268_at,2610318N02Rik
1429269_at,Prr36
1429270_a_at,Syce2
1429271_at,9130011E15Rik
1429272_a_at,Gm8221///Apol7c///Apol7a
1429273_at,Bmper
1429274_at,Lypd6b
1429276_at,Trank1
1429278_at,Nubpl
1429279_at,Wars2
1429280_at,Col22a1
1429281_at,2610008E11Rik
1429282_at,Thap1
1429283_at,Cisd2
1429284_at,Mob3b
1429285_at,Serpina9
1429286_at,Gkn3
1429287_a_at,Prl
1429288_x_at,Stx18
1429289_at,Letmd1
1429290_at,Cbx6
1429291_at,Psmd1
1429292_a_at,Slc52a3
1429293_at,Gpc2
1429294_at,Trip13
1429295_s_at,Trip13
1429296_at,Rab10
1429297_at,Serpinb12
1429298_at,Ddah1
1429299_at,Ddah1
1429300_at,Ankrd9
1429301_at,Csnk2a2
1429302_at,Csnk2a2
1429303_at,Klf17
1429304_at,Ankrd10
1429305_at,Ankrd10
1429306_at,Lzic
1429307_s_at,Lzic
1429308_at,Prdm16
1429309_at,Prdm16
1429310_at,Flrt3
1429311_at,Ube2q1
1429312_s_at,Ror1
1429313_at,Ror1
1429314_at,Syt11
1429315_at,Syt11
1429316_at,Rasgef1a
1429317_at,Qrsl1
1429318_a_at,Qk
1429319_at,Rhoh
1429320_at,Cdkn2aip
1429321_at,Rnf149
1429322_at,Exosc6
1429323_at,LOC102638538///LOC102638110///LOC102637138///LOC102632113///LOC101055754///Gm21560///Gm21103///Gm3173///Gm38418///Gm3739///Gm16434///Gm3696///Gm3685///Gm3667///Gm3194///Gm3594///Gm3558///Gm10408///Gm10413///Gm3488///Gm3476///Gm3500///Gm3460///Gm3453///Gm3424///Gm3383///Gm3269///Gm3264///Gm3252///Gm3248///Gm3239///Gm3182///Gm3159///Gm3149///Gm3127///Gm3115///Gm3095///Gm3047///Gm3043///Gm3029///Gm3005///Gm3002///Gm10340///Gm2897///Gm2888///Gm2237///Gm10406///Gm3373///Gm9602///Gm8362///Gm8279///Gm8246///Gm8159///Gm7876///Gm6676///Gm6337///Gm5797///Gm5796///Gm5795///Gm5458///4930555G01Rik///Hn1l
1429324_at,Shcbp1l
1429325_at,Poc1b
1429326_at,Cenpl
1429327_at,Nemf
1429328_at,Nsfl1c
1429329_at,Cox10
1429330_at,Gabra4
1429331_at,4632427E13Rik
1429332_at,4632427E13Rik
1429333_at,Kif2b
1429334_at,Lyg1
1429335_at,Snapc1
1429336_at,Tmem87b
1429337_at,Tmem87b
1429338_a_at,Nol9
1429339_a_at,Acad10
1429340_at,Hrasls5
1429341_at,Oaz3
1429342_s_at,Bpifa5
1429343_at,Rbmxl2
1429344_at,9130022E09
1429345_at,Tubgcp4
1429346_a_at,Cep72
1429347_at,Bcl2l14
1429348_at,Sema3c
1429349_at,Hmgb4
1429350_at,Eid3
1429351_at,Klhl24
1429352_at,Mocos
1429353_a_at,Tmbim7
1429354_at,Them5
1429355_at,Tekt5
1429356_s_at,Ggps1
1429357_at,Fam135a
1429358_at,Fam135a
1429359_s_at,Rbpms
1429360_at,Klf3
1429361_at,Pmch
1429362_a_at,Sf3b2
1429363_at,Vps37a
1429364_at,4930579G24Rik
1429365_at,Mroh4
1429366_at,Lrrc34
1429367_at,Wipi2
1429368_at,Lrig3
1429369_at,Tnpo3
1429370_a_at,Psmd11
1429371_at,Zfp788
1429372_at,Sox11
1429373_x_at,Crtc2
1429374_at,Cypt12
1429375_at,Anapc10
1429376_s_at,Anapc10
1429377_at,Khdc3
1429378_x_at,AY761184
1429379_at,Lyve1
1429380_at,Rgs12
1429381_x_at,Igha///Igh-VJ558
1429382_at,Tomm40l
1429383_at,Csnk1g3
1429384_at,Csnk1g3
1429385_at,Dcaf7
1429386_at,Dcaf7
1429387_at,Grap
1429388_at,Nanog
1429389_at,Setmar
1429390_at,Pxylp1
1429391_at,Pxylp1
1429392_at,Dcaf12
1429393_at,Dcaf12
1429394_at,A130010J15Rik
1429395_at,Gstcd
1429396_at,Atg16l2
1429397_a_at,Fam71d
1429398_at,Hoxa3
1429399_at,Rnf125
1429400_at,Clcn5
1429401_at,Stox2
1429402_at,Glt8d2
1429403_x_at,Glt8d2
1429404_at,Sapcd2
1429405_at,Sapcd2
1429406_at,Slco6c1
1429407_at,Pex11g
1429408_at,Tbc1d21
1429409_at,Nlrp14
1429410_at,Eny2
1429411_a_at,Eny2
1429412_at,Eny2
1429413_at,Cpm
1429414_at,D7Ertd443e
1429415_at,Zmynd8
1429416_at,Ttc9b
1429417_at,Chsy3
1429418_at,Cdc14b
1429419_at,Riiad1
1429420_at,4931414P19Rik
1429421_at,Accs
1429422_at,4933412E12Rik
1429423_at,4930518I15Rik
1429424_at,Cst13
1429425_at,Rnf139
1429426_at,Rnf139
1429427_s_at,Tcf7l2
1429428_at,Tcf7l2
1429429_s_at,Pcmtd1
1429430_at,Pcmtd1
1429431_at,Ikzf5
1429432_at,Prrc2c
1429433_at,Prrc2c
1429434_at,Pik3ca
1429435_x_at,Pik3ca
1429436_at,Prpf40a
1429437_at,Prpf40a
1429438_at,Bcor
1429439_at,Ercc8
1429440_at,1810041L15Rik
1429441_at,Fbxo30
1429442_at,Rpusd2
1429443_at,Cpne4
1429444_at,Rasl11a
1429445_at,Efcab3
1429446_at,Nemf
1429447_at,Evc2
1429448_s_at,Tet1
1429449_at,Samd4
1429450_at,Fam217a
1429451_at,2610301B20Rik
1429452_x_at,Pisd-ps3
1429453_a_at,Mrpl55
1429454_at,Gapvd1
1429455_at,Gapvd1
1429456_a_at,Polr3e
1429457_at,Psapl1
1429458_at,Carnmt1
1429459_at,Sema3d
1429460_at,Adgrf4
1429461_at,Ints2
1429462_at,Slc25a32
1429463_at,Prkaa2
1429464_at,Prkaa2
1429465_at,Scp2d1
1429466_s_at,Aph1b///Aph1c
1429467_s_at,Slc26a3
1429468_at,Dnajb14///1110018F16Rik
1429469_at,A930013F10Rik
1429470_at,Spdya
1429471_at,1110017D15Rik
1429472_at,4921525O09Rik
1429473_at,Zfp869
1429474_at,Ptgr2
1429475_at,Ubash3b
1429476_s_at,Dnaja2
1429477_at,Ncaph2
1429478_at,Bora
1429479_at,Magef1
1429480_at,Ddi1
1429481_at,Nck2
1429482_at,1700003H04Rik
1429483_at,Calcoco2
1429484_at,1110002L01Rik
1429485_a_at,Utp11l
1429486_at,Pfkfb2
1429487_at,Ppp1r12a
1429488_at,Zdhhc21
1429489_at,Rexo1
1429490_at,Rif1
1429491_s_at,Rif1
1429492_x_at,Ptdss2
1429493_at,Mettl4
1429494_at,Trim35
1429495_at,Tmem107
1429496_x_at,2300002M23Rik
1429497_s_at,Snx6
1429499_at,Fbxo5
1429500_at,Ppm1a
1429501_s_at,Ppm1a
1429502_at,Hspa13
1429503_at,Fam69a
1429504_at,Rnpc3///Amy1
1429505_at,Nbeal1
1429506_at,Nkd1
1429507_at,Nkd1
1429508_at,2310057M21Rik
1429509_at,Lsm12
1429510_at,2810410L24Rik
1429511_at,4933402E13Rik
1429512_at,Zpbp2
1429513_at,1700019M22Rik
1429514_at,Plpp3
1429515_at,Ubr2
1429516_at,Ubr2
1429517_at,Rbsn
1429518_at,Faim2
1429519_at,Fpgt
1429520_a_at,Acer3
1429521_at,Alkbh8
1429522_at,Ankrd42
1429523_a_at,Slc39a5
1429524_at,Myo1f
1429525_s_at,Myo1f
1429526_at,Brd8
1429527_a_at,Plscr1
1429528_at,Rae1
1429529_at,Tsen54
1429530_a_at,Smpd4
1429531_at,Smpd4
1429532_at,Morc2a
1429533_at,Immt
1429534_a_at,Immt
1429535_at,Armc8
1429536_at,Fam83g
1429537_at,Pnisr
1429538_a_at,Pnisr
1429539_at,Bcl2l13
1429540_at,Cnfn
1429541_at,Zfp777
1429542_at,1700007B14Rik
1429543_at,6230424C14Rik
1429544_at,Fam209
1429545_at,Ube2i
1429546_at,4930423K06Rik
1429547_at,4930578I06Rik
1429548_at,Tex22
1429549_at,Col27a1
1429550_at,Entpd8
1429551_at,Nupr1l
1429552_at,Cfap52
1429553_at,Cilp2
1429554_at,Sdccag3
1429555_at,Cldnd1
1429556_at,Tead1
1429557_at,Mcm8
1429558_a_at,Larp7
1429559_at,Gnaq
1429560_at,Zfp955b
1429561_at,Brf2
1429562_at,Sp110
1429563_x_at,Sp110
1429564_at,Pcgf5
1429565_s_at,Lce1m
1429566_a_at,Hipk2
1429567_at,Rassf10
1429568_x_at,Ube2f
1429569_a_at,Cep112
1429570_at,Mlkl
1429571_a_at,Spaca1
1429572_at,Nsun7
1429573_at,Dmrtc1a
1429574_at,Clic3
1429575_at,Copg1
1429576_at,Ms4a13
1429577_at,Iqcf4
1429578_at,Prss52
1429579_at,Gucy1a2
1429580_x_at,Spata24
1429581_at,Acad9
1429582_at,Nacc2
1429583_at,Pet100
1429584_at,Mynn
1429585_s_at,Mynn
1429586_at,4930558N01Rik
1429587_at,Rbm34
1429588_at,2810474O19Rik
1429589_at,Gad2
1429590_at,Tacc1
1429591_at,Tacc1
1429592_at,Lhfpl3
1429593_at,Slc38a2
1429594_at,Slc38a2
1429595_at,2700049A03Rik
1429596_at,Slc7a6os
1429597_at,Dppa4
1429598_at,Perm1
1429599_a_at,Mthfd2l
1429600_at,Mthfd2l
1429601_x_at,Mthfd2l
1429602_at,Cd164l2
1429603_at,Atat1
1429604_at,1810011H11Rik
1429605_at,Ankrd7
1429606_at,Ublcp1
1429607_at,Trak2
1429608_at,Adh6a
1429609_at,Adora3
1429610_a_at,Zfp511
1429611_at,1700034E13Rik
1429612_at,Eml4
1429613_at,Dusp28
1429614_at,Prpf18
1429615_at,Zfp91
1429616_at,Zfp91
1429617_at,Cyld
1429618_at,Cyld
1429619_a_at,Mgme1
1429620_at,Mgme1
1429621_at,Cand2
1429622_at,Cand2
1429623_at,Zfp644
1429624_at,Sltm
1429625_at,2900054C01Rik
1429626_at,Sftpa1
1429627_at,Ppil3
1429628_at,Soga3
1429629_at,Ezh1
1429630_at,Ezh1
1429631_at,Sirt6
1429632_at,Trappc4
1429633_at,Lcor
1429634_at,Zfp580
1429635_at,Ccdc89
1429636_at,Gm5941///1700010D01Rik
1429637_at,Fam198b
1429638_at,Wrnip1
1429639_at,Gpcpd1
1429640_at,1700025F22Rik
1429641_x_at,Lce3b
1429642_at,Zfand4
1429643_a_at,Pde1c
1429644_at,1700011I03Rik
1429645_at,1700017G19Rik
1429646_at,Prss46
1429647_at,Prss56
1429648_at,Slc35a3
1429649_at,Slc35a3
1429650_at,Stk40
1429651_at,Phactr3
1429652_at,Prrc1
1429653_at,Gse1
1429654_at,Dppa2
1429655_at,Nudcd1
1429656_at,Rhobtb1
1429657_at,Zfand5
1429658_a_at,Smc2
1429659_at,Smc2
1429660_s_at,Smc2
1429661_at,Rhobtb3
1429662_at,Spata1
1429663_at,Katnal2
1429664_at,Cdkl1
1429665_at,Haus6
1429666_at,Kctd16
1429667_at,Pou4f1
1429668_at,Pou4f1
1429669_at,4930488L21Rik
1429670_a_at,Cep97
1429671_at,Zbed5
1429672_at,5830407E08Rik
1429673_at,5830407E08Rik
1429674_at,1700113H08Rik
1429675_at,Smco2
1429677_at,1700056E22Rik
1429678_at,5730508B09Rik
1429679_at,Lrrc17
1429680_at,Tra2a
1429681_a_at,Tecr
1429682_at,Fam46c
1429683_at,Ttpal
1429684_at,Ttpal
1429685_at,Gabrb2
1429686_at,Polr3f
1429687_at,Cox7b2
1429688_at,Arntl2
1429689_at,Prdm10///4932433N03Rik
1429690_at,Zfp946
1429691_at,Ptprg
1429692_s_at,Gch1
1429693_at,Dab2
1429694_at,4930402H24Rik
1429695_at,Izumo1
1429696_at,Adgra1
1429697_at,Izumo2
1429698_at,Mterf1a
1429699_at,Oxsm
1429700_at,3110040M04Rik
1429701_at,Mageb16
1429702_at,2900072G11Rik
1429703_at,2900072G11Rik
1429704_at,Lrp2bp
1429705_at,Spaca4
1429706_at,Iqcf5
1429707_at,Plaa
1429708_at,Gm4943///Ndufa11
1429709_at,Pmpcb
1429710_at,Styx
1429711_at,Styx
1429712_at,Zfp965///Gm14440///Zfp967///Zfp966///Zfp971///Zfp973///Gm14288
1429713_at,Sumf2
1429714_at,Sumf2
1429715_at,Ppp2r2a
1429716_at,Zcchc4
1429717_at,Ipo11
1429718_at,Slitrk5
1429719_at,Foxp4
1429720_at,Naa35
1429721_s_at,Eqtn
1429722_at,Zbtb4
1429723_at,Spryd7
1429724_at,Prpf4
1429725_at,Zfhx3
1429726_at,Slc16a9
1429727_at,Slc16a9
1429728_at,Gin1
1429729_at,1500004A13Rik
1429730_at,1810009N02Rik
1429731_at,6530403G13Rik
1429732_at,Ppp1r1c
1429733_at,Ccdc94
1429734_at,Ddias
1429735_at,Qk
1429736_at,Qk
1429737_a_at,Crls1
1429738_at,Myt1l
1429739_a_at,Patz1
1429740_at,Ttc7
1429741_at,Kcnv1
1429742_at,Rcbtb2
1429743_at,6720468P15Rik
1429744_at,Cabs1
1429745_at,DXBay18///Gm14685///Gm5936///Gm5640///Gm5639
1429746_at,Efcab9
1429747_at,1700009N14Rik
1429748_at,Cahm
1429749_at,Sfmbt1
1429750_at,Minpp1
1429751_at,Zswim2
1429752_x_at,Clip4
1429753_at,Nxph4
1429754_a_at,4933406F09Rik
1429755_a_at,4933406F09Rik
1429756_at,4931428F04Rik
1429757_at,Spaca7
1429758_at,1700017B05Rik
1429759_at,Rps6ka6
1429760_at,Rps6ka6
1429761_at,Rtn1
1429762_a_at,Bbs5
1429763_at,Cnih4
1429764_at,Fam101b
1429765_at,Fam101b
1429766_at,2810013P06Rik
1429767_at,2810013P06Rik
1429768_at,Dtna
1429769_at,Pggt1b
1429770_at,Pggt1b
1429771_at,3110073H01Rik
1429772_at,Plxna2
1429773_at,Dnajc22
1429774_a_at,Fam175a
1429775_a_at,Gpr137b-ps///Gpr137b
1429776_a_at,Dnajb6
1429777_at,Dnajb6
1429778_at,Optn
1429779_at,Ago4
1429780_at,Ccdc39
1429781_s_at,Ccdc39
1429782_at,Grcc10
1429783_at,Pdlim5
1429784_at,Mapk1ip1l
1429785_at,5830458C19Rik
1429786_a_at,Zwint
1429787_x_at,Zwint
1429788_at,Actrt3
1429789_at,Actrt3
1429790_at,Celf6
1429791_at,A930004D18Rik
1429792_at,Btbd19
1429793_at,Fthl17a
1429794_a_at,P2rx1
1429795_at,1700001L05Rik
1429796_at,Kalrn
1429797_at,Atl3
1429798_s_at,Cmtm5
1429799_at,Zfp606
1429800_at,Zfp526///9130221H12Rik
1429801_at,Fam219a
1429802_at,Hsd17b14
1429803_at,1700021F07Rik
1429804_at,Slc22a16
1429805_at,Myo1a
1429806_at,Eral1
1429807_at,Izumo3
1429808_at,Cfap57
1429809_at,Tmtc2
1429810_at,Rictor
1429811_at,Asun
1429812_at,Aunip
1429815_at,Armc3
1429816_at,Armc3
1429817_at,Sohlh2
1429818_at,Prr23a3
1429819_at,Nmnat1
1429820_at,Sgsm1
1429821_at,Proser1
1429822_at,4633401B06Rik
1429823_at,Sgcg
1429824_at,4930550C14Rik
1429825_at,Tmem225
1429826_at,Prl7b1
1429827_at,1700010B08Rik
1429828_at,1700024P04Rik
1429829_at,9530003J23Rik
1429830_a_at,Cd59a
1429831_at,Pik3ap1
1429832_at,Gm17748///Ppih
1429833_at,Ly6g6e
1429834_a_at,Vps51
1429835_at,Pinlyp
1429836_at,Uggt2
1429837_at,1700016D18Rik
1429838_at,Spag16
1429839_a_at,Yaf2
1429840_at,Carlr
1429841_at,Megf10
1429842_at,Mdh1b
1429843_at,Grrp1
1429844_at,Upk3bl
1429845_at,Cfap157
1429846_at,9030411K21Rik
1429847_a_at,Dcaf17
1429848_at,Pvr
1429849_at,Kansl3
1429850_x_at,Alkbh4
1429851_at,Cfap206
1429852_at,Ccdc57
1429853_at,1700018C11Rik
1429854_at,2900092C05Rik
1429855_at,Ppp1r2-ps7
1429856_at,Tspan18
1429857_at,2900092D14Rik///Pou3f3
1429858_at,1700011E24Rik
1429859_a_at,Arl2bp
1429860_at,Ticrr
1429861_at,Pcdh9
1429862_at,Pla2g4e
1429863_at,Lonrf3
1429864_at,Spatc1
1429865_at,Fancd2os
1429866_at,Ahnak
1429867_at,4933424C08Rik
1429868_at,1700020N01Rik
1429869_at,Cfap57
1429870_at,Tnik
1429871_at,Hmmr
1429872_at,Prss51
1429873_at,1700125H20Rik
1429874_at,Spata17
1429875_at,1700034J05Rik
1429876_at,Supt7l
1429877_at,Lrriq3
1429878_a_at,Nupl1
1429879_at,0610037L13Rik
1429880_at,4921531C22Rik
1429881_at,Arhgap15
1429882_at,2610005L07Rik
1429883_at,Actl6a
1429884_at,Srgap2
1429885_at,4930431P19Rik
1429886_at,Ltn1
1429887_at,Nos1
1429888_a_at,Hspb2
1429889_at,Fcmr
1429890_at,A930007D18Rik
1429891_at,Capsl
1429892_at,Plac8l1
1429893_at,Il17rd
1429894_a_at,Map7
1429895_at,Mdrl
1429896_at,5830408B19Rik
1429897_a_at,D16Ertd472e
1429898_at,Ostc
1429899_at,5730414N17Rik
1429900_at,5330406M23Rik
1429901_at,Nkain2
1429902_at,5830443J22Rik
1429903_at,Dpf2
1429904_at,4930507A01Rik
1429905_at,Lhx9
1429907_at,1700094D03Rik
1429908_at,Snrnp48
1429909_at,Prr5l
1429910_at,March5
1429911_at,Mcph1
1429912_at,Sun5
1429913_at,Kcnk16
1429914_at,Epc1
1429915_at,4930426L09Rik
1429916_at,9530077C05Rik
1429917_at,9030625N01Rik
1429918_at,Arhgap20
1429919_at,Ankrd36
1429920_at,Lmntd1
1429921_at,9530068E07Rik
1429922_at,Gm13629
1429923_x_at,Spata3
1429924_at,1700019O17Rik
1429925_at,Clec12b
1429926_at,Apool
1429927_at,5830409B07Rik
1429928_at,Ctag2
1429929_at,Mei1
1429930_at,Cfap45
1429931_at,4930553P18Rik
1429932_at,4930566F21Rik
1429933_at,Agtpbp1
1429934_at,4930502E18Rik
1429935_at,Lcn12
1429936_at,Pih1d2
1429937_at,Utp23
1429938_at,Tmem178b///A930009E05Rik
1429939_at,Ppp6r3
1429940_at,Cdc73
1429941_at,Slc10a7
1429942_at,Gmeb1
1429943_at,Ctbs
1429944_at,Tchhl1
1429945_at,Klhl35
1429946_at,Ccdc141
1429947_a_at,Zbp1
1429948_x_at,Crygf
1429949_at,Fam160a2
1429950_at,Unc5cl
1429951_at,Ssbp2
1429952_at,Mospd4
1429953_at,2210011C24Rik
1429954_at,Clec4a3
1429955_at,5031434O11Rik
1429956_at,Tbata
1429957_at,Krtap26-1
1429958_x_at,Haghl
1429959_at,Il10rb
1429960_at,4930438A08Rik
1429961_at,Tsacc
1429962_at,Cebpz
1429963_at,Mapk6
1429965_at,Lonrf2
1429966_at,Abhd18
1429967_at,2600002B07Rik
1429968_at,Jkamp
1429969_at,4833403J16Rik
1429970_at,Spaca3
1429971_at,Txnrd2
1429972_s_at,Txnrd2
1429973_at,Lrrc63
1429974_at,Tbx18
1429975_at,Prss54
1429976_at,Clasp2
1429977_at,9030425L15Rik
1429978_at,Amn1
1429979_a_at,Slc38a10
1429980_x_at,Slc38a10
1429981_a_at,Rimklb
1429982_at,Rimklb
1429983_at,2010002M09Rik
1429984_at,Fra10ac1
1429985_at,Cpeb1os1
1429986_at,Gpr173
1429987_at,Cemip
1429988_at,Zfp235
1429989_at,Smim23
1429990_at,Hyal4
1429991_at,Fezf1
1429992_at,Speer4b
1429993_s_at,Gm10471///Gm7347///Gm5862///Speer4b
1429994_s_at,Cyp2c65
1429995_at,Prss44
1429996_at,6330417A16Rik
1429997_at,4832441B07Rik
1429998_at,Trim23
1429999_at,Tlk2
1430000_at,B230117O15Rik
1430001_at,Il31
1430002_at,Iqcf1
1430003_at,6330412A17Rik
1430004_s_at,Wdr20rt
1430005_a_at,Batf2
1430006_x_at,1700024B05Rik///Gm7995
1430007_a_at,Cabyr
1430008_x_at,Speer5-ps1
1430009_at,Hsfy2
1430010_at,Ncapd2
1430011_at,2610317O13Rik
1430012_at,Fendrr
1430013_at,2210008F06Rik
1430014_at,5430419D17Rik
1430015_at,Pxt1
1430016_at,4930584F24Rik
1430017_at,Lmntd2
1430018_at,Cdc42ep5
1430019_a_at,Gm10052///Gm5803///Gm5643///Hnrnpa1
1430020_x_at,Gm10052///Gm5803///Gm5643///Hnrnpa1
1430021_a_at,Sae1
1430022_at,Sae1
1430023_at,Spata24
1430024_at,Yipf6
1430025_at,Ppp3cc
1430026_at,Hspa13
1430027_at,1810028F09Rik
1430028_at,Emsy
1430029_a_at,Tspan31
1430030_at,Dubr
1430031_at,Ipmk
1430032_at,Rbm4b
1430033_at,5330431K02Rik
1430034_at,Cct4
1430035_at,Vps50
1430036_at,Mrln
1430037_at,Snx27
1430038_at,Gphn
1430039_at,Cdkal1
1430040_at,Hspa12a
1430041_at,Snrnp35
1430042_at,A930012M21Rik
1430043_at,Ttc19
1430044_at,4930415F15Rik
1430045_at,Tsnax
1430046_at,Otud3
1430047_at,Slf1
1430048_at,Zfp626
1430049_at,Hyal6
1430050_at,Ddx23
1430051_at,4930486L24Rik
1430052_at,C030048H21Rik
1430053_a_at,Ola1
1430054_at,1700030F18Rik
1430055_at,1700080G18Rik
1430056_at,Ubn2
1430057_s_at,Lrrc57
1430058_at,Slbp
1430059_at,Dcaf12
1430060_at,1700034G24Rik
1430061_at,1700105P06Rik
1430062_at,Hhipl1
1430063_at,4930571K23Rik
1430064_at,Ttll11
1430065_at,A930005N03Rik
1430066_at,Fam184a
1430067_at,5430401F13Rik
1430068_at,C030011L09Rik
1430069_at,Cnbd2
1430070_at,1500035N22Rik
1430071_at,Mpc2
1430072_at,Tex35
1430073_at,Kbtbd11
1430074_x_at,Zfp935
1430075_at,Sf3b3
1430076_at,Ccdc116
1430077_at,Srsf11
1430078_a_at,Ogg1
1430079_at,5033406O09Rik
1430080_at,Fcnb
1430081_at,Jade2
1430082_at,Wdr64
1430083_at,2610307P16Rik
1430084_at,Tlcd1
1430085_at,4933412A08Rik
1430086_at,Chrna9
1430087_at,Nkpd1
1430088_at,Zfp619
1430089_at,5830469G19Rik
1430090_at,Ccdc28b
1430091_at,1700001P01Rik
1430092_at,Serac1
1430093_at,4933406P04Rik
1430094_at,Mgat4e
1430095_at,D930020B18Rik
1430096_at,2900017F05Rik
1430098_at,6330409D20Rik
1430099_at,4930509E16Rik
1430100_at,Mrps15
1430101_at,6330406O05Rik///Gabrg3
1430102_at,Rnf148
1430103_at,9030607L20Rik
1430104_at,Rspo2
1430105_at,1700042O10Rik
1430106_at,Trp53tg5
1430107_at,Acbd7
1430108_at,9030622M22Rik
1430109_at,4833412E19Rik
1430110_at,Gje1
1430111_a_at,Bcat1
1430112_at,Wdr66
1430113_at,Sh2d6
1430114_at,Tprg
1430115_at,4833413E03Rik
1430116_at,Cyp4f41-ps
1430117_a_at,Gm38422///Zfp64
1430118_at,2700046A07Rik
1430119_at,Fndc1
1430120_at,4930519G04Rik
1430121_at,1700006E09Rik
1430122_at,9430002A10Rik
1430123_a_at,Akr1a1
1430124_x_at,Akr1a1
1430125_s_at,Pqlc1
1430126_at,2310035C23Rik
1430127_a_at,Ccnd2
1430128_a_at,Reep6
1430129_a_at,Commd8
1430130_at,Vwce
1430131_at,Cr1l
1430132_at,Krt28
1430133_at,Tbc1d8b
1430134_a_at,Yars2
1430135_at,Gm38426///Dnase2a
1430136_at,Grm3
1430137_at,1300002E11Rik
1430138_at,Cd3eap
1430139_at,Hells
1430140_at,1700017N19Rik
1430141_at,Fam13c
1430142_at,Tgm5
1430143_at,4930426D05Rik
1430144_at,Avl9
1430145_at,Lrrc28
1430146_at,4933402N03Rik
1430147_a_at,Taf1d
1430148_at,Rab19
1430149_at,Ndufa3
1430150_at,Dcp2
1430151_at,Nisch
1430152_at,Eps15
1430153_at,Tmod2
1430154_at,Vps13a
1430155_at,4933427E11Rik
1430156_at,4930520O04Rik
1430157_at,1700095J03Rik
1430158_at,3110021A11Rik
1430159_at,5830408C22Rik
1430160_at,Ankib1
1430161_at,Dlst
1430162_at,3830417A13Rik
1430163_at,Rab43
1430164_a_at,Grb10
1430165_at,Stk17b
1430166_at,1700042D18Rik
1430167_a_at,Rwdd3
1430168_at,Cstad
1430169_at,1700007K09Rik
1430170_at,Bbs10
1430171_at,Fibp
1430172_a_at,Cyp4f37///Cyp4f16
1430173_x_at,Cyp4f16
1430174_at,A930010G16Rik
1430175_at,4930588G05Rik
1430176_at,Kbtbd13
1430177_at,Ube2b
1430178_at,2810408A11Rik
1430179_at,4921507G05Rik
1430180_at,Map2k5
1430181_at,H1fnt
1430182_a_at,1700006J14Rik
1430183_at,4833414E09Rik
1430184_at,Zfp597
1430185_at,Akap13
1430186_at,Odam
1430187_at,Zfp60
1430188_at,1700037C18Rik
1430189_at,Nol4
1430190_at,Ccdc30
1430191_at,9130004J05Rik
1430192_at,Casp3
1430193_at,Casc5
1430194_at,Ptx4
1430195_at,2810043O03Rik
1430196_at,8430408J09Rik
1430197_a_at,Pitpnm2
1430198_at,3110009F21Rik
1430199_at,1700007E05Rik
1430200_at,4930579D07Rik
1430201_at,9130017K11Rik
1430202_at,1700108F19Rik
1430203_at,Usp16
1430204_at,5033425G24Rik
1430205_a_at,Cdc37l1
1430206_at,4933407L21Rik
1430207_at,Aknaos
1430208_at,Krt42
1430209_at,Tex36
1430210_at,Pgpep1l
1430211_at,4930415O20Rik
1430212_at,Zfp712
1430213_at,Rcbtb1
1430214_a_at,2610020H08Rik
1430215_at,2610020H08Rik
1430216_at,Zfp292
1430217_at,Lrguk
1430218_at,4933424M12Rik
1430219_at,Aktip
1430220_at,4833420G17Rik
1430221_at,9130008F23Rik
1430222_at,9130007G19Rik
1430223_at,4930442P07Rik
1430224_at,Wfdc3
1430225_at,Exo1
1430226_at,Xlr4c
1430227_at,Actl10
1430228_at,Dtl
1430229_at,Gpr137c
1430230_at,Rcsd1
1430231_a_at,Cep70
1430232_at,4933407E14Rik
1430233_a_at,Slc9b1
1430234_at,Arl14
1430235_at,4933424G06Rik
1430236_s_at,Gsdma2
1430237_at,Cldn22
1430238_at,Got1l1
1430239_at,5430421F17Rik
1430240_a_at,Clgn
1430241_at,Fbxl17
1430242_at,Rwdd1
1430243_at,Prox2
1430244_at,4921509J17Rik
1430246_at,4933406C10Rik
1430247_at,Daam2
1430248_at,4930415O11Rik
1430249_at,4930473A02Rik
1430250_at,Sec24c
1430251_at,D330022H12Rik
1430252_at,3110027N22Rik
1430253_at,2900006B11Rik
1430254_at,4921517D22Rik
1430255_at,Klf5
1430256_at,Fam65c
1430257_at,Card11
1430258_at,Kxd1///Uba52
1430259_at,Tnfrsf11a
1430261_at,1700024J04Rik
1430262_at,5330411J11Rik
1430263_at,Hoxd3os1
1430264_at,2610030P05Rik
1430265_at,Appbp2os
1430266_at,1700003D09Rik
1430267_at,4833422M21Rik
1430268_at,9630005C17Rik
1430269_at,Mybphl
1430270_at,4933411K05Rik
1430271_x_at,Taf1d
1430272_at,Mtg2
1430273_at,2410087M07Rik
1430274_a_at,Stard3nl
1430275_a_at,Aqr
1430276_at,1700003I16Rik
1430277_at,9430034F23Rik
1430278_a_at,Dqx1
1430279_at,3110038A09Rik
1430280_at,1810062G17Rik
1430281_at,Glipr1l1
1430282_at,Tmem242
1430283_s_at,Ppp1r42
1430284_at,1700008P02Rik
1430285_at,Gm14057
1430286_s_at,Gm14057///Ppp1r14c
1430287_s_at,Hemk1
1430288_x_at,Gm5963///Rps21
1430289_a_at,Wdr77
1430290_at,Rps15a-ps6
1430291_at,Dock5
1430292_a_at,Smim8
1430293_a_at,Gm38431///Fdx1l
1430294_at,Ssbp1
1430295_at,Gna13
1430296_at,Krtap31-1
1430297_a_at,Aplf
1430298_at,Ccdc171
1430299_at,Tsc22d4
1430300_at,Sco1
1430301_at,Stxbp5
1430302_at,Cnrip1
1430303_at,Cep83
1430304_at,Wdr76
1430305_at,2500004C02Rik
1430306_a_at,Atp6v1c2
1430307_a_at,Me1
1430309_at,Nipbl
1430310_at,Tspan11
1430311_at,Marcks
1430312_at,Wrb
1430313_at,Adamtsl1
1430314_at,Noxred1
1430315_at,1700010N08Rik
1430316_at,Ispd
1430317_at,Ube2j2
1430318_at,Sat2
1430319_at,4833411C07Rik
1430320_at,Dmd
1430321_at,Krba1
1430322_at,Arl13b
1430323_at,LOC101056186///1700049E17Rik2///1700049E17Rik1///Gm7233
1430324_x_at,LOC101056186///1700049E17Rik2///1700049E17Rik1
1430325_at,AV039307
1430326_s_at,Uqcrq
1430327_at,Adat3
1430328_at,Polr3f
1430329_at,Cgn
1430330_at,Wiz
1430332_a_at,Gusb
1430333_at,Efl1
1430334_at,Zkscan8
1430335_a_at,Pax3
1430336_at,Gucy2g
1430337_at,Dtd2
1430338_at,4122401K19Rik
1430339_at,Efcab11
1430340_at,Lca5
1430341_at,Nudt5
1430342_at,4930518J20Rik
1430343_at,Nup205
1430344_at,Zbtb25
1430345_at,5530402H23Rik
1430346_at,Fam189a1
1430347_at,4930524J08Rik
1430348_at,2900019E01Rik
1430349_at,Zdhhc11
1430350_at,2610035F20Rik
1430351_at,Spata18
1430352_at,Adamts9
1430353_at,Glis3
1430354_x_at,Scyl1
1430355_a_at,Steap3
1430356_at,2210402A03Rik
1430357_at,H3f3b
1430358_at,Becn1
1430359_a_at,Nadsyn1
1430360_at,4833412C15Rik
1430361_at,2610005M20Rik
1430362_at,5730409N24Rik
1430363_at,4933407O12Rik
1430364_at,Atf7ip2
1430365_at,Nfxl1
1430366_at,5430405H02Rik
1430367_at,Stambpl1
1430368_s_at,1700019D03Rik
1430369_at,Epb41
1430370_at,Eprs
1430371_x_at,Eif2ak3
1430372_at,D730045B01Rik
1430373_at,5430427O19Rik
1430374_at,Gm16867///Slc25a37
1430375_a_at,LOC100861978///Ccl27b///Gm2506///Gm13306///Ccl27a
1430376_at,Lrrc9
1430377_at,Ctcflos
1430378_at,2900011G08Rik
1430380_at,N6amt1
1430381_at,Ftsj1
1430382_at,4833413G10Rik
1430383_at,Ceacam20
1430384_at,Tle4
1430385_a_at,Glb1l
1430386_at,E030024N20Rik
1430387_at,1810073O08Rik
1430388_a_at,Sulf2
1430389_at,4930509H03Rik
1430390_x_at,4930444G20Rik
1430391_a_at,St8sia4
1430392_at,9530086O07Rik
1430393_at,2510017J16Rik
1430394_a_at,Abcb9
1430395_at,Ankrd45
1430396_at,5730403I07Rik
1430397_at,Got2
1430398_at,4921517O11Rik
1430399_at,Pot1b
1430400_at,Pih1d3
1430401_at,3110045C21Rik
1430402_at,Sucla2
1430403_at,Usp32
1430404_at,LOC75771
1430405_at,1700061I17Rik
1430406_at,Dennd1b
1430407_at,Rnf217///3110035C09Rik
1430408_at,Cacna1a
1430409_at,Nsf
1430410_at,1810019N24Rik
1430411_at,6330525I24Rik
1430412_at,2310068C19Rik
1430413_at,Tmem29
1430414_at,5730406G12Rik
1430415_at,Phf6
1430416_at,4931431B13Rik
1430417_s_at,Neurl4
1430418_at,Tmem57
1430419_at,2310031A07Rik
1430420_at,Alg9
1430421_a_at,Tmem205
1430422_at,1700020A23Rik
1430423_s_at,Cmss1
1430424_at,Stpg3
1430425_at,Sdk2
1430426_at,4930540M05Rik
1430427_a_at,Pcdh18
1430428_at,2310066F23Rik
1430429_at,Pgs1
1430430_at,Egfem1
1430431_at,Uvssa
1430432_at,Trim42
1430433_at,Terb2
1430434_at,Tktl2
1430435_at,Aff3
1430436_at,Tcaf1
1430437_a_at,Vps9d1
1430438_at,Bod1l
1430439_at,Mctp1
1430440_at,4930442J19Rik
1430441_at,4933438K21Rik
1430442_at,Nos1ap
1430443_at,Anxa10
1430444_at,0610006L08Rik
1430445_at,Akap13
1430446_at,2310057B04Rik
1430447_a_at,Lair1
1430448_at,6720418B01Rik
1430449_at,Kidins220
1430450_at,Atp5sl
1430451_at,4930481B07Rik
1430452_at,Cyp20a1
1430453_a_at,Bcl2l2
1430454_x_at,Bcl2l2
1430455_at,Olfr701
1430456_at,5830406C21Rik
1430457_at,Gm15674///Cd55b
1430458_at,Supt6
1430459_at,4632428C04Rik
1430460_at,Fam188a
1430461_at,1700120E14Rik
1430462_at,2310002L09Rik
1430463_a_at,Sncaip
1430464_at,9430021M05Rik
1430465_at,Raly
1430466_at,Tmem45a2
1430467_at,4921511H03Rik
1430468_at,2810449G22Rik
1430469_at,Ttll5
1430470_at,5730411F24Rik
1430471_at,9230110K08Rik
1430472_at,Gm30902///Armc1
1430473_at,9530034A14Rik
1430474_a_at,Mtch2
1430476_at,Srp54b
1430477_s_at,Proscos
1430478_at,B9d1os
1430479_at,LOC102635638
1430480_at,Nub1
1430481_at,4930545L23Rik
1430482_at,Adora3
1430483_a_at,Tmem79
1430484_at,8430428J23Rik
1430485_at,Trpc2
1430486_at,Rad51b
1430487_at,Auh
1430488_at,1700066B19Rik
1430489_at,5430416G10Rik
1430490_at,Gm26688
1430491_at,Bop1
1430492_at,Phka2
1430493_at,2310061G22Rik
1430494_at,Urgcp
1430495_at,Impa1
1430496_at,Agk
1430497_at,Rxra
1430498_at,9130009I01Rik
1430499_at,1700058M13Rik
1430500_s_at,Mtx2
1430501_at,C030047K22Rik
1430502_at,Zfr2
1430503_at,6330522J23Rik
1430504_at,Vmn2r-ps54
1430505_at,Tmem219
1430506_at,8430406P12Rik///Cdk13
1430507_at,1700027J07Rik
1430508_at,1700084F23Rik
1430509_at,Gm11567
1430510_at,Evi5l
1430511_at,Unc13c
1430512_a_at,Igbp1b
1430513_at,LOC102643082///Aldh3b2///Aldh3b3
1430514_a_at,Cd99
1430515_s_at,Aasdhppt
1430516_at,4930428B01Rik
1430517_at,Tex38
1430518_at,5430402E10Rik
1430519_a_at,Cnot7
1430520_at,Cpne8
1430521_s_at,Cpne8
1430522_a_at,Vamp5
1430523_s_at,Iglv1
1430524_at,Gm6812///1700020N15Rik
1430525_at,2310001K24Rik
1430526_a_at,Smarca2
1430527_a_at,Rnf167
1430528_at,Sdcbp
1430529_at,Csnk1a1
1430530_s_at,Nmral1
1430531_at,Bphl
1430532_at,Dym
1430533_a_at,Ctnnb1
1430534_at,Rnase6
1430535_at,Tsc22d2
1430536_a_at,Gm29770///Erh
1430537_at,Trmt12
1430538_at,2210013O21Rik
1430539_at,Mxra7
1430540_at,Coa4
1430541_at,Fbxo44
1430542_a_at,Slc25a5
1430543_at,Clip3
1430544_at,C2cd2
1430545_at,Dbf4
1430546_at,Cryzl1
1430547_s_at,Cryzl1
1430548_at,Brip1os
1430549_at,Bet1l
1430550_at,Lipm
1430551_s_at,Lipm
1430552_a_at,Sbf1
1430553_at,Vsig1
1430554_at,Lrig3
1430555_s_at,Lrig3
1430556_at,Spag9
1430557_at,4930434J08Rik
1430558_at,Zfp318
1430559_at,Nt5c3b
1430560_at,Ppp1r10
1430561_at,Dnajb14
1430562_at,Zkscan5
1430563_at,Mcm9
1430564_at,Mob1b
1430565_at,1700030J22Rik
1430566_at,4733401A01Rik
1430567_at,Spink5
1430568_at,Zc3h13
1430569_at,Ttc9c
1430570_at,Kynu
1430571_s_at,Armc6
1430572_at,Psmg3
1430573_s_at,Etohd2
1430574_at,Cdkn3
1430575_a_at,Tpp2
1430576_at,Tpp2
1430577_at,Haus2
1430578_at,Eif4g3
1430579_at,Tnik
1430580_at,Skida1
1430581_at,Bclaf1
1430582_at,Shprh
1430583_at,Nrcam
1430584_s_at,Car3
1430585_at,5930436O19Rik
1430586_at,Arl14ep
1430587_at,Nbas
1430588_at,Mro
1430589_at,Pigh
1430590_at,D3Ertd751e
1430591_at,Ddc
1430592_at,Tmem106b
1430593_at,Ccdc30
1430594_at,Rab11fip1
1430595_at,Gas2l1
1430596_s_at,Vgll3
1430597_at,Jakmip1
1430598_at,Crem
1430599_at,Myt1l
1430600_at,Cmtm5
1430601_at,Tbccd1
1430602_at,Cdk19os
1430603_at,4930579K19Rik
1430604_a_at,Dab2
1430606_at,Klrg2
1430607_at,Tbc1d30
1430608_at,4930535I16Rik
1430609_at,Morn1
1430610_at,Mrpl38
1430611_at,Zdhhc25
1430612_at,Mcemp1
1430613_at,Lurap1
1430614_at,Tldc1
1430615_at,Ttll7
1430616_at,4930528A17Rik
1430617_at,Oip5
1430618_at,2610020C07Rik
1430619_a_at,Mvk
1430620_at,Tex26
1430621_at,Mmrn1
1430622_at,4833423F13Rik
1430623_s_at,Nabp1
1430624_at,Gm15143///4921511M17Rik///Gm16445///Gm15140///Gm10057///Gm5947///Gm5646///Gm5645///Samt1
1430625_at,Krtap3-2///Krtap3-3
1430626_at,Zfp398
1430627_at,Pak2
1430628_at,A230083N12Rik
1430629_at,Slc16a14
1430630_at,Gm34221
1430631_at,Ppm1f
1430632_at,Asb1
1430633_s_at,C430045I18Rik
1430634_a_at,Pfkp
1430635_at,Mlana
1430636_at,Ppp4r1l-ps
1430637_at,2210016H18Rik
1430638_at,Ccdc30
1430639_at,Ppp1r3fos
1430640_a_at,Prkar2b
1430641_at,Gsdmc2///Gsdmc4
1430642_at,2900001G08Rik
1430643_at,Msh3
1430644_at,Wbscr25
1430645_at,Cd200r3
1430646_at,5830407P18Rik
1430647_at,Ckap5
1430648_at,Scn2b
1430649_at,Baalc
1430650_at,Zfp24
1430651_s_at,Zfp24
1430652_at,9030612E09Rik
1430653_at,A930026B05Rik
1430654_at,Nsun3
1430655_at,4631405K08Rik
1430656_a_at,Asnsd1
1430657_at,1810034E14Rik
1430658_a_at,Gsdma2
1430659_at,4930548H24Rik
1430660_at,1500004A13Rik
1430661_at,Myl6b
1430662_at,9430091E24Rik
1430663_at,9430037O13Rik
1430664_at,Zfp169
1430665_at,5730480H06Rik
1430666_at,Plb1
1430667_at,Pcdh10
1430668_a_at,Ankra2
1430669_at,Krtap4-7
1430670_at,Ccdc91
1430671_a_at,Brox
1430672_at,5033418A18Rik
1430673_a_at,Slx4ip
1430674_at,1700016C15Rik
1430675_at,2900055J20Rik
1430676_at,Col19a1
1430677_at,4930442L01Rik
1430678_at,Evx1os
1430679_at,4933404O12Rik
1430680_a_at,5830417I10Rik///Gon4l
1430681_at,Cryl1
1430682_at,Stpg1
1430683_at,Dock6
1430684_s_at,Lrp2bp
1430685_at,Fam131b
1430686_at,4833418N02Rik
1430687_at,Rsg1
1430688_s_at,Cutal
1430689_at,2810019C22Rik
1430690_at,5430411C19Rik
1430691_at,4632411P08Rik
1430692_a_at,Sel1l
1430693_at,Pnpla5
1430695_at,Tlr4
1430696_at,Eif2ak1
1430697_at,Ammecr1
1430698_a_at,Pibf1
1430699_at,Gpr165
1430700_a_at,Pla2g7
1430701_a_at,Msantd3
1430703_at,Gm11559
1430704_at,Irak3
1430705_at,Puf60
1430706_at,Pebp4
1430707_s_at,Pebp4
1430708_a_at,Usp45
1430709_at,4833405L11Rik
1430711_at,4933416E03Rik
1430712_at,Arhgap24
1430713_s_at,Ndufa13
1430714_at,Lrrc74b
1430715_at,Rnf225
1430716_at,Nav2
1430717_at,Fam83e
1430718_s_at,Dnajc24
1430719_at,4833447P13Rik
1430720_at,Ybx1
1430721_at,4931431C16Rik
1430722_at,Henmt1
1430723_at,Pdss2
1430724_at,Ephx3
1430725_at,4933432I09Rik
1430726_at,Rassf8
1430727_at,Zfp943
1430728_at,Krtap5-5
1430729_at,Myg1
1430730_at,9430024F10Rik
1430731_at,Gm11937///Gm11938///Krtap2-4
1430732_at,4921525D07Rik
1430733_at,4932441P12Rik
1430734_at,Cyb5r3
1430735_at,Patl2
1430736_at,Piezo2
1430737_at,Zfp773
1430738_at,Myoz3
1430739_at,4930471M09Rik
1430740_at,Gm11651
1430741_at,4933433G08Rik
1430742_a_at,Spata16
1430743_at,AW046200
1430744_at,Napsa
1430745_at,5930409G06Rik
1430746_at,1110050P16Rik
1430747_at,Pqlc1
1430748_at,Saysd1
1430749_at,2810040C05Rik
1430750_at,Dhfr
1430751_at,Serpina3i
1430753_at,Dnhd1
1430754_at,Ccdc150
1430755_at,4930452G13Rik
1430756_at,5430427G11Rik
1430757_at,Prune2
1430758_x_at,Bcas1
1430759_at,4930523C07Rik
1430760_a_at,Usp50
1430761_at,0610039K10Rik
1430762_at,4833427G06Rik
1430763_at,4930563E22Rik
1430764_at,1700023F06Rik
1430765_at,5730521K06Rik
1430766_at,5033403F01Rik
1430767_a_at,4930543E12Rik
1430768_at,9530018H14Rik
1430769_s_at,Fam122a
1430770_at,3110080E11Rik
1430771_a_at,Msh5
1430772_at,4932438H23Rik
1430773_a_at,Tcte2
1430774_at,A430106A12Rik
1430775_at,Wdr44
1430776_s_at,Ankrd24
1430777_a_at,Golph3
1430778_a_at,Nubp1
1430779_at,Ntng1
1430780_a_at,Pmm1
1430781_at,Ak7
1430782_at,Ncapd3
1430783_at,4932416J16Rik
1430784_a_at,Rptor
1430785_at,Sdr9c7
1430786_at,LOC102634333///1110002E22Rik
1430787_at,Atcayos
1430789_at,4930452B06Rik
1430790_at,4930485G23Rik
1430791_at,6330415B21Rik
1430793_at,Jhy
1430794_at,4933426K07Rik
1430795_at,5830407F19Rik
1430796_at,Trim14
1430797_at,Xpo4
1430798_x_at,Mrpl15
1430799_at,5830432E09Rik
1430800_at,4930518F22Rik
1430801_at,Vps13b
1430802_at,H2-Q5
1430803_at,Lin28b
1430804_at,Slc13a1
1430805_s_at,Rmi1
1430806_at,Mlip
1430807_at,Klhl22
1430808_at,Tbc1d5
1430810_at,Nhsl1
1430811_a_at,Nuf2
1430812_at,4930511A02Rik
1430813_at,Ppcdc
1430814_at,Cyp2d40
1430815_at,Cep128
1430816_at,Ubxn2b
1430817_at,Samd7
1430818_at,Tmc1
1430819_at,Naaa
1430820_a_at,Bbx
1430821_at,Lyrm7
1430822_at,Smarce1
1430823_at,2700029L08Rik
1430824_at,4933428G20Rik
1430825_at,E130102C15Rik
1430826_s_at,Gcnt2
1430827_a_at,Ptk2
1430828_at,Trmu
1430829_s_at,Fto
1430830_at,A430105J06Rik
1430831_at,Lyrm1
1430832_at,4930426I24Rik
1430833_at,Itk
1430834_at,Gprin3
1430835_at,Ccdc125
1430836_at,4933437G19Rik
1430837_a_at,Mbd1
1430838_x_at,Mbd1
1430839_at,Redrum
1430840_at,4930449C09Rik
1430841_at,3300002P13Rik
1430842_at,1500002F19Rik
1430843_at,Gadl1
1430844_at,1700018M17Rik
1430845_at,2410018L13Rik
1430846_at,1700061G19Rik
1430847_a_at,Crem
1430848_a_at,Cep57l1
1430849_a_at,Cgrrf1
1430850_x_at,Cgrrf1
1430851_at,Zfp444
1430852_at,Nme9///1600029I14Rik
1430853_a_at,Pear1
1430854_at,Alg5
1430855_at,Col20a1
1430856_at,Pex11g
1430857_s_at,Pex11g
1430858_at,4632433K11Rik
1430859_at,5330427O13Rik
1430860_at,4833422M21Rik
1430861_at,2010111I01Rik
1430862_at,2310057M21Rik
1430863_at,4933411B09Rik
1430864_at,Ttll9
1430865_s_at,Ttll9
1430866_at,Cep83
1430867_at,4933431M02Rik
1430868_at,Tmem150cos
1430869_a_at,Habp4
1430870_at,4930442P19Rik
1430871_at,Plcb4
1430872_at,4930412O13Rik
1430874_at,9430085M18Rik
1430875_a_at,Pak1ip1
1430876_at,2610312I10Rik
1430877_at,8030425K09Rik
1430878_at,2210406H18Rik
1430879_at,C030008P14Rik
1430880_at,Psd3
1430881_at,7630403G23Rik
1430882_at,Abcc5
1430883_at,4933402C05Rik
1430884_at,4930568G15Rik
1430885_at,Myadml2
1430886_at,1700112E06Rik
1430887_s_at,1700112E06Rik
1430888_at,Ccdc33
1430889_a_at,Tpmt
1430890_at,Igsf23
1430891_at,Dusp12
1430892_at,Tex37
1430893_at,Mup10
1430894_at,Ppp1r18os
1430895_at,2010109A12Rik
1430896_s_at,Nudt7
1430897_at,4931428L18Rik
1430898_s_at,4931428L18Rik
1430899_at,Muc5ac
1430900_at,4930430O22Rik
1430901_at,Slfn5os
1430902_at,Ankrd24
1430903_at,4933416O17Rik
1430904_at,Arfgap3
1430905_at,4921504E06Rik
1430906_at,2510016G02Rik
1430907_at,4930455J16Rik
1430908_at,4933429O19Rik
1430909_at,Nup210l
1430910_at,4930544L04Rik
1430911_at,Cfap43
1430912_a_at,Tectb
1430913_at,Erp27
1430914_at,5330426L24Rik
1430915_at,Fndc8
1430916_at,Fancd2
1430917_at,9130401L11Rik
1430918_at,March3
1430919_at,Fam227b
1430920_at,Trmt11
1430921_at,9130015G15Rik
1430922_at,5530401A14Rik
1430923_at,2610300M13Rik
1430924_at,4933440M02Rik
1430925_at,4930556L07Rik
1430926_at,Cfap70
1430927_at,Ceacam18
1430928_at,2900002J02Rik
1430929_at,9430082L08Rik
1430930_at,0610038B21Rik
1430931_at,Duxf3
1430932_at,Slc9a8
1430933_at,5730433K22Rik
1430934_at,Naaladl2
1430935_at,4933413G19Rik
1430936_at,Chmp7
1430937_at,A930016O22Rik
1430938_at,Gm38422///Zfp64
1430939_at,4930528D03Rik
1430940_at,3110045A19Rik
1430941_at,Bbs7
1430942_at,8430437O03Rik
1430943_at,6030498E09Rik
1430944_at,A930030B08Rik
1430945_at,Ube4bos1
1430946_at,LOC102635707///2600014E21Rik
1430947_at,4930549C15Rik
1430948_at,Slain1os
1430949_at,9130231A04Rik
1430950_at,Osr2
1430951_at,Tunar
1430952_at,3110039C02Rik
1430953_at,3200001G23Rik
1430954_at,Ppil3
1430955_at,2810403A07Rik
1430956_at,Prss23os
1430957_at,Arhgap26
1430958_at,4933430N04Rik
1430959_at,Spaca6
1430960_at,4933440J02Rik
1430961_at,Zfp292
1430962_at,Ube2s
1430963_at,Gcnt3
1430964_at,2310034O05Rik
1430965_at,9430064K01Rik
1430966_at,Nat8f3
1430967_at,3110080O07Rik
1430968_at,4930517O19Rik
1430969_at,Mtch2
1430970_a_at,Morn3
1430971_a_at,Aqr
1430972_x_at,Aqr
1430973_at,Zfp558
1430974_a_at,Senp7
1430975_at,8430416G17Rik
1430976_a_at,Mrpl9
1430977_at,Fam159b
1430978_at,Rps25
1430979_a_at,Prdx2
1430980_a_at,Eif4a1
1430981_s_at,Gpbp1
1430982_at,LOC102641923///Srsf1
1430983_at,Pdia6
1430984_at,Azin1
1430985_at,Tmem256
1430986_at,Farsb
1430987_s_at,Wbp11
1430988_at,Selt
1430989_a_at,1700020I14Rik
1430990_s_at,Mrpl44
1430991_at,1810014B01Rik
1430992_s_at,Cisd2
1430993_at,Ubap2l
1430994_at,March5
1430995_at,Tmx3
1430996_at,Etnk1
1430997_at,Cd47
1430998_at,Sqrdl
1430999_a_at,Scoc
1431000_at,Gpatch11
1431001_at,9030624J02Rik
1431002_x_at,Fahd2a
1431003_a_at,Faap20
1431004_at,Gm21451///Loxl2
1431005_at,D10Wsu102e
1431006_at,Mrpl3
1431007_at,Gm3435///9030025P20Rik
1431008_at,H2-Q6///LOC68395///H2-Q8
1431009_at,B230219D22Rik
1431010_a_at,Rdh12
1431011_at,Dlst
1431012_a_at,Eci2
1431013_at,Psmd11
1431014_at,Cecr2
1431015_at,Tmem129
1431016_at,Cwf19l1
1431017_at,Rcbtb2
1431018_at,1810013L24Rik
1431019_at,Lrrc28
1431020_a_at,Fgfr1op2
1431021_at,Cyb561d1
1431022_at,Snca
1431023_at,Ric1
1431024_a_at,Arid4b
1431025_at,Fuz
1431026_at,Naa30
1431027_at,2810455O05Rik
1431028_a_at,Pank1
1431029_at,Ttll9
1431030_a_at,Rnf14
1431031_at,Arid4b
1431032_at,Agl
1431033_x_at,Agl
1431034_at,Adgra3
1431035_at,Daam1
1431036_a_at,Gm10698///Tmed2
1431037_a_at,Elavl1
1431038_at,Rassf4
1431039_at,Otud4
1431040_at,Dtd2
1431041_at,Gtpbp8
1431042_at,Paqr8
1431043_at,Klhl40
1431044_at,Thoc1
1431045_at,Fam49a
1431046_at,Ppfia3
1431047_at,Chd6
1431048_at,Styx
1431049_at,Ica1l
1431050_at,Rps6ka5
1431051_at,4930577N17Rik
1431052_at,Arhgap12
1431053_at,Mphosph9
1431054_at,Lsm6
1431055_a_at,Snx10
1431056_a_at,Lpl
1431057_a_at,Prss23
1431058_at,Htatsf1
1431059_x_at,Htatsf1
1431060_at,Peli1
1431061_s_at,Peli1
1431062_a_at,Exoc4
1431063_at,Ganc
1431064_at,Dpp8
1431065_at,Eaf1
1431066_at,Fut11
1431067_at,Tceanc2
1431068_at,Rmnd5a
1431069_at,Sphkap
1431070_a_at,Mau2
1431071_at,Mtx3
1431072_a_at,Ccdc50
1431073_at,Ptar1
1431074_a_at,Pitpnc1
1431075_a_at,Eif4enif1
1431076_at,Add2
1431077_at,Alpi
1431078_at,Fbxo3
1431079_at,C1qtnf2
1431080_at,Galntl6
1431081_a_at,Plscr3
1431082_a_at,Rabl3
1431083_a_at,1810014B01Rik
1431084_x_at,1810014B01Rik
1431085_a_at,Pcmt1
1431086_s_at,Pcmt1
1431087_at,Spc24
1431088_at,Foxp4
1431089_at,Cpsf2
1431090_at,Ssu72
1431091_at,Pygo1
1431092_at,Ppp1r12c
1431093_at,Nphp3
1431094_at,1110006E14Rik
1431095_a_at,Herc6
1431096_at,Ints8
1431097_at,Ralgapa1
1431098_at,Clip1
1431099_at,Hoxd8
1431100_at,Rinl
1431101_a_at,Srd5a1
1431102_at,Cep350
1431103_at,1700003P14Rik
1431104_at,4930522H14Rik
1431105_a_at,Tmem33
1431106_a_at,9530053H05Rik
1431107_at,Stk35
1431108_at,2410131K14Rik
1431109_at,Prr16
1431110_at,Plxdc2
1431111_at,Eno1b///Eno1
1431112_at,Ulk3
1431113_at,Rbm4b
1431114_at,Dock4
1431115_at,Tgif2
1431116_at,Tmem200a
1431117_x_at,Tma16
1431118_at,6720427H10Rik
1431119_at,Dnajb13
1431120_a_at,Golga1
1431121_at,Amotl1
1431122_at,Armc9
1431123_s_at,Dnajc8
1431124_at,Auh
1431125_a_at,Tars2
1431126_a_at,0610011F06Rik
1431127_at,Zbtb43
1431128_at,Tmem170
1431129_at,Usp31
1431130_at,Chp2
1431131_s_at,Ccdc186
1431132_x_at,Tsr3
1431133_at,Arhgap18
1431134_at,Ing5
1431136_at,Rab36
1431137_at,Rusc1
1431138_at,Armc9
1431139_at,Cdyl2
1431140_at,Them4
1431141_at,2610507I01Rik
1431142_s_at,Aifm2
1431143_x_at,Aifm2
1431144_at,Srrd
1431145_a_at,Cuedc2
1431146_a_at,Cpne8
1431147_at,Rint1
1431148_at,1700018L02Rik
1431149_at,B430105A11Rik
1431150_at,Prr30
1431151_at,Lipo2
1431152_at,Hapln3
1431154_at,Znrf2
1431155_at,Camsap2
1431156_at,9430040K09Rik
1431157_at,Gm2762
1431159_at,Macrod2
1431160_x_at,Gm19924
1431161_at,Arhgef28
1431162_a_at,Enah
1431163_at,2700046G09Rik
1431164_at,Rragd
1431165_at,Krtap10-4
1431166_at,Chd1
1431167_at,Dgkg
1431168_at,Six3os1
1431169_at,Pgap1
1431170_at,Efna3
1431171_at,D730001G18Rik
1431172_at,Orc4
1431173_at,Fam53b
1431174_at,A930036K24Rik
1431175_at,1810019D21Rik
1431176_at,Chmp4c
1431177_a_at,Rpl10a
1431178_at,Ulbp1
1431179_at,Entpd7
1431180_at,Zfp433
1431181_a_at,Luc7l
1431182_at,Hspa8
1431183_at,1700066M21Rik
1431184_a_at,4930503B20Rik
1431185_at,4930503B20Rik
1431186_at,Dlg5
1431187_s_at,Dlg5
1431188_a_at,Tom1
1431189_a_at,Fahd2a
1431190_x_at,Fahd2a
1431191_a_at,Syt1
1431192_at,Sorbs2
1431193_at,Taf4b
1431194_at,6030468B19Rik
1431195_at,Rnf170
1431196_at,Atp2c1
1431197_at,Atl2
1431198_x_at,9430038I01Rik
1431199_at,Ggnbp1
1431200_a_at,Dph3
1431201_at,Slc25a27
1431202_at,Herc3
1431203_at,Sdccag8
1431204_at,Ccdc173
1431205_at,Slc9a8
1431206_at,Zfp266
1431207_at,Mblac2
1431208_a_at,Slc9a3r2
1431209_s_at,Gm9856
1431210_at,Agbl3
1431211_s_at,Them5
1431212_a_at,Trmt6
1431213_a_at,Gm3579
1431214_at,Gm3579
1431215_at,Dnajc6
1431216_s_at,Dnajc6
1431217_at,Lrrc27
1431218_at,Zdhhc20
1431219_at,B3gat3
1431220_at,LOC102642487
1431221_at,5830405M20Rik
1431222_at,Tiam2
1431223_at,2700054A10Rik///Tcte2
1431224_at,Ube3a
1431225_at,Sox11
1431226_a_at,Fndc4
1431227_at,4930421J07Rik
1431228_s_at,4930526I15Rik
1431229_at,Ipw
1431230_a_at,Btbd9
1431231_at,Hist1h3f
1431232_a_at,Mga
1431233_at,Cnnm4
1431234_at,Itpripl1
1431235_at,Mir1949
1431236_at,Stk32b
1431237_at,Nr2f2
1431238_at,Pqlc1
1431239_at,Nono
1431240_at,Clec2h
1431241_at,Chchd3
1431242_at,6330575P09Rik
1431243_at,Tbck
1431244_s_at,Dnmbp
1431245_at,1700063H04Rik
1431246_at,Iqce
1431247_at,1300014J16Rik
1431248_at,5031426D15Rik
1431249_at,St6galnac1
1431250_at,Gm9222///Gm5784///9030624G23Rik
1431251_at,Lrrc3
1431252_a_at,Zfp655
1431253_s_at,Tbc1d9
1431254_at,Kbtbd11
1431255_at,Calr3
1431256_at,5033423O07Rik
1431257_at,Faxc
1431258_at,Dido1
1431259_at,Zscan29
1431260_at,4833417C18Rik
1431261_at,Clic5
1431262_at,LOC102638110///LOC102632113///LOC101055754///Gm21560///LOC100861615///Gm3164///Gm3173///Gm38418///Gm3739///Gm16434///Gm3696///Gm3685///Gm3667///Gm3194///Gm3594///Gm3591///Gm3558///Gm10413///Gm3488///Gm3476///Gm10409///Gm3383///Gm3269///Gm3264///Gm3252///Gm3239///Gm3636///Gm3159///Gm3115///Gm3099///Gm3095///Gm3020///Gm3002///Gm10340///Gm2897///Gm2888///Gm10406///Gm16525///Gm3373///Gm9602///Gm3317///Gm6676///Gm6356///Gm6337///2610042L04Rik///Gm5796///Gm16440///D830030K20Rik///4930555G01Rik
1431263_at,Prkag2
1431264_at,AV039307
1431265_at,Zfp28
1431266_at,Gpatch2
1431267_at,Slc6a19os
1431268_at,Gm9802
1431269_at,Prdx4
1431270_a_at,Aste1
1431271_at,2810428J06Rik
1431272_at,5430405H02Rik
1431273_at,2810417H13Rik
1431274_a_at,Hspa9
1431275_at,Chaf1b
1431276_at,9130019P16Rik
1431277_at,Pla2g6
1431278_s_at,Pla2g6
1431279_s_at,Ttll5
1431280_at,Tmem263
1431281_at,Ppp1r27
1431282_at,Med24
1431283_at,4930542N06Rik
1431284_a_at,Spns1
1431285_at,Mgrn1
1431286_at,5830416I19Rik
1431287_at,Pcm1
1431288_at,Car10
1431289_at,Tspan32
1431290_at,4930588J15Rik
1431291_at,Cdc16
1431292_a_at,Twf2
1431293_a_at,Cldnd1
1431294_at,Gm21847///Gm30613///Speer4cos///Speer8-ps1
1431295_a_at,Stx18
1431296_at,Gpr15
1431297_a_at,Crnde
1431298_at,Rhno1
1431299_a_at,Ppp1r18
1431300_at,Sgip1
1431301_at,Prr15
1431302_a_at,Nudt7
1431303_at,Stk38
1431304_a_at,Tmem183a
1431305_at,Mcoln1
1431306_at,Nt5c3
1431307_at,Fam184a
1431308_at,Ankrd33b
1431309_at,Ttll10
1431310_s_at,Ttll10
1431311_at,Sos1
1431312_at,Fbxl12os
1431313_at,Arhgap27
1431314_a_at,5830417I10Rik///Gon4l
1431315_at,Hyls1
1431316_at,Itch
1431317_at,2410018L13Rik
1431318_at,4833420G17Rik
1431319_at,Ulk4
1431320_a_at,Myo5a
1431321_at,P2rx3
1431322_at,Igsf3
1431323_at,Lztfl1
1431324_at,Ecm2
1431325_at,Nat8f3
1431326_a_at,Tmod2
1431327_at,Vps13a
1431328_at,Ppp1cb
1431329_at,Nphp4
1431330_at,3110002H16Rik
1431331_at,Mgll
1431332_a_at,Terf1
1431333_at,Gm11335
1431334_a_at,Gskip
1431335_a_at,Wfdc1
1431336_at,Scara5
1431337_a_at,Fam45a
1431338_at,Caskin1
1431339_a_at,Efhd2
1431340_a_at,Bbip1
1431342_at,Gm15622
1431343_at,Gm10044
1431344_at,Gm28111///Grm2
1431345_a_at,Taf1b
1431346_at,6330405D24Rik
1431347_at,5730407M17Rik
1431348_at,Ppifos
1431349_at,Hnrnpab
1431350_at,C130036L24Rik
1431351_at,Pvt1
1431352_s_at,Pvt1
1431353_at,Pabpc4l
1431354_a_at,Fars2
1431355_s_at,Trpm7
1431356_at,6430710C18Rik
1431357_a_at,Rpgrip1
1431358_at,Parpbp
1431359_a_at,Card19
1431360_s_at,Dmrtc1a
1431361_at,Prcp
1431362_a_at,Smoc2
1431363_at,Slc9b1
1431364_a_at,Gm3912
1431365_at,Rnf32
1431366_at,4930519G04Rik
1431367_at,March1
1431368_at,4930404N11Rik
1431369_at,Asap2
1431370_at,4930512B01Rik
1431372_at,Srpk2
1431373_at,Pop5
1431374_at,6330407A03Rik
1431375_s_at,Parva
1431376_at,Wdr62
1431377_at,Atxn10
1431378_at,Nr3c1
1431379_a_at,Slc13a1
1431380_at,5730409L17Rik
1431381_at,3110005L24Rik
1431382_a_at,Clip4
1431383_at,1110028F11Rik
1431384_at,Spem1
1431385_a_at,Mbtps1
1431386_s_at,Mbtps1
1431387_at,LOC100036528
1431388_at,Mphosph10
1431389_at,Tbkbp1
1431390_a_at,Polr2m
1431391_at,Ralgps1
1431392_at,Hoxa3
1431393_at,4930447C04Rik
1431394_a_at,Lrrk2
1431395_a_at,Iqgap1
1431396_at,Iqgap1
1431397_at,3110099E03Rik
1431399_at,Adamts9
1431400_a_at,Gas7
1431401_at,4930539J05Rik
1431402_at,Kirrel3
1431403_a_at,Map7d2
1431404_at,Tmem56
1431405_a_at,Cspp1
1431406_at,Etnppl
1431407_at,2310024H09Rik
1431408_at,4930412B13Rik
1431409_at,C030015A19Rik
1431410_at,D16Ertd472e
1431411_a_at,Elp5
1431412_at,2810455B08Rik
1431413_at,Ramp1
1431414_at,1700003G18Rik
1431415_a_at,Tbpl1
1431416_a_at,Jam2
1431417_at,Jam2
1431418_at,C030026M15Rik
1431419_at,Prelid1
1431420_s_at,Prelid1
1431421_x_at,Prelid1
1431422_a_at,Dusp14
1431423_a_at,Med8
1431424_at,Mir99ahg
1431425_a_at,Rprd2
1431426_at,Rprd2
1431427_at,5430427M07Rik
1431428_a_at,Nosip
1431429_a_at,Arl4a
1431430_s_at,Trim59
1431431_a_at,Nfs1
1431432_at,Cfl2
1431433_at,Sbf2
1431434_at,Stk39
1431435_at,Gm26752
1431436_a_at,Katnal2
1431437_at,Foxp4
1431438_at,Sh2b1
1431439_at,5830487J09Rik
1431440_at,Pole2
1431441_at,Ccdc182
1431442_at,LOC100049077
1431443_at,1810008B01Rik
1431444_at,Spint4
1431445_at,Fam47c
1431446_at,Plekhd1os
1431447_at,Prr27
1431448_at,4930474N09Rik
1431449_at,Slco6d1
1431450_at,4930444P10Rik
1431451_at,Glt6d1
1431452_at,Ndst4
1431453_at,4933406K04Rik
1431454_at,4930523O13Rik
1431455_at,Tmem30c
1431456_at,4931439C15Rik
1431457_at,7420700N18Rik
1431458_at,Alkbh3os1
1431459_at,9430013L14Rik
1431460_at,4930519D14Rik
1431461_at,4933417E11Rik
1431462_at,Ppp1r12b
1431463_at,Ccdc30
1431464_a_at,Pmm2
1431465_s_at,Fyttd1
1431466_at,Tomm20l
1431467_at,4931402G19Rik
1431468_at,Crisp4
1431469_a_at,Cxxc5
1431470_a_at,4933414I15Rik
1431471_at,4833428M15Rik
1431472_at,Ift88os
1431473_at,5330423I11Rik
1431474_at,Sdc2
1431475_a_at,Hoxa10
1431476_at,4933407I05Rik
1431477_at,4921515L22Rik
1431478_at,3110035G12Rik
1431479_at,4921524L21Rik
1431480_at,4833419E13Rik
1431481_at,4930443O20Rik
1431482_at,2900012M01Rik
1431483_at,4930544M13Rik
1431484_at,Prrg1
1431485_at,4833447I15Rik
1431486_at,4930503E24Rik
1431487_at,Gm10817
1431488_at,4833428L15Rik
1431489_at,4933432K03Rik
1431490_at,A930033C23Rik
1431491_at,9430087N24Rik
1431492_at,Lipn
1431493_at,9530046B11Rik
1431494_at,A930008B05Rik
1431495_at,6030440G07Rik
1431496_at,B230104F01Rik
1431497_at,C330022C24Rik
1431498_at,9530097N15Rik
1431499_at,4933436F18Rik
1431500_at,4933406J10Rik
1431501_at,1700037C18Rik
1431502_a_at,Exosc3
1431503_at,4930513O06Rik
1431504_at,2310061N02Rik
1431505_at,Gm17748///Ppih
1431506_s_at,Gm17748///Ppih
1431507_a_at,Synj2bp
1431508_at,4930423M02Rik
1431509_at,4933404G15Rik
1431510_s_at,Cmc1
1431511_at,9230110F15Rik
1431512_at,4933437F24Rik
1431513_at,Poteg
1431514_at,5730453C05Rik
1431515_at,4932414N04Rik
1431516_at,4930565N06Rik
1431517_at,4933417C20Rik
1431518_at,Ptchd3
1431519_at,4933406L23Rik
1431520_at,4933406J09Rik
1431521_at,Ms4a18
1431522_at,A930001A20Rik
1431523_at,Rbm46os
1431524_at,4933427I22Rik
1431525_at,9130002K18Rik
1431526_at,1700010B13Rik
1431527_at,Cd164
1431528_at,5830427D02Rik
1431529_at,A930002H02Rik
1431530_a_at,Tspan5
1431531_at,Tex13a
1431532_at,4931400O07Rik
1431533_at,Ccdc183
1431535_at,Plb1
1431536_at,4933432K03Rik
1431537_at,Mfsd4b2
1431538_at,4931415C17Rik
1431539_at,Caps2
1431540_at,4930511E03Rik
1431541_at,Gm9757
1431542_at,Psen2
1431543_at,9130001E16Rik
1431544_at,4930524B17Rik
1431545_at,4921532D01Rik
1431546_at,4930509K18Rik
1431547_at,4930435F18Rik
1431548_at,4933424G05Rik
1431550_at,4930488B22Rik
1431551_at,2610028D06Rik
1431552_at,1810006J02Rik
1431553_at,Gm15270
1431554_a_at,Anxa9
1431555_at,4933409F18Rik
1431556_at,4930435M08Rik
1431557_at,4930488N15Rik
1431558_at,2310016D03Rik
1431559_at,6430710C18Rik
1431561_a_at,Dhx34
1431562_at,4921513I03Rik
1431563_at,2010003K10Rik
1431564_at,Bcar3
1431565_at,4930511J24Rik
1431566_at,9030622O22Rik
1431567_at,1700018A04Rik
1431568_at,4933427E13Rik
1431569_a_at,Lypd1
1431570_at,4930588G17Rik
1431571_at,4933437I04Rik
1431572_at,2310015K22Rik
1431573_at,Satl1
1431574_at,4930465M20Rik
1431575_at,Clec4g
1431576_at,4933404K08Rik
1431577_at,5430437J10Rik
1431578_at,Wbp2nl
1431579_at,4933421D24Rik
1431580_at,4833421K07Rik
1431581_at,4922502B01Rik
1431582_at,Eif6
1431583_at,Tbc1d22bos
1431584_at,1110028F18Rik
1431585_at,1700034P13Rik
1431586_at,Catsperd
1431587_at,Ccdc7a
1431589_at,Hydin
1431590_at,Srrm3os
1431591_s_at,Isg15///Gm9706
1431592_a_at,Sh3kbp1
1431593_a_at,Tsen34
1431594_at,Dpp3
1431595_at,2900064B16Rik
1431597_a_at,Nrip3
1431598_a_at,Lhx9
1431599_at,2310069B03Rik
1431600_at,4930564C03Rik
1431601_at,Rsph14
1431602_a_at,Uggt2
1431603_at,4931407E12Rik
1431604_a_at,Ccdc97
1431605_at,Rb1cc1
1431606_a_at,Angel2
1431607_at,Lypla1
1431608_at,Als2
1431609_a_at,Acp5
1431610_at,5330439A09Rik
1431611_a_at,Cadm1
1431612_at,1700007J10Rik
1431613_a_at,Kcnk10
1431614_at,2810049E08Rik
1431615_at,4930558J22Rik
1431616_at,Catsperg2
1431617_at,4933405E24Rik
1431618_a_at,Pibf1
1431619_a_at,Dtnbp1
1431620_at,LOC100125594
1431621_at,4930420G21Rik
1431622_at,4933406K04Rik
1431623_at,1700023H06Rik
1431624_a_at,Rnf219
1431625_at,Pde1a
1431626_at,4933429K18Rik
1431627_at,Gm26555///Kif27
1431629_at,Arhgef38
1431630_a_at,Klf3
1431631_at,2900057B20Rik
1431632_at,4930526L06Rik
1431633_x_at,4930526L06Rik
1431634_at,4930455C13Rik
1431635_at,4930412F09Rik
1431636_at,4930558K02Rik
1431638_at,4930592A05Rik
1431639_at,Cldn34d
1431640_at,4933431J24Rik
1431641_at,9330161L09Rik
1431642_at,Eif2s3y
1431643_at,Speer6-ps1
1431644_a_at,Ica1
1431645_a_at,Gdi2
1431646_a_at,Stx6
1431647_a_at,Ceacam13
1431648_at,Meiob
1431649_at,Lrrc72
1431650_at,Krtap4-6
1431651_at,Ccdc151
1431652_at,Umps
1431653_at,Tcrb-J
1431654_at,Usp46os2
1431655_a_at,Agk
1431656_at,C630050I24Rik
1431657_at,9230112D13Rik
1431658_at,Hist1h4m///Hist1h4b///Hist1h4a///Hist4h4///Hist1h4n///Hist1h4k///Hist1h4j///Hist1h4i///Hist1h4f///Hist1h4d///Hist1h4c///Hist2h4///Hist1h4h
1431659_at,Tmem86b
1431660_at,4930564D02Rik
1431661_at,4930562A09Rik
1431662_at,4930555F03Rik
1431663_a_at,Cntfr
1431664_at,Luc7l
1431665_a_at,Timm8b
1431666_at,Efcab11
1431667_s_at,Efcab11
1431668_at,Capzb
1431669_at,4930583I09Rik
1431670_at,Ndufc2
1431671_at,4930447A16Rik
1431672_at,9430069I07Rik
1431673_at,4930557A04Rik
1431674_at,2610303G11Rik
1431675_a_at,Gtf2i
1431676_x_at,Gtf2i
1431678_at,Atxn7l1os2
1431679_at,2510042H12Rik
1431680_a_at,Ptprk
1431681_at,Klk9
1431682_at,4930594C11Rik
1431683_at,4930473H19Rik
1431684_at,Clvs1
1431685_at,4930549O18Rik
1431686_a_at,Gmfb
1431687_at,Gmfb
1431688_at,LOC73899
1431689_at,5830400J07Rik
1431690_at,Kcnh3
1431691_a_at,Rab31
1431692_a_at,Cblc
1431693_a_at,Il17b
1431694_a_at,Ctnnbip1
1431695_at,Rph3al
1431696_at,Gm16491
1431697_at,Synj2
1431698_at,Ubash3a
1431699_at,Fut4-ps1
1431700_at,Grin2b
1431701_a_at,Pdzk1
1431703_at,2900027M19Rik
1431704_a_at,Ralgps2
1431705_a_at,Mcoln2
1431706_at,Ipo5
1431707_a_at,Cyth3
1431708_a_at,Tia1
1431709_at,Mtl5
1431710_at,Cmtm1
1431711_a_at,Kazn
1431712_a_at,2310022A10Rik
1431713_at,Sufu
1431714_at,2310015D24Rik
1431715_a_at,Lig3
1431716_at,Herc4
1431717_at,Akap5
1431718_at,Kif15
1431719_a_at,Srgap1
1431720_at,2810404F17Rik
1431721_a_at,Proz
1431722_a_at,Afmid
1431723_at,1600022D10Rik
1431724_a_at,P2ry12
1431725_at,Fmn2
1431726_a_at,Tmem80
1431727_at,Smgc
1431728_at,Chmp4c
1431729_at,Spata17
1431730_at,Ttc6
1431731_at,Bnip2
1431732_at,Spag16
1431733_at,Alpk1
1431734_a_at,Dnajb4
1431735_at,4930469G21Rik
1431736_at,4933405D12Rik
1431737_at,Gm7008
1431738_at,4921531P14Rik
1431739_at,Mto1
1431740_at,Slc7a13
1431741_a_at,Pdzd9
1431742_at,1810053B23Rik
1431743_a_at,Slc4a1
1431744_a_at,Smap1
1431745_a_at,Zc3h14
1431746_a_at,Uba3
1431747_at,Zw10
1431748_a_at,Rffl
1431749_a_at,Rasgrp1
1431750_at,Ush2a
1431751_a_at,Mpped2
1431752_a_at,Urm1
1431753_x_at,Urm1
1431754_at,Ccdc173
1431755_a_at,Cwc25
1431757_s_at,5033417F24Rik
1431758_at,BC051628
1431759_at,Gm15583///4930529C04Rik///Zbed4
1431760_a_at,Sdccag3
1431761_at,Gm16867///Entpd4
1431762_at,Htra3
1431763_a_at,Ctrl
1431764_at,2310067P03Rik
1431765_a_at,Gm8842///Gm8841///Gm10420///Gm6139///Rps2
1431766_x_at,Rps2
1431767_at,4930442G15Rik
1431768_a_at,Prmt3
1431769_at,2210406O10Rik
1431770_at,Cherp
1431771_a_at,Irak1bp1
1431772_a_at,Itsn2
1431773_at,Cbx1
1431774_a_at,Lyrm1
1431775_at,3100002H09Rik
1431776_at,Tob2
1431777_a_at,Hmgn3
1431778_at,Cars2
1431780_at,Cdhr4
1431781_at,Ypel1
1431782_s_at,Ypel1
1431783_at,1700010L04Rik
1431784_a_at,Rpf1
1431785_at,Rnaset2a
1431786_s_at,Urah
1431787_at,3300002A11Rik
1431788_at,Fabp12
1431789_s_at,Tmed5
1431790_at,4932412D23Rik
1431791_a_at,Ptpn13
1431792_a_at,Stk11ip
1431793_at,3732407C23Rik
1431794_at,4932434E15Rik
1431795_a_at,Sema3b
1431796_at,2810430I11Rik
1431797_at,4921518K17Rik
1431798_a_at,Syde1
1431799_at,Mllt4
1431800_at,Vwa8
1431801_at,Dscam
1431802_a_at,Ept1
1431803_at,Cyp2d13
1431804_a_at,Sp3
1431805_a_at,Rhpn2
1431806_at,4931408D14Rik
1431807_at,LOC101055802///Gm9754
1431808_a_at,Itih4
1431809_at,Fam90a1b
1431810_a_at,Tmco4
1431811_a_at,Fbxo34
1431812_a_at,Slc6a9
1431813_at,Myo18b
1431814_at,4932443L11Rik
1431815_a_at,Mms19
1431816_at,Tex9
1431817_at,Adh6-ps1
1431818_at,Rab10os
1431820_at,4632404H12Rik
1431821_a_at,Eps8l1
1431822_a_at,Azi2
1431823_at,Itpk1
1431824_at,Cdh13
1431825_at,Srpk3
1431826_a_at,Brsk2
1431827_a_at,Tlk2
1431828_a_at,Synj2
1431829_a_at,Rgl3
1431830_at,Zfp329
1431831_at,Slx4ip
1431832_x_at,Exosc10
1431833_a_at,Hmgcs2
1431834_a_at,Emilin1
1431835_at,Tcerg1l
1431836_x_at,Mamstr
1431837_at,1200007C13Rik
1431838_at,1700128E19Rik
1431839_a_at,Ccdc81
1431840_at,Dennd1c
1431841_at,Wdr95
1431842_at,4930422C21Rik
1431843_a_at,Nfkbie
1431844_at,Kcnmb2
1431845_at,Gm4640
1431846_at,4930546C10Rik
1431847_at,5330439K02Rik
1431848_at,Angptl2
1431849_at,Fam227a
1431850_at,3200001D21Rik
1431851_at,Prame
1431852_at,A730035I17Rik
1431853_at,4933413C19Rik
1431854_a_at,4930452B06Rik
1431855_at,4930570E03Rik
1431856_a_at,C1qtnf6
1431857_at,Phf19
1431858_at,4930480K15Rik
1431859_at,4930414F18Rik
1431860_at,BC026513
1431861_a_at,Odf2l
1431862_x_at,Odf2l
1431863_at,4931430N09Rik
1431864_at,Fbxo24
1431865_a_at,Zfp819
1431866_at,4930425K24Rik
1431867_a_at,Pdilt
1431868_at,Gm33301
1431869_at,5730419F03Rik
1431870_at,4930463O16Rik
1431871_at,Nme8
1431872_at,4930449A18Rik
1431873_a_at,Tube1
1431874_at,4931429L15Rik
1431875_a_at,E2f1
1431876_at,4931429P17Rik
1431877_a_at,Grhl2
1431878_at,Grhl2
1431879_at,9030417H13Rik
1431880_at,3100003M19Rik
1431881_at,2410024F20Rik
1431882_at,Als2cr12
1431883_at,Tac1
1431884_at,1110019B22Rik
1431885_a_at,Mus81
1431886_at,Ern1
1431887_at,Gm21379///Rbm31y
1431888_s_at,Psg21
1431889_x_at,Psg21
1431890_a_at,Mllt3
1431891_at,Zswim5
1431892_a_at,Plcd3
1431893_a_at,Pdss1
1431894_at,Itprip
1431895_at,4933434M16Rik
1431896_at,4930447C04Rik
1431897_at,Chst9
1431898_at,Adad2
1431899_at,Nkx6-3
1431900_a_at,Foxa3
1431901_a_at,C4bp-ps1
1431902_at,Ttc23l
1431903_at,4930524C18Rik
1431904_at,4933427G17Rik
1431905_s_at,4933427G17Rik
1431906_at,2700068H02Rik
1431907_at,Erich2
1431908_at,4933408J17Rik
1431909_at,Zc3hav1
1431910_at,5730460C07Rik
1431911_at,4931423N10Rik
1431912_at,2700089I24Rik
1431913_a_at,Pde3a
1431914_at,Pde3a
1431915_at,4930442E04Rik
1431916_at,Hsd3b3
1431917_at,Pigq
1431918_at,1700036A12Rik
1431919_at,Rttn
1431920_a_at,Il34
1431921_a_at,Stag1
1431922_at,Isx
1431923_at,Aifm3
1431924_at,4930432N10Rik
1431925_at,4933433H22Rik
1431926_a_at,Fam134c
1431927_at,5033417F24Rik
1431928_at,LOC102641264///Ttn
1431929_a_at,Stx17
1431930_x_at,Crls1
1431931_a_at,Rabl2
1431932_s_at,Trim44
1431933_a_at,Dcp1a
1431934_at,4930505O20Rik
1431935_at,Lias
1431936_a_at,Neu2
1431937_at,Kif24
1431938_a_at,Pmm2
1431939_a_at,Mina
1431940_at,LOC74457
1431941_at,Gm13856
1431942_at,Wwox
1431943_at,2210011K15Rik
1431944_at,4930484H19Rik
1431945_at,Arl13a
1431946_a_at,Necab3
1431947_at,Ldlr
1431948_a_at,Pank2
1431949_at,4930544F09Rik
1431950_at,4930528G23Rik
1431951_a_at,Usp16
1431952_at,4930532I03Rik
1431953_at,Atp8a2
1431954_x_at,4930431C11Rik
1431955_at,4930453H23Rik
1431956_at,5830453K13Rik
1431957_at,Lrriq3
1431958_at,Spag16
1431959_x_at,Psg21///Psg23
1431960_at,Wwox
1431961_at,Dock8
1431962_a_at,Stambp
1431963_at,4930556A20Rik
1431964_at,Nckap5los
1431965_at,4933411E08Rik
1431966_at,Agbl3
1431967_at,1700006A11Rik
1431968_at,Spata16
1431969_at,4930402D18Rik
1431970_at,Dcstamp
1431971_at,Gata5os
1431972_a_at,Ccser2
1431973_at,Sept6
1431974_at,Slc25a54
1431975_at,4930521O11Rik
1431976_at,4930526F13Rik
1431977_at,4933402J15Rik
1431978_at,8430437L04Rik
1431979_at,4930444M15Rik
1431980_a_at,As3mt
1431981_at,Hif1a
1431982_at,Arhgap19
1431983_at,Myo3a
1431984_at,1700007F19Rik
1431985_at,Zfp846
1431986_at,4933421A08Rik
1431987_at,4930510E17Rik
1431988_at,1700112E06Rik
1431989_at,Aoah
1431990_at,4930429D17Rik
1431991_at,2410004P03Rik
1431992_at,Pitpnm2os1
1431993_a_at,Rnf38
1431994_at,4930432B10Rik
1431995_at,Antxr1
1431996_at,Gm4022
1431997_at,3000002C10Rik
1431998_at,4930432L08Rik
1431999_at,Polr3f
1432000_a_at,Dedd
1432001_at,Mss51
1432002_at,2810471M01Rik
1432003_a_at,Rnf41
1432004_a_at,Dnm2
1432005_at,Dnm2
1432006_at,Ap2a2
1432007_s_at,Ap2a2
1432008_at,Tmem86b
1432009_at,Sox5os1
1432010_at,4933408N05Rik
1432011_at,2900052L18Rik
1432012_a_at,Nsun6
1432013_a_at,Mtfr2
1432014_at,6530409C15Rik
1432015_a_at,Kbtbd12
1432016_a_at,Idh3a
1432017_at,Hip1
1432018_at,Ascl2
1432019_at,Trub1
1432020_at,6330411D24Rik
1432021_at,Cpne3
1432022_at,Arhgap31
1432023_a_at,Slc17a9
1432024_at,Ttc28
1432025_at,4933430A20Rik
1432026_a_at,Herc6
1432027_a_at,LOC102641289///Tbc1d14
1432028_at,Rab11fip2
1432029_a_at,Smap1
1432030_at,4930434J06Rik
1432031_at,4930563E18Rik
1432032_a_at,Artn
1432033_at,Ntng2
1432034_at,Neurog3
1432035_at,4933427J07Rik
1432036_at,4933436H12Rik
1432037_at,Ppp1r9a
1432038_at,4930509J09Rik
1432039_a_at,Lrp2bp
1432040_at,4933417O13Rik
1432041_at,4930519A11Rik
1432042_a_at,Smu1
1432043_at,Smu1
1432044_a_at,4921504E06Rik
1432045_at,Tssk5
1432046_at,4930404K06Rik
1432047_at,Prex2
1432048_at,6330565B04Rik
1432049_at,4930422I22Rik
1432050_at,4930571B16Rik
1432051_at,Ccdc7a
1432052_at,Exosc1
1432053_at,Rfx4
1432054_at,Golga1
1432055_at,Sash1
1432056_at,Cpvl
1432057_a_at,Prdm5
1432058_at,4930474H20Rik
1432059_x_at,5031425E22Rik
1432060_at,Iqca
1432061_at,LOC102633650///4933406B17Rik
1432062_at,Mdga1
1432063_at,4833427F10Rik
1432064_at,Ubox5
1432065_at,3100003L13Rik
1432066_at,Dnaja3
1432067_at,4930473O22Rik
1432068_a_at,Entpd7
1432069_at,1700023G09Rik
1432070_at,4921511C10Rik
1432071_at,6330437I11Rik
1432072_at,Kif2a
1432073_at,Ptges3l
1432074_at,4930517E11Rik
1432075_a_at,Tekt1
1432076_at,4933430H16Rik
1432077_at,Pot1a
1432078_at,4930453L07Rik
1432079_at,4933436N17Rik
1432080_s_at,Kat8
1432081_at,Cyp1b1
1432082_at,4933436I20Rik
1432083_a_at,Lrrc23
1432084_at,4921515G04Rik
1432085_at,4930425O10Rik
1432086_a_at,Ribc2
1432087_at,4933406G16Rik
1432088_at,Veph1
1432089_at,4930550C17Rik
1432090_at,Ccdc83
1432091_a_at,Sgsm3
1432092_a_at,Gulp1
1432093_at,2310005A03Rik
1432094_a_at,Vps50
1432095_at,4921534H16Rik
1432096_at,Snrpn
1432097_a_at,Dclre1a
1432098_a_at,Olfr701
1432099_a_at,Prodh2
1432100_a_at,4930478P22Rik
1432101_a_at,Tssk4
1432102_at,Rims2
1432103_a_at,Sh3gl3
1432104_a_at,Allc
1432105_at,Sirt5
1432106_at,6530403M18Rik
1432107_at,Smco1
1432108_at,Pcgf6
1432109_at,4930578I07Rik
1432110_at,4930402F06Rik
1432111_at,4930542D17Rik
1432112_at,4930589L23Rik
1432113_at,Ccdc18
1432114_at,1110035E04Rik
1432115_a_at,Pign
1432116_at,1700031F05Rik
1432117_at,4933422A05Rik
1432118_at,2410012E07Rik
1432119_at,Muc4
1432120_at,Rmdn2
1432121_a_at,Lrriq3
1432122_at,Lrriq3
1432123_at,4930455H04Rik
1432124_at,4921511I17Rik
1432125_at,Ap3m2
1432126_at,1700072H12Rik
1432127_at,4933401L05Rik
1432128_at,Mroh2b
1432129_a_at,Prrx1
1432130_a_at,Ttc14
1432131_at,4930404N11Rik
1432132_at,4933401D09Rik
1432133_at,Ryr3
1432134_at,Mettl4-ps1
1432135_s_at,Mettl4-ps1///Spdya
1432136_s_at,Zdhhc4
1432137_at,4933434P08Rik
1432138_at,1700080N15Rik
1432139_at,Srpk3
1432140_at,Gsdma2
1432141_x_at,Gsdma2
1432142_at,Slc35f4
1432143_a_at,Hbp1
1432144_a_at,Rchy1
1432145_at,2310026I22Rik
1432146_at,Catsper3
1432147_at,4930447F24Rik
1432148_at,4930533K18Rik
1432149_at,Dph1
1432150_at,Tmem59
1432151_at,Ola1
1432152_at,Draxin
1432153_at,4933426B08Rik
1432154_at,4933407I08Rik
1432155_at,Wasl
1432156_a_at,Rnf32
1432157_at,4930515G13Rik
1432158_a_at,Trappc2
1432159_a_at,Tex13
1432160_at,Git2
1432161_a_at,Ptar1
1432162_s_at,Ptar1
1432163_at,4930567K12Rik
1432164_a_at,Gcsh
1432165_at,8430422H06Rik
1432166_at,E130018N17Rik
1432168_at,D730045A05Rik
1432169_at,4930523O13Rik
1432170_at,Tsfm
1432171_at,4933409F18Rik
1432172_at,4930533K18Rik
1432173_at,Serpinb12
1432174_a_at,Slc9b1
1432175_at,5430434I15Rik
1432176_a_at,Eng
1432177_a_at,Mnat1
1432178_at,4933431I19Rik
1432179_x_at,Ska1
1432180_at,Lipe
1432181_s_at,Sco2
1432182_at,4922502B01Rik
1432183_at,Tmem116
1432184_a_at,Inf2
1432185_a_at,Spdye4a
1432186_at,1700028J19Rik
1432187_at,Nup43
1432188_s_at,Nup43
1432189_a_at,Sox5
1432190_at,Sox5
1432192_at,4930483K19Rik
1432193_at,4930412L05Rik
1432194_at,9530020I12Rik
1432195_s_at,Ccnl2
1432196_a_at,Dscaml1
1432197_at,4933417D19Rik
1432198_at,Prune2
1432199_at,4930568D16Rik
1432200_at,C030044M21Rik
1432201_a_at,Zswim2
1432202_a_at,Poc1a
1432203_at,Tmco5b
1432204_at,4930570B17Rik
1432205_a_at,Mtus2
1432206_at,9030404E10Rik
1432207_a_at,Toe1
1432208_at,4930459C07Rik
1432209_at,1810010K12Rik
1432210_at,4933401H06Rik
1432211_a_at,Fbxo9
1432212_at,A1cf
1432213_at,9530047P18Rik
1432214_at,1700017D01Rik
1432215_s_at,4930417O22Rik
1432216_s_at,Mpp7
1432217_a_at,Cfap52
1432218_a_at,Nol9
1432219_at,Nol9
1432220_at,4933430L12Rik
1432221_at,5330417H12Rik
1432222_at,Gm44196
1432223_at,4930552N02Rik
1432224_at,4831407H17Rik
1432225_at,4930456L15Rik
1432226_at,4930548G14Rik
1432228_at,4933406B15Rik
1432229_a_at,Cdyl2
1432230_at,Hip1
1432231_at,4930526H09Rik///Gm38397
1432232_at,Rcor3
1432233_at,1110020C17Rik
1432234_at,4933438B17Rik
1432235_at,Epsti1
1432236_a_at,Suv39h1
1432237_at,5730522E02Rik
1432238_at,Spats1
1432239_at,1700102J08Rik
1432240_at,4930533L02Rik
1432241_at,9030205G03Rik
1432242_at,4930447N08Rik
1432243_a_at,4933433G15Rik
1432244_at,4930507D10Rik
1432245_s_at,Ttc9c
1432246_at,4922502N22Rik
1432247_at,4633402D09Rik
1432248_at,5430402P08Rik
1432249_a_at,Ercc8
1432250_at,Utp14a
1432251_at,4930403O15Rik
1432252_a_at,4933406K04Rik
1432253_at,4921523P09Rik
1432254_at,C030013D06Rik
1432255_at,Mast1
1432256_at,1700111N16Rik
1432257_at,Gsdmcl1
1432258_at,9430014N10Rik
1432259_s_at,2810487C13Rik///4931415C17Rik
1432260_at,Gpr39
1432261_at,Ces1h
1432262_at,Fam63a
1432263_a_at,Cox7a2l
1432264_x_at,Cox7a2l
1432265_at,4930445B16Rik
1432266_at,Etl4
1432267_at,6720483E21Rik
1432268_at,2310068J16Rik
1432269_a_at,Sh3kbp1
1432270_a_at,Chmp5
1432271_a_at,Dcun1d5
1432272_a_at,Ercc4
1432273_a_at,Ackr1
1432274_at,4930543N07Rik
1432275_at,Ikbkb
1432276_at,4930519F16Rik
1432277_at,4930565D16Rik
1432278_at,4930471M09Rik
1432279_at,Cdrt4os1
1432280_at,Prr29
1432281_a_at,Itgb6
1432282_a_at,Tlcd2
1432283_at,Fam228a
1432284_at,Mipol1
1432285_at,1700128F08Rik
1432286_at,Pole4
1432287_a_at,Sntg1
1432288_at,5830468F06Rik
1432289_a_at,Jsrp1
1432290_at,1700040G22Rik
1432291_at,0610033M10Rik
1432292_at,4930504C09Rik
1432293_at,4930579G18Rik
1432294_at,9330177L23Rik
1432295_a_at,Ap5s1
1432296_a_at,Itgav
1432297_at,Zim2
1432298_at,4921508M14Rik
1432299_at,4921513I08Rik
1432300_at,1190003K10Rik
1432301_a_at,1700074P13Rik
1432302_s_at,2410024N13Rik
1432303_at,9330198I05Rik
1432304_a_at,9030624J02Rik
1432305_at,4930542C16Rik
1432306_at,A930023M06Rik
1432307_at,1700086D15Rik
1432308_at,Bpifa3
1432309_at,9130410C08Rik
1432310_at,6530401F13Rik
1432311_at,Tmem168
1432312_a_at,Prss41
1432313_at,4933433F19Rik
1432314_at,4930554C24Rik
1432315_at,Grip1os1
1432316_at,4933439N14Rik
1432317_at,9430078K24Rik
1432318_at,Uggt1
1432319_at,1700085C21Rik
1432320_at,9430065F17Rik
1432321_at,Zcchc13
1432322_at,Ost4
1432323_at,8430436N08Rik
1432324_at,4930432J09Rik
1432325_at,4930502M04Rik
1432326_at,Cldn34b2
1432327_at,9530067L11Rik
1432328_at,4930516K23Rik
1432329_a_at,Matk
1432330_at,Cfhr3
1432331_a_at,Prrx2
1432332_a_at,Nudt19
1432333_a_at,Spatc1l
1432334_at,Cylc2
1432335_at,4930551O13Rik
1432336_at,5033404E19Rik
1432337_at,Fancl
1432338_at,4833419O12Rik
1432339_at,4933432I03Rik
1432340_at,1700121N20Rik
1432341_at,1700022A22Rik
1432342_at,Nmnat3
1432343_at,4930419G24Rik
1432344_a_at,Aplp2
1432345_at,1700048F04Rik
1432346_a_at,Cdh23
1432347_at,4931428L18Rik
1432348_at,4930524O07Rik
1432349_a_at,Sync
1432350_at,Sync
1432351_at,9030625G05Rik
1432352_at,Ccny
1432353_at,Gm30289///Larp1b
1432354_at,1700003H04Rik
1432355_at,2210039B01Rik
1432356_at,1700056N10Rik
1432357_at,4930566D17Rik
1432358_at,Muc16
1432359_at,4930435F05Rik
1432360_a_at,Tmtc4
1432361_a_at,Cenpp
1432362_at,Cenpp
1432363_at,Gm3336
1432364_at,4930556N13Rik
1432365_a_at,4930556L07Rik
1432366_at,4930447K03Rik
1432367_a_at,Ufd1l
1432368_at,4930594M17Rik
1432370_at,4933411E02Rik
1432371_a_at,1700109K24Rik
1432372_a_at,Spr
1432373_at,4930533B01Rik
1432374_a_at,Ept1
1432375_a_at,Spata3
1432376_at,3830403N18Rik
1432377_x_at,Shroom3
1432378_at,C030004G16Rik
1432379_at,4930590A17Rik
1432380_s_at,Gsdmcl2///Gsdmcl-ps
1432381_a_at,Fsip1
1432382_at,4930434B07Rik
1432383_a_at,Armc9
1432384_a_at,Mettl6
1432385_a_at,Agtpbp1
1432386_a_at,Phf7
1432387_at,Cpq
1432388_at,5430440P10Rik
1432389_at,4933438A12Rik
1432390_at,4933400F21Rik
1432391_at,Cep85
1432392_at,Kif2c
1432393_a_at,Thg1l
1432394_a_at,Aatf
1432395_at,1700039E15Rik
1432396_at,3110018I06Rik
1432397_at,Tssk3
1432398_at,1700084J12Rik
1432399_a_at,Epha1
1432400_at,Epha1
1432401_a_at,Tmbim7
1432402_at,4930402F11Rik
1432403_at,4933402C06Rik
1432404_at,4930505A04Rik
1432405_a_at,Plcz1
1432406_at,Ces5a
1432407_at,Prkag2os1
1432408_a_at,A230006K03Rik
1432409_at,Prkar2a
1432410_a_at,Bmp7
1432411_a_at,Fbxw2
1432412_at,9530004P13Rik
1432413_at,Trappc9
1432414_at,Gm13999
1432415_at,Rab3c
1432416_a_at,Npm1
1432417_a_at,Tspan2
1432418_a_at,Ckmt1
1432419_a_at,Mob2
1432420_a_at,2310002L09Rik
1432421_at,Pms2
1432422_at,1700063K16Rik
1432423_a_at,C530008M17Rik
1432424_at,Nudt12os
1432425_at,Ppp1r42
1432426_a_at,Ube2f
1432427_at,Ndufb4
1432428_at,Ankrd55
1432429_at,8430437N05Rik
1432430_a_at,Kansl1
1432431_s_at,Macrod2
1432432_a_at,Rab3c
1432433_at,4930524N10Rik
1432434_at,4930522N08Rik
1432435_s_at,Fam118b
1432436_a_at,Ak3
1432437_at,Tmem217
1432438_at,4930597L12Rik
1432439_at,Zfp715
1432440_at,1700111E14Rik
1432441_at,4933413J09Rik
1432442_at,Syce1l
1432443_at,Fam71e1
1432444_a_at,Eapp
1432445_at,2310016G11Rik
1432446_at,Sept14
1432447_a_at,Meaf6
1432448_at,2600006K01Rik
1432449_at,Erich6b
1432450_at,8030423J24Rik
1432451_at,4930445E18Rik
1432452_at,1700054O19Rik
1432453_a_at,Ms4a10
1432454_at,2410137M14Rik
1432455_a_at,Prl8a1
1432456_at,4930533B18Rik
1432457_at,4930448F12Rik
1432458_at,Ccdc172
1432459_a_at,Zbtb32
1432460_at,Pldi
1432461_at,Eya4
1432462_a_at,Med27
1432463_at,5730510P18Rik
1432464_a_at,Camsap3
1432465_at,4933414I06Rik
1432466_a_at,Apoe
1432467_at,Lrch3
1432468_at,Lcn9
1432469_at,Dusp21
1432470_at,1700016A09Rik
1432471_at,C2cd5
1432472_a_at,Mccc2
1432473_a_at,Abca14
1432474_a_at,Krtcap3
1432475_at,LOC102632351///1700014B07Rik
1432476_at,1700040F17Rik
1432477_at,Cldn34c4
1432478_a_at,Rnf19b
1432479_at,Spn-ps
1432480_a_at,Cntd1
1432481_a_at,Lyzl6
1432482_at,Lyzl6
1432483_at,Arid2
1432484_at,Cmc2
1432485_at,Gm2011
1432486_a_at,Prss40
1432487_at,4930405H06Rik
1432488_a_at,Sf3a3
1432489_a_at,Wdyhv1
1432490_a_at,Pde10a
1432491_at,Gm9748
1432492_a_at,Haao
1432493_at,1700020M10Rik
1432494_a_at,Ift43
1432495_at,Sox7
1432496_at,1700122O11Rik
1432497_at,Ccdc93
1432498_at,Spata25
1432499_a_at,Ube4b
1432500_at,2410006F04Rik
1432501_at,1700092E16Rik
1432502_at,1700028N14Rik
1432503_a_at,Pdcl2
1432504_at,Camkmt
1432505_at,1700009J07Rik
1432506_at,Tmem86b
1432507_at,B430319H21Rik
1432508_at,Ptges3l
1432509_at,5033430I15Rik
1432510_at,4930512M02Rik
1432511_s_at,Haus2
1432512_at,Agbl4
1432513_a_at,1700001C02Rik
1432514_at,Fam219aos
1432515_at,2410124H12Rik
1432516_at,4930447F04Rik
1432517_a_at,Nnmt
1432518_at,Lrp8os1
1432519_at,1810059H22Rik
1432520_at,Igh-VJ558
1432522_s_at,Cep112
1432523_at,Hipk2
1432524_at,Mettl5os
1432525_at,1700001C02Rik
1432526_a_at,Snf8
1432527_at,Lrrc72
1432528_at,1700021P04Rik
1432529_at,Boll
1432530_s_at,Boll
1432531_at,9230104L09Rik
1432532_at,0610025J13Rik
1432533_a_at,Slc35a2
1432534_at,3300002I08Rik
1432535_at,5530400C23Rik
1432536_at,Tepp
1432537_at,Csmd2os
1432538_a_at,Rfc3
1432539_a_at,Nup54
1432540_at,Krtap7-1
1432541_at,4930408O17Rik
1432542_at,2810474C18Rik
1432543_a_at,Klf13
1432544_at,4930449E01Rik
1432545_at,Dcst1
1432546_at,4930529I22Rik
1432547_at,C030005H24Rik
1432548_at,Parp14
1432549_s_at,Usp46os2
1432550_at,Tmem190
1432551_at,1700031F10Rik
1432552_at,Tmem89
1432553_at,1700069L16Rik
1432554_at,2310040G07Rik
1432555_at,Whrn
1432556_a_at,Fam183b
1432557_at,1700045I11Rik
1432558_a_at,Mal
1432559_at,2210409D07Rik
1432560_at,Klk1b7-ps
1432561_at,4930569F06Rik
1432562_at,Sox6os
1432563_at,1700116B05Rik
1432564_at,1700066C05Rik
1432565_at,Gm15247
1432566_at,Tmsb15a
1432567_at,A430105D02Rik
1432568_at,Cby3
1432569_at,Cby3
1432570_at,6030458E02Rik
1432571_at,Oaz3
1432572_at,4931406H21Rik
1432573_at,Xpo7
1432574_at,4930548F15Rik
1432575_at,4930548F15Rik
1432576_at,Tyk2
1432578_at,Naif1
1432579_at,Rsph3a
1432580_at,Rsph3a
1432581_at,3110054G05Rik
1432582_at,3110054G05Rik
1432583_at,2900042E19Rik
1432584_at,1110004M10Rik
1432585_at,4931428A05Rik
1432586_at,5730596P11Rik
1432587_at,5730596P11Rik
1432588_at,5830468K08Rik
1432589_at,Zhx3
1432590_at,4930573O21Rik
1432591_at,Pappa
1432592_at,Pappa
1432593_at,Kif1bp
1432594_at,4933413I22Rik
1432595_at,LOC102642155
1432596_at,4930599N24Rik
1432597_at,4930599N24Rik
1432598_at,Gmcl1
1432599_at,2610301H18Rik
1432600_at,2310061A09Rik
1432601_at,Kmt2e
1432602_at,Kmt2e
1432603_at,Nrip1
1432604_at,Rbl1
1432606_at,2610012C04Rik
1432607_at,2610012C04Rik
1432608_at,Nnt
1432609_at,2900024J01Rik
1432610_at,2900024J01Rik
1432611_at,LOC102639770///4932430A15Rik
1432612_at,9030405F24Rik
1432613_at,Prr15
1432614_at,Wdr37
1432615_at,Wdr37
1432616_at,4833422B07Rik
1432617_at,4933424C09Rik
1432618_at,3110037L02Rik
1432619_at,3110037L02Rik
1432621_at,5730410E19Rik
1432622_a_at,4930507D05Rik
1432623_at,Supv3l1
1432624_at,5830487K18Rik
1432625_at,5830487K18Rik
1432626_at,5730507A11Rik
1432627_at,5730507A11Rik
1432628_at,Cbx3
1432629_at,Tnks
1432630_at,Tnks
1432631_at,Prrc1
1432632_at,9430063H18Rik
1432633_at,9430063H18Rik
1432634_at,4933429H19Rik
1432635_a_at,Sec62
1432637_at,LOC102642925///Gm19924///Gm6943
1432638_at,Bag5
1432639_at,4633401L03Rik
1432640_at,4633401L03Rik
1432641_at,5830490A12Rik
1432642_at,4933411E06Rik
1432643_at,4933411E06Rik
1432644_at,6430711C07Rik
1432646_a_at,2900097C17Rik
1432647_at,Egfr
1432648_at,4930466F19Rik
1432649_at,3300002A11Rik
1432650_at,2510019K15Rik
1432651_at,2510019K15Rik
1432652_at,1700008H02Rik
1432653_at,1700008H02Rik
1432654_at,5830426C09Rik
1432655_at,3222402N08Rik
1432656_at,3222402N08Rik
1432657_at,Adam1b
1432658_at,2810403D21Rik
1432659_at,4930402H05Rik
1432660_at,5830420C07Rik
1432661_at,0610042E11Rik
1432662_at,0610042E11Rik
1432663_at,1500005C15Rik
1432664_at,4933404M09Rik
1432665_at,2210416J07Rik
1432666_at,Gm32641
1432667_at,2210411G17Rik
1432668_at,2210411G17Rik
1432669_at,9030420N05Rik
1432670_at,9030420N05Rik
1432671_at,4933407A17Rik
1432672_at,4933407A17Rik
1432673_at,2300010F08Rik
1432674_at,2300010F08Rik
1432675_at,Mdn1
1432676_at,Gbf1
1432677_at,Gbf1
1432678_at,Itgav
1432679_at,Itgav
1432680_at,9130009M17Rik
1432681_at,9130009M17Rik
1432682_at,5530400K19Rik
1432683_at,5530400K19Rik
1432684_at,4921521C08Rik
1432685_at,Mon1b
1432686_at,4833406M21Rik
1432687_at,4833406M21Rik
1432688_at,4631422I05Rik
1432689_at,4631422I05Rik
1432690_at,9030407C09Rik
1432691_at,9030407C09Rik
1432692_at,4930517G19Rik
1432693_at,4930517G19Rik
1432694_at,4921527H02Rik
1432695_at,4921527H02Rik
1432696_at,5830431M20Rik
1432697_at,5830431M20Rik
1432698_at,2900024I21Rik
1432699_at,2900024I21Rik
1432700_at,2810047J09Rik
1432701_at,2810403G07Rik
1432702_at,2810403G07Rik
1432703_at,LOC102638389///5730405A17Rik
1432704_at,5730405A17Rik
1432705_at,5330428N10Rik
1432706_at,5330428N10Rik
1432707_at,Gm8096
1432708_at,Gm8096
1432709_at,4930505O19Rik
1432710_at,4930505O19Rik
1432711_at,4933425M03Rik
1432712_at,4933425M03Rik
1432713_at,6430709C05Rik
1432714_at,6430709C05Rik
1432715_at,Lrrn1
1432716_at,Lrrn1
1432717_at,1810015A16Rik
1432718_at,1810015A16Rik
1432719_at,4833412K13Rik
1432720_at,4833412K13Rik
1432721_at,5830424K16Rik
1432722_at,4933408K01Rik
1432723_at,4933408K01Rik
1432724_at,4930445G23Rik
1432725_at,4930445G23Rik
1432726_at,Psmd11
1432727_at,Psmd11
1432728_at,5830433D23Rik
1432729_at,5830415G21Rik
1432730_at,5830415G21Rik
1432731_at,5830437K03Rik
1432732_at,5830437K03Rik
1432733_at,4933402E15Rik
1432734_at,4933402E15Rik
1432735_at,1700017H01Rik
1432736_at,4933430H06Rik
1432737_at,Snhg5
1432738_at,Snhg5
1432739_at,2900060K15Rik
1432740_at,4833420L08Rik
1432741_at,9530071P10Rik
1432742_at,9530071P10Rik
1432743_at,4930443G03Rik
1432744_at,4930443G03Rik
1432745_at,LOC102633149
1432746_at,6030442H21Rik
1432747_at,4933403J19Rik
1432748_at,4933403J19Rik
1432750_at,Zfp711
1432751_at,4930403O18Rik
1432752_at,4930403O18Rik
1432753_at,9130214F15Rik
1432754_at,Ccnc
1432755_at,2210409O19Rik
1432756_at,2210409O19Rik
1432757_at,2900011L18Rik
1432758_at,2900011L18Rik
1432759_at,6330571C24Rik
1432760_at,Prrc2c
1432761_at,4930551I15Rik
1432762_at,9530025H10Rik
1432763_at,Prrg2
1432764_at,4933404I11Rik
1432765_at,C030007D22Rik
1432766_at,E130112B07Rik
1432767_at,E130112B07Rik
1432768_at,6430710M23Rik
1432769_at,Slc44a1
1432770_at,0610040A22Rik
1432771_at,Slc9a3
1432772_at,1700081H04Rik
1432773_at,2610105M22Rik
1432774_at,2610105M22Rik
1432775_at,9430087J23Rik
1432776_at,9430087J23Rik
1432777_at,9430032J07Rik
1432778_at,1700048O20Rik
1432779_at,1700037N05Rik
1432780_at,1700037N05Rik
1432781_at,Intu
1432782_at,4933435C09Rik
1432783_at,4930556A17Rik
1432784_at,4930556A17Rik
1432785_at,A930028O11Rik
1432786_at,4833420D23Rik
1432787_at,6720420G18Rik
1432788_at,6720420G18Rik
1432789_at,8030476L19Rik
1432790_at,9030218A15Rik
1432791_at,9030218A15Rik
1432792_at,4930401B11Rik
1432793_at,4930401B11Rik
1432794_at,2310058F05Rik
1432795_at,2310058F05Rik
1432797_at,2900060N12Rik
1432798_at,Slc12a6
1432799_at,C030011G24Rik
1432800_at,C030011G24Rik
1432801_at,Pip5k1bos
1432802_at,9230106L01Rik
1432803_at,A230101C19Rik
1432804_at,A230101C19Rik
1432805_at,8030431A06Rik
1432806_at,9430099H24Rik
1432807_at,5830426K05Rik
1432808_at,5830426K05Rik
1432809_at,1700113P08Rik
1432810_at,Ttc32
1432811_at,9530025L08Rik
1432812_at,LOC102632493///4930554P06Rik
1432813_at,2900064F13Rik
1432814_at,2900064F13Rik
1432815_at,4833419A21Rik
1432816_s_at,4930413G21Rik
1432817_x_at,4930413G21Rik
1432818_at,Prrc1
1432819_at,Prrc1
1432820_at,Psmd7
1432821_at,Nfatc4
1432822_at,4930557B21Rik
1432823_at,Sypl2
1432824_at,2900018N21Rik
1432825_at,2900018N21Rik
1432826_a_at,Cd80
1432827_x_at,Ubc
1432828_at,Eno1
1432829_at,Eno1b///Eno1
1432830_at,Ccdc138
1432831_at,Ccdc138
1432832_at,4933435G04Rik
1432833_at,4933435G04Rik
1432834_at,Cpb2
1432835_at,Cpb2
1432836_at,4833410I11Rik
1432837_at,2700080J24Rik
1432838_at,6430598H11Rik
1432839_at,6430598H11Rik
1432840_at,Galnt11
1432841_at,E130116L18Rik
1432842_s_at,Ywhaq
1432843_at,5730405O12Rik
1432844_at,Phactr4
1432846_at,5033428C03Rik
1432847_at,2810457G06Rik
1432848_a_at,Frmd8
1432850_at,5430434G16Rik
1432851_at,Phactr1
1432852_at,Phactr1
1432853_at,2900057C01Rik
1432854_at,1700018P08Rik
1432855_at,Kctd3
1432857_at,6430500D05Rik
1432858_at,D730048M19Rik
1432859_at,D730048M19Rik
1432860_at,Panx3
1432861_at,2900046F13Rik
1432862_at,Nkx2-4
1432863_a_at,Nkx2-4
1432864_at,D730050C22Rik
1432865_at,D730050C22Rik
1432866_at,6030442K20Rik
1432867_at,9230112J17Rik
1432868_at,Dzip3
1432869_at,4932432N04Rik
1432870_at,4932429P19Rik
1432871_at,4932429P19Rik
1432872_at,4932702M13Rik
1432873_at,4932702M13Rik
1432874_at,4632404M16Rik
1432875_at,4632409D06Rik
1432876_at,4632418H02Rik
1432877_at,4930544N03Rik
1432878_at,4930544N03Rik
1432879_at,6820402A03Rik
1432880_at,6820402A03Rik
1432881_at,4932437C15Rik
1432882_at,4932431P20Rik
1432883_at,4932431P20Rik
1432884_at,Tmem236
1432885_at,4632432E15Rik
1432886_at,5730488B01Rik
1432887_at,Zfp942
1432888_at,4930455M05Rik
1432889_at,4930466I24Rik
1432890_at,2610011E03Rik
1432891_at,Dhrs7
1432892_at,Dhrs7
1432893_at,9130011L11Rik
1432894_at,9130011L11Rik
1432895_at,9030409K20Rik
1432896_at,9030409K20Rik
1432897_at,4930435N07Rik
1432898_at,4930544L18Rik
1432899_at,4833408G04Rik
1432900_at,Etl4
1432901_at,Etl4
1432902_at,Gm6086///9130414P19Rik
1432903_at,Gm36704///Gm35962///LOC102637138///LOC100861615
1432904_at,3110037C07Rik
1432905_at,3110037C07Rik
1432906_at,1700126A01Rik
1432907_at,1700126A01Rik
1432908_at,2810410P21Rik
1432909_at,4933424H11Rik
1432910_at,Btbd7
1432911_at,Safb
1432912_at,5730575I04Rik
1432913_at,Lrrc52
1432914_at,Lrrc52
1432915_at,5730407I07Rik
1432916_at,5730407I07Rik
1432917_at,4933408M05Rik
1432918_at,4921511E18Rik
1432919_at,4921511E18Rik
1432920_at,5330421C15Rik
1432921_at,4933416E14Rik
1432922_at,4933416E14Rik
1432923_at,2810404I24Rik
1432924_at,2810404I24Rik
1432925_at,4933416A02Rik
1432927_at,Plcd4
1432928_at,Plcd4
1432929_at,Gsdmcl2
1432930_at,Gsdmcl2
1432931_at,Nrxn3
1432933_at,4930429N05Rik
1432934_at,4930429N05Rik
1432935_at,5330433J24Rik
1432936_at,5330433J24Rik
1432937_at,5430439C14Rik
1432938_at,5430439C14Rik
1432939_at,5730405N03Rik
1432940_at,5730405N03Rik
1432941_at,5730408A14Rik
1432942_at,5730408A14Rik
1432943_at,2900046L07Rik
1432944_at,2900046L07Rik
1432945_at,5230400M06Rik
1432946_at,5230400M06Rik
1432947_at,4921519G19Rik
1432948_at,4921519G19Rik
1432949_at,5330421F21Rik
1432950_at,5330421F21Rik
1432951_at,4930448E22Rik
1432952_at,4930448E22Rik
1432953_at,4921520E09Rik
1432954_at,4921520E09Rik
1432955_at,4930444K16Rik
1432956_at,4930444K16Rik
1432957_at,5730407O05Rik
1432958_at,5730407O05Rik
1432959_at,Gm26664
1432960_at,4930447I22Rik
1432961_at,2610024D14Rik
1432962_at,2610024D14Rik
1432963_at,2410049M19Rik
1432964_at,2410049M19Rik
1432965_at,4921507H08Rik
1432966_at,4921507H08Rik
1432967_at,4930456A14Rik
1432968_at,4930456A14Rik
1432969_at,4933423K11Rik
1432970_at,4933423K11Rik
1432971_at,4921518B13Rik
1432972_at,4921518B13Rik
1432973_at,4933421H12Rik
1432974_at,4933421H12Rik
1432975_at,Ces2f
1432976_at,Ces2f
1432977_at,9030607L02Rik
1432978_at,9030607L02Rik
1432979_at,Gatad2b
1432980_at,5730420F10Rik
1432981_at,LOC102642974
1432982_at,4930456J16Rik
1432983_at,1700026H06Rik
1432984_at,LOC102636340///1700026H06Rik
1432985_at,5430402M21Rik
1432986_at,5430402M21Rik
1432988_at,Tenm2
1432989_at,2900011F02Rik
1432990_at,5830495A06Rik
1432991_at,4930519E07Rik
1432992_at,4930403L11Rik
1432993_at,4930403L11Rik
1432994_at,Panct1
1432995_at,Panct1
1432996_at,5830462P14Rik
1432997_at,5830462P14Rik
1432998_at,5830462O15Rik
1432999_at,Pde11a
1433000_at,Csrnp1
1433001_at,1700019L13Rik
1433002_at,9030613N10Rik
1433003_at,4933423N03Rik
1433004_at,4833446E11Rik
1433005_at,4833446E11Rik
1433006_at,5430430B14Rik
1433007_at,5430430B14Rik
1433008_at,6330526H18Rik
1433009_at,9030607J07Rik
1433010_at,5530400N10Rik
1433011_at,AU041133
1433012_at,Mga
1433013_at,4930485G23Rik
1433014_at,6330436F06Rik
1433015_at,6330436F06Rik
1433016_s_at,Orly
1433017_at,Tmem159
1433018_at,4930560O18Rik
1433019_at,Zbtb7c
1433022_at,2310068G24Rik
1433023_at,2310068G24Rik
1433024_at,4930421C12Rik
1433025_x_at,Bnip2
1433026_at,Tmpo
1433027_at,5830485P09Rik
1433028_at,4833411I10Rik
1433029_at,Kcnj9
1433030_at,5730406E14Rik
1433031_at,2900064K03Rik
1433032_at,2900064K03Rik
1433033_at,2310007H11Rik
1433034_at,2310007H11Rik
1433035_at,5430430K15Rik
1433036_at,4930564B12Rik
1433037_at,5830434F19Rik
1433038_at,4930555B11Rik
1433039_at,4930555B11Rik
1433040_at,2900018E21Rik
1433041_at,Rabepk
1433042_at,4930572C08Rik
1433043_at,Vcan
1433044_at,Vcan
1433045_at,4930535F04Rik
1433046_at,4930535F04Rik
1433047_at,5330430B06Rik
1433048_at,4933428L01Rik
1433049_at,5730478J17Rik
1433050_at,5730478J17Rik
1433051_at,2610011I18Rik
1433052_at,Elavl2
1433053_at,Itgb2l
1433054_at,Itgb2l
1433055_at,4931407J08Rik
1433056_at,4931407J08Rik
1433057_at,4933411O13Rik
1433058_at,4933411O13Rik
1433059_at,4930439G18Rik
1433060_at,6230426I18Rik
1433061_at,4933423L19Rik
1433062_at,Wdr66
1433063_at,Wdr66
1433064_at,Acot12
1433065_at,6330510M09Rik
1433066_at,6330510M09Rik
1433067_at,6330582A15Rik
1433068_at,6330582A15Rik
1433069_at,5730433N10Rik
1433070_at,5830433M15Rik
1433071_at,6430605C03Rik
1433072_at,4933425E08Rik
1433073_at,4933425E08Rik
1433074_at,4931412I15Rik
1433075_at,4931412I15Rik
1433076_at,5430402O13Rik
1433077_at,2700078F05Rik
1433078_at,5830435N06Rik
1433079_at,4933436P19Rik
1433080_at,4933436P19Rik
1433081_at,4933407I18Rik
1433082_at,4930448K20Rik
1433083_at,4930448K20Rik
1433084_at,4930402C16Rik
1433085_at,5930427J20Rik
1433086_at,5930427J20Rik
1433087_at,5330430C04Rik
1433088_at,5330430C04Rik
1433089_at,4930404F17Rik
1433090_at,6430514K02Rik
1433091_at,6430514K02Rik
1433092_at,3110062G12Rik
1433093_at,2900092N22Rik
1433094_at,Slc1a2
1433095_at,Gm13872///Slc1a2
1433096_at,4930473M17Rik
1433097_at,4930473M17Rik
1433098_at,Nsmce1
1433099_at,4933428L12Rik
1433100_at,9030419F21Rik
1433101_at,9030419F21Rik
1433102_at,3100002H20Rik
1433103_at,Hyls1
1433104_at,Pus3
1433105_at,5830438M01Rik
1433106_at,5830438M01Rik
1433108_at,Trbv1
1433109_at,Mif
1433110_at,5830474E16Rik
1433111_at,Nhsl1
1433112_at,4933424L07Rik
1433113_at,4921504P20Rik
1433114_at,4921504P20Rik
1433115_at,5730552O08Rik
1433116_at,5730552O08Rik
1433117_at,2300004M11Rik
1433118_at,2300004M11Rik
1433119_at,4930456G14Rik
1433120_at,9530002O20Rik
1433121_at,5830490A04Rik
1433122_at,2900069G24Rik
1433123_at,2900069G24Rik
1433124_at,4930534I15Rik
1433125_at,5330422M15Rik
1433126_at,5330422M15Rik
1433127_at,4930513L20Rik
1433128_at,4930423C22Rik
1433129_at,2900040J22Rik
1433130_at,8430418B16Rik
1433131_at,5033425B01Rik
1433132_at,Edaradd
1433133_at,Edaradd
1433134_at,5830448L01Rik
1433135_at,Golgb1
1433136_at,4930432H08Rik
1433137_at,5031415H12Rik
1433138_at,5230401M06Rik
1433140_a_at,Nacc1
1433141_at,4921504P05Rik
1433142_at,4921504P05Rik
1433143_at,9230118N17Rik
1433144_at,Alg2
1433145_at,4933431C10Rik
1433146_at,Cald1
1433147_at,Cald1
1433148_at,4930513N20Rik
1433149_at,4930513N20Rik
1433150_at,4933415b22rik
1433151_at,4933415b22rik
1433152_at,2900022B07Rik
1433153_at,9030201C23Rik
1433154_at,B230204H03Rik
1433155_at,B230204H03Rik
1433156_at,Kcnip1
1433157_at,6330562C20Rik
1433158_at,Kif13b
1433159_at,Kif13b
1433160_at,1700008N17Rik
1433161_at,1700008N17Rik
1433162_at,6230414M07Rik
1433163_at,6230414M07Rik
1433164_at,4930570E01Rik
1433165_at,4930570E01Rik
1433166_at,4930485E13Rik
1433167_at,4930444E06Rik
1433168_x_at,5830456J23Rik
1433169_at,5830456J23Rik
1433170_at,2900034C19Rik
1433171_at,3110049I03Rik
1433172_at,3110049I03Rik
1433173_at,5430440L12Rik
1433174_a_at,5430440L12Rik
1433175_at,4930563F15Rik
1433176_at,4930563F15Rik
1433177_at,Avl9
1433178_at,4933427C19Rik
1433179_at,Morn1
1433180_at,Morn1
1433181_at,Agbl3
1433182_at,Agbl3
1433183_at,6720477C19Rik
1433184_at,6720477C19Rik
1433185_at,Strada
1433186_at,Strada
1433187_at,B230112I24Rik
1433188_at,B230112I24Rik
1433189_at,4933433N18Rik
1433190_at,4933433N18Rik
1433191_at,A430105P17Rik
1433192_at,A430105P17Rik
1433193_at,4930433M22Rik
1433194_at,4930433M22Rik
1433195_at,9530006O14Rik
1433196_at,9530006O14Rik
1433197_at,4930445B03Rik
1433198_at,4930445B03Rik
1433199_at,B230114A03Rik
1433200_at,B230114A03Rik
1433201_at,2310079F09Rik
1433202_at,6030400A10Rik
1433203_at,6030400A10Rik
1433204_at,Ndfip2
1433205_at,Ndfip2
1433206_at,5033430J17Rik
1433207_at,5033430J17Rik
1433208_at,2210017G18Rik
1433209_at,2210017G18Rik
1433210_at,Rptn
1433211_at,Rptn
1433212_at,2700008E08Rik
1433213_at,2700008E08Rik
1433214_x_at,2700008E08Rik
1433215_at,9430024C03Rik
1433216_at,9430024C03Rik
1433217_at,4930566N20Rik
1433218_at,4930566N20Rik
1433219_at,6720482G16Rik
1433220_at,6720482G16Rik
1433221_at,2610311E24Rik
1433222_at,2610311E24Rik
1433223_at,5830442K09Rik
1433224_at,5830442K09Rik
1433225_at,6330403N20Rik
1433226_at,6330403N20Rik
1433227_at,9430081G06Rik
1433228_at,9430081G06Rik
1433229_at,9430031J08Rik
1433230_at,5730415C11Rik
1433231_at,4933426I03Rik
1433232_at,4933426I03Rik
1433233_at,5430425E15Rik
1433234_at,4930424E08Rik
1433235_at,C030011I16Rik
1433236_at,3830422I06Rik
1433237_at,3830422I06Rik
1433238_at,4930448E06Rik
1433239_at,4930448E06Rik
1433240_at,9430013L17Rik
1433241_at,9430013L17Rik
1433242_at,5830415B17Rik
1433243_at,2810421E14Rik
1433244_at,4930573G07Rik
1433245_at,6720475M21Rik
1433246_at,6720475M21Rik
1433247_at,C530007A02Rik
1433248_at,2310075M01Rik
1433249_at,4931409D07Rik
1433250_at,4931409D07Rik
1433251_at,Hsp90aa1
1433252_at,4932703K07Rik
1433253_at,5033423K11Rik
1433254_at,5033423K11Rik
1433255_at,8430437B07Rik
1433256_at,A930011E06Rik
1433257_at,A330102K18Rik
1433258_at,A330102K18Rik
1433259_at,4930518C04Rik
1433260_at,4930500E03Rik
1433261_at,9430052A13Rik
1433262_at,9430052A13Rik
1433263_at,Dld
1433265_at,2810416A17Rik
1433266_at,2810416A17Rik
1433267_at,Ing1
1433268_at,4930553M12Rik
1433269_at,4930553M12Rik
1433270_at,9530004M16Rik
1433271_at,9530004M16Rik
1433272_at,A430110A21Rik
1433273_at,Nkain1
1433274_at,Nkain1
1433275_at,Tmem30c
1433276_at,4930556A12Rik
1433278_at,5830440H09Rik
1433279_at,5830440H09Rik
1433280_at,4933417G07Rik
1433281_at,Prune
1433282_at,Orly
1433283_s_at,Orly
1433284_at,4921522E08Rik
1433285_at,9330179C17Rik
1433286_at,4833417J16Rik
1433287_at,4833417J16Rik
1433288_at,1520401O13Rik
1433289_at,9530078B04Rik
1433290_at,C030045M22Rik
1433291_at,C030045M22Rik
1433292_at,Sdha
1433293_at,Sdha
1433294_at,Lcorl
1433295_at,4930449I04Rik
1433296_at,2310045N14Rik
1433297_at,1700039M15Rik
1433298_at,5830461L22Rik
1433299_at,5830461L22Rik
1433300_at,2900005I04Rik
1433301_at,4930478M09Rik
1433302_at,Cdh10
1433303_at,4930483C01Rik
1433304_at,4930483C01Rik
1433305_at,9530034D02Rik
1433306_at,4930456K20Rik
1433307_at,4930509E22Rik
1433308_at,9330159N22Rik
1433309_at,Zfp572
1433310_at,D530031A16Rik
1433311_at,D530031A16Rik
1433312_at,2700057C20Rik
1433313_at,6720454L07Rik
1433314_at,4930486A15Rik
1433315_at,4930486A15Rik
1433316_at,4930477O15Rik
1433317_at,4930477O15Rik
1433318_at,5430416B10Rik
1433319_at,Sh3bgr
1433320_at,4930519N06Rik
1433321_at,9430087B13Rik
1433322_at,4930529F21Rik
1433323_at,4930529F21Rik
1433324_at,9330154F10Rik
1433325_at,9330154F10Rik
1433326_at,4930488N24Rik
1433327_at,Zfp980
1433328_at,1700095A21Rik
1433329_at,4930573C08Rik
1433330_at,4933401J01Rik
1433331_at,C030046M01Rik
1433332_at,C030004M13Rik
1433333_at,C030004M13Rik
1433334_at,1700024P12Rik
1433335_at,4930405G09Rik
1433336_at,4930405G09Rik
1433337_at,6720460K10Rik
1433338_at,6720460K10Rik
1433339_at,6030460B20Rik
1433340_at,4930480K02Rik
1433341_at,5730416F02Rik
1433342_at,5730416F02Rik
1433343_at,4930448K20Rik
1433344_at,4930448K20Rik
1433345_s_at,4930448K20Rik
1433346_at,5830432F11Rik
1433347_at,A930036A04Rik
1433348_at,2810414N06Rik
1433349_at,4930553P13Rik
1433350_at,4930553P13Rik
1433351_at,4933412L11Rik
1433352_at,C430049A07Rik
1433353_at,D530015H24Rik
1433354_at,D530015H24Rik
1433355_at,2610021J01Rik
1433356_at,2610021J01Rik
1433357_at,5730422E09Rik
1433358_at,A230102O21Rik
1433359_at,1700023B13Rik
1433360_at,1700023B13Rik
1433361_at,4930527F18Rik
1433362_at,4930527F18Rik
1433363_at,A930036I15Rik
1433364_at,A930036I15Rik
1433365_at,4930563N14Rik
1433366_at,6030458A19Rik
1433367_at,8430401P03Rik
1433368_x_at,8430401P03Rik
1433369_at,8430401P03Rik
1433370_at,4930474A20Rik
1433371_at,5430427N15Rik
1433372_at,5330425B07Rik
1433373_at,Supt7l
1433374_at,Supt7l
1433375_at,D530037P16Rik
1433376_at,5830445D09Rik
1433377_at,5830445D09Rik
1433378_at,9430019H13Rik
1433379_at,9430019H13Rik
1433380_at,4921509A06Rik
1433381_at,4921509A06Rik
1433382_at,Enho
1433383_at,1500002K03Rik
1433384_at,9330199C07Rik
1433385_at,4933428C20Rik
1433386_at,4933428C20Rik
1433387_at,2900022M07Rik
1433388_at,2900022M07Rik
1433389_at,Cyp4f18
1433390_at,Zfp961
1433391_at,A930018O16Rik
1433392_at,3300002I10Rik
1433393_at,3300002I10Rik
1433394_at,Mast4
1433395_at,4921504P13Rik
1433396_at,4921504P13Rik
1433397_at,9430012M22Rik
1433398_at,Fgd3
1433399_at,2900078I11Rik
1433400_at,5033405D04Rik
1433401_at,5033405D04Rik
1433402_at,4930451E06Rik
1433403_at,C530008M17Rik
1433404_at,4930423O20Rik
1433405_at,Dnmbp
1433406_at,1700084K02Rik
1433407_at,Mcm10
1433408_a_at,Mcm10
1433409_at,4930402H24Rik
1433410_at,C030014O09Rik
1433411_at,Abhd17b
1433412_at,Abhd17b
1433413_at,Nrxn1
1433414_at,9530086P17Rik
1433415_at,Rfx2
1433416_at,Rfx2
1433417_at,8030497O21Rik
1433418_at,4930405A07Rik
1433419_at,4930405A07Rik
1433420_at,4930527J03Rik
1433421_at,4930527J03Rik
1433422_at,Nr4a2
1433423_at,Nr4a2
1433424_at,1700101I19Rik
1433425_at,1700101I19Rik
1433426_at,Ttll13
1433427_at,Ttll13
1433428_x_at,Tgm2
1433429_at,Pigs
1433430_s_at,Cdc23
1433431_at,Pnlip
1433432_x_at,Gm21571///Rps12-ps18///Rps12-ps24///Rps12-ps10///Rps12-ps14///Rps12-ps13///Rps12-ps15///Rps12-ps12///Rps12-ps16///Rps12-ps11///Rps12
1433433_at,Kat7
1433434_at,AW551984
1433435_at,AW551984
1433436_s_at,Thtpa
1433437_at,Dock8
1433438_x_at,Mela
1433439_at,Cpne1
1433440_x_at,Uba2
1433441_at,Fbxl5
1433442_at,Klhl9
1433443_a_at,Hmgcs1
1433444_at,Hmgcs1
1433445_x_at,Hmgcs1
1433446_at,Hmgcs1
1433447_x_at,Cct4
1433448_at,Slc25a44
1433449_at,Snx32
1433450_at,Cdk5r1
1433451_at,Cdk5r1
1433452_at,B630019K06Rik
1433453_a_at,Abtb2
1433454_at,Abtb2
1433455_at,Sh2b3
1433456_at,AU022751
1433457_s_at,Grsf1
1433458_at,E330021D16Rik
1433459_x_at,Prss2
1433460_at,Ttc7b
1433461_at,Sf3b2
1433462_a_at,Pi4k2a
1433463_at,Brox
1433464_at,Ipo13
1433465_a_at,AI467606
1433466_at,AI467606
1433467_at,Slc7a6
1433468_at,Irf2bpl
1433469_at,Lrrn2
1433470_a_at,Immt
1433471_at,Tcf7
1433472_x_at,Rpl38
1433473_x_at,Tm2d2
1433474_at,Edil3
1433475_a_at,Fam8a1
1433476_at,Fam8a1
1433477_at,Abr
1433478_at,Parl
1433479_at,Ubr7
1433480_at,Swi5
1433481_at,Fkbp14
1433482_a_at,Fubp1
1433483_s_at,C86187
1433484_at,D6Ertd527e
1433485_x_at,Adgrg1
1433486_at,Clcn3
1433487_at,Clcn3
1433488_x_at,Gns
1433489_s_at,Fgfr2
1433490_s_at,Epb41l2
1433491_at,Epb41l2
1433492_at,Epb41l2
1433493_at,Fam73b
1433494_at,Cbarp
1433495_at,Colgalt1
1433496_at,Colgalt1
1433497_at,Aqr
1433498_at,Urgcp
1433499_at,Urgcp
1433500_at,Dennd2a
1433501_at,Ctso
1433502_s_at,Tsr1
1433503_at,Ptgr2
1433504_at,Pygb
1433505_a_at,Lrrc8d
1433506_at,Lrrc8d
1433507_a_at,Gm7931///Gm9525///Gm6750///Hmgn2
1433508_at,Klf6
1433509_s_at,Reep1
1433510_x_at,Gm4604///Rpl36
1433511_at,Gtf2a1
1433512_at,Fli1
1433513_x_at,Ndufa12
1433514_at,Etnk1
1433515_s_at,Etnk1
1433516_a_at,Myeov2
1433517_at,Myeov2
1433518_at,Lcmt2
1433519_at,Nucks1
1433520_at,Scap
1433521_at,Ankrd13c
1433522_at,Pskh1
1433523_at,Radil
1433524_at,Gm15800
1433525_at,Ednra
1433526_at,Klhl8
1433527_at,Ireb2
1433528_at,LOC102642697///Gtf2a2
1433529_at,Pamr1
1433530_at,Rpl41
1433531_at,Acsl4
1433532_a_at,Mbp
1433533_x_at,Prkag1
1433534_a_at,Cct2
1433535_x_at,Cct2
1433536_at,Lrp11
1433537_at,Atrx
1433538_at,Marveld1
1433539_at,Commd3
1433540_x_at,Ppp1cb
1433541_a_at,Ubap2l
1433542_at,Inpp5f
1433543_at,Anln
1433544_at,Stradb
1433545_s_at,Acad11
1433546_at,Gns
1433547_s_at,Nudcd1
1433548_at,Nprl3
1433549_x_at,Gm5963///Rps21
1433550_at,Chfr
1433551_at,Vat1l
1433552_a_at,Polr2b
1433553_at,Garnl3
1433554_at,Ccz1
1433555_at,Eaf1
1433556_at,Adap1
1433557_at,Cbx7
1433558_at,Dab2ip
1433559_at,Slc45a4
1433560_at,Slc45a4
1433561_at,Acap2
1433562_s_at,Atp5f1
1433563_s_at,Derl1
1433564_at,Dgkd
1433565_at,Prpf38a
1433566_at,Rasl10b
1433567_at,Gmps
1433568_at,Papd4
1433569_x_at,Ran
1433570_s_at,Naa35
1433571_at,Serinc5
1433572_a_at,Fam120a
1433573_x_at,Prss2
1433574_at,Cdc37l1
1433575_at,Sox4
1433576_at,Mat2a
1433577_at,A730017C20Rik
1433578_at,Gm5868///Slc10a4
1433579_at,Tmem30b
1433580_at,Nup54
1433581_at,1190002N15Rik
1433582_at,1190002N15Rik
1433583_at,Zfp365
1433584_at,Gm6682///Tuba1a
1433585_at,Tnpo1
1433586_at,Rgmb
1433587_at,Rgmb
1433588_at,Fam21
1433589_at,Fam21
1433590_at,Herc3
1433591_at,Ppp3r1
1433592_at,Calm3///Calm2///Calm1
1433593_at,Ypel5
1433594_at,Commd2
1433595_at,Slc35d1
1433596_at,Dnajc6
1433597_at,Arglu1
1433598_at,Arglu1
1433599_at,Baz1a
1433600_at,Adra2a
1433601_at,Adra2a
1433602_at,Gabra5
1433603_at,Gm6415///Ndufs6
1433604_x_at,Aldoa
1433605_at,Inpp5a
1433606_at,Dcp1a
1433607_at,Cbln4
1433608_at,Scfd2
1433609_s_at,Surf2
1433610_at,AA986860
1433611_s_at,Bud31
1433612_at,Ap2s1
1433613_at,Pank3
1433614_at,Snx27
1433615_at,Tmem117
1433616_a_at,Minos1
1433617_s_at,B4galt5
1433618_at,C330006A16Rik
1433619_at,Zfp956
1433620_at,Wdr41
1433621_at,Wdr41
1433622_at,Gm6330///Gemin4///Glod4
1433623_at,Zfp367
1433624_at,Prrc2b
1433625_at,Prrc2b
1433626_at,Plscr4
1433627_at,Sec23ip
1433628_at,Coq10a
1433629_s_at,Tmem199
1433630_at,Map6d1
1433631_at,Eif5
1433632_at,Irf2bp2
1433633_at,Irf2bp2
1433634_at,Irf2bp2
1433635_at,Wdr18
1433636_at,Bms1
1433637_at,Adck2
1433638_s_at,Hoxd8
1433639_at,Fam117a
1433640_at,Fubp1
1433641_at,Smad5
1433642_at,Arl15
1433643_at,Cacna2d1
1433644_at,Pomt2
1433645_at,Slc44a1
1433646_at,Mrps27
1433647_s_at,Rhobtb3
1433648_at,Spag9
1433649_at,Kdm1b
1433650_at,Haghl
1433651_at,Wtip
1433652_at,Igsf1
1433653_at,Fam20a
1433654_at,Mgea5
1433655_at,Rnf141
1433656_a_at,Gnl3
1433657_at,Fam78a
1433658_x_at,Pcbp4
1433659_at,Tubgcp4
1433660_at,Tubgcp4
1433661_at,Nlrx1
1433662_s_at,Timp2
1433663_s_at,Ncbp1
1433664_at,Ube2q2
1433665_at,Vps41
1433666_s_at,Vps41
1433667_at,Lgi3
1433668_at,Pnrc1
1433669_at,Akap8
1433670_at,Emp2
1433671_at,Eogt
1433672_at,Trmt2b
1433673_at,Ccdc92b
1433674_a_at,Snhg1
1433675_at,Snhg1
1433676_at,Wnk1
1433677_at,Sfswap
1433678_at,Pld4
1433679_at,Fubp3
1433680_x_at,Siva1
1433681_x_at,Capn3
1433682_at,Arhgef17
1433683_at,Esrp2
1433684_at,Chmp6
1433685_a_at,Hjurp///A730008H23Rik///6430706D22Rik
1433686_at,Cabin1
1433687_at,Vmac
1433688_x_at,Rpl14-ps1///Rpl14
1433689_s_at,Rps9
1433690_at,2210016L21Rik
1433691_at,Ppp1r3c
1433692_at,Nat10
1433693_x_at,Vamp3
1433694_at,Pde3b
1433695_at,Cnrip1
1433696_at,Hn1l
1433697_at,Patl1
1433698_a_at,Txnl4a
1433699_at,Tnfaip3
1433700_at,Gskip
1433701_at,Mpped1
1433702_at,Ermp1
1433703_s_at,Bahd1
1433704_s_at,Sec62
1433705_at,Zfp213
1433706_a_at,Hacd3
1433707_at,Gabra4
1433708_at,Srp68
1433709_at,Cant1
1433710_at,Edc3
1433711_s_at,Sesn1
1433712_at,Cep170b
1433713_at,Gm13123///Gcn1l1
1433714_at,Sult4a1
1433715_at,Cpne7
1433716_x_at,Gfra2
1433717_at,Wbp1l
1433718_a_at,Cbx1
1433719_at,Slc9a9
1433720_s_at,Chchd10
1433721_x_at,Gm5963///Rps21
1433722_at,Akap13
1433723_s_at,Serf2
1433724_at,Fam91a1
1433725_at,Acvr1b
1433726_at,2310035C23Rik
1433727_at,Glb1l2
1433728_at,Glb1l2
1433729_x_at,Pmpcb
1433730_at,Elmod2
1433731_at,Igf2bp3
1433732_x_at,Igf2bp3
1433733_a_at,Cry1
1433734_at,Slc13a4
1433735_a_at,Tmem64
1433736_at,Hcfc1
1433737_at,Uhmk1
1433738_at,Papd5
1433739_at,Nol10
1433740_at,Tmem87b
1433741_at,Cd38
1433742_at,Kank1
1433743_at,Dach1
1433744_at,Lrtm2
1433745_at,Trio
1433746_at,Wdr3
1433747_at,Lnpep
1433748_at,Zdhhc18
1433749_at,Gna13
1433750_at,Slc31a1
1433751_at,Slc39a10
1433752_s_at,Trappc11
1433753_x_at,Eral1
1433754_at,Mbnl2
1433755_at,Mier1
1433756_at,S100pbp
1433757_a_at,Nisch
1433758_at,Nisch
1433759_at,Dpy19l1
1433760_a_at,Rhbdd3
1433761_at,Pde4dip
1433762_at,C630043F03Rik
1433763_at,Entpd5
1433764_at,Clec2l
1433765_at,Ube2o
1433766_at,Naa25
1433767_at,Arel1
1433768_at,Palld
1433769_at,Als2cl
1433770_at,Dpysl2
1433771_at,Abhd17b
1433772_at,Hspa13
1433773_at,Rrm2b
1433774_x_at,Cog1
1433775_at,C77080
1433776_at,Lhfp
1433777_at,L3mbtl2
1433778_at,Tnks
1433779_at,Casc4
1433780_at,Ubn1
1433781_a_at,Cldn12
1433782_at,Cldn12
1433783_at,Ldb3
1433784_at,Zfp871
1433785_at,Mobp
1433786_x_at,Serf2
1433787_at,Nell1
1433788_at,Nrxn3
1433789_at,Snhg3
1433790_at,Troap
1433791_at,Rab9b
1433792_at,Nrip2
1433793_s_at,Nrip2
1433794_at,Setx
1433795_at,Tgfbr3
1433796_at,Endod1
1433797_at,E130309D02Rik
1433798_a_at,E330034G19Rik
1433799_at,Rdh13
1433800_a_at,Pomc
1433801_at,9930012K11Rik
1433802_at,Tmem151a
1433803_at,Jak1
1433804_at,Jak1
1433805_at,Jak1
1433806_x_at,Calr
1433807_at,Bora
1433808_at,Mroh1
1433809_at,Ddx5
1433810_x_at,Ddx5
1433811_at,Mllt6
1433812_at,Lix1l
1433813_at,Ndc1
1433815_at,Jakmip1
1433816_at,Slc25a51
1433817_at,Agpat3
1433818_at,Agpat3
1433819_s_at,Agpat3
1433820_a_at,Tmem198b
1433821_at,Tmem198b
1433822_x_at,Anapc5
1433823_at,Ptpdc1
1433824_x_at,Grsf1
1433825_at,Ntrk3
1433826_at,Tspyl3
1433827_at,Atp8a1
1433828_at,Atp8a1
1433829_a_at,Hnrnpa2b1
1433830_at,Hnrnpa2b1
1433831_at,Dcaf17
1433832_at,Sun2
1433833_at,Fndc3b
1433834_at,March6
1433835_at,Ppp3cb
1433836_a_at,8430408G22Rik
1433837_at,8430408G22Rik
1433838_at,Dars2
1433839_at,Nars2
1433840_a_at,Ap5z1
1433841_at,Ap5z1
1433842_at,Lrrfip1
1433843_at,Hs1bp3
1433844_a_at,Dusp9
1433845_x_at,Dusp9
1433846_s_at,Fam175b
1433847_at,Strip2
1433848_at,Cdc27
1433849_at,Cdc27
1433850_at,Ppp4r2
1433851_at,Ppp4r2
1433852_at,Kidins220
1433853_at,Mib1
1433854_at,Tmem164
1433855_at,Abat
1433856_at,Ppip5k2
1433857_at,Fat1
1433858_at,Lrrc28
1433859_at,Ino80c
1433860_at,6030458C11Rik
1433861_at,Cc2d1b
1433862_at,Espl1
1433863_at,Btf3
1433864_at,Lrp12
1433865_at,Gm3669///E330010L02Rik///E330016L19Rik
1433866_x_at,Gm21399///Prdx1
1433867_at,1810030O07Rik
1433868_at,Btbd3
1433869_at,Zxdc
1433870_at,Prr15l
1433871_at,R3hdm1
1433872_at,Katnbl1
1433873_s_at,Pcnt
1433874_at,Ssh1
1433875_at,Efcab14
1433876_at,Lrrc24
1433877_at,Fam46b
1433878_at,Mrps26
1433879_a_at,Mapk1ip1l
1433880_at,Dnajc11
1433881_at,Dnajc11
1433882_at,Cnot10
1433883_at,Tpm4
1433884_at,Syt1
1433885_at,Iqgap2
1433886_at,Eif2b5
1433887_at,Dnajc3
1433888_at,Atp2b2
1433889_at,Sox9
1433890_a_at,Bag6
1433891_at,Lgr4
1433892_at,Spag5
1433893_s_at,Spag5
1433894_at,Jazf1
1433895_at,Tmem127
1433896_at,Tmem127
1433897_at,Tmem263
1433899_x_at,Tsc22d1
1433900_at,Tmem248
1433901_at,Caprin1
1433902_at,Kbtbd8
1433903_at,Prps1l3
1433904_at,Ggnbp1
1433905_at,Akap7
1433906_at,Clvs1
1433907_at,Pknox2
1433908_a_at,Cttn
1433909_at,Syt17
1433910_at,Zcchc6
1433911_at,Smg6
1433912_at,Tiprl
1433913_at,Uri1
1433914_at,Lipo3
1433915_s_at,Epn2
1433916_at,Vamp3
1433917_x_at,Gm20071///D2Bwg1423e
1433918_at,Atg4d
1433919_at,Asb4
1433920_at,Sema4c
1433921_s_at,Dph3
1433922_at,Rab35
1433923_at,Krt77
1433924_at,Peg3
1433925_at,Dync1li2
1433926_at,Dync1li2
1433927_at,Uspl1
1433928_a_at,Rpl13a
1433929_at,Nhlrc2
1433930_at,Hpse
1433931_at,R3hdm4
1433932_x_at,R3hdm4
1433933_s_at,Slco2b1
1433934_at,Sec24a
1433935_at,AU020206
1433936_at,Sdhaf1
1433937_at,Trp53bp2
1433938_at,Trp53bp2
1433939_at,Aff3
1433940_at,Spag7
1433941_at,Inpp5j
1433942_at,Myo6
1433943_at,Itprip
1433944_at,Hectd2
1433945_at,Fam189a1
1433946_at,Zik1
1433947_at,Rab37
1433948_at,Pla2g1b
1433949_x_at,Pla2g1b
1433950_at,Igsf21
1433951_at,Arl5a
1433952_at,Tufm
1433953_at,Zfp277
1433954_at,Brip1os
1433955_at,Brwd1
1433956_at,Cdh5
1433957_at,Rbm48
1433958_at,Cntrob
1433959_at,Zmat4
1433960_at,Isg20l2
1433961_at,Rrnad1
1433962_at,Trmt61a
1433963_a_at,Fermt3
1433964_s_at,Fermt3
1433965_at,Atp8a1
1433966_x_at,Asns
1433967_at,Bpifb9b
1433968_a_at,Megf9
1433969_at,Cdkl4
1433970_at,Bola3
1433971_at,Camta1
1433972_at,Camta1
1433973_at,Sephs1
1433974_at,Sephs1
1433975_at,Cdk10
1433976_at,Reep3
1433977_at,Hs3st3b1
1433978_at,4930430F08Rik
1433979_at,Rbms2
1433980_at,Kat5
1433981_s_at,Kat5
1433982_at,Usp28
1433983_at,Cnksr3
1433984_a_at,Mdh2
1433985_at,Abi2
1433986_at,Smim13
1433987_at,Hpcal4
1433988_s_at,Lzts1
1433989_at,Slc6a11
1433990_at,Lhfpl3
1433991_x_at,Dbi
1433992_at,Shroom2
1433993_at,4931406P16Rik
1433994_at,4931406P16Rik
1433995_s_at,Ccdc50
1433996_at,Suv39h2
1433997_at,Klhdc10
1433998_at,4933427D14Rik
1433999_at,Slk
1434000_at,Kras
1434001_at,Ttc9c
1434002_at,Foxn3
1434003_a_at,Dhps
1434004_at,Dhps
1434005_at,Rbms1
1434006_at,Mpv17l2
1434007_at,Gyltl1b
1434008_at,Scn4b
1434009_at,Arhgap35
1434010_at,Fam117b
1434011_a_at,Ints5
1434012_at,Ints5
1434013_at,Ablim3
1434014_at,Atg4c
1434015_at,Slc2a6
1434016_at,Znrf2
1434017_at,Znrf2
1434018_at,Fam168b
1434019_at,Pdap1
1434020_at,Pdap1
1434021_at,Emc1
1434022_at,Zbtb33
1434023_at,Cep120
1434024_at,Nphp4
1434026_at,Atp8b2
1434027_at,Rcan3
1434028_at,Arnt2
1434030_at,Gtpbp10
1434031_at,Zfp692
1434032_at,Agap3
1434033_at,Tle1
1434034_at,Cerk
1434035_at,Dnajb6
1434036_at,Mtss1
1434037_s_at,Kat2b
1434038_at,Dnajc13
1434039_at,Appbp2
1434040_at,Appbp2
1434041_at,Appbp2
1434042_s_at,Mtmr3
1434043_a_at,Repin1
1434044_at,Repin1
1434045_at,Cdkn1b
1434046_at,AA467197
1434047_x_at,Hnrnpa2b1
1434048_at,Slc35f6
1434049_at,Entpd3
1434050_at,Vps8
1434051_s_at,Hspa12a
1434052_at,AI593442
1434053_x_at,Atp5k
1434054_at,Mafg
1434055_at,Galnt9
1434056_a_at,Ndufb6
1434057_at,Ndufb6
1434058_at,Mtmr12
1434059_at,Fam214b
1434060_at,Herc1
1434061_at,Rp2
1434062_at,Rabgap1l
1434063_at,Zfp664
1434064_at,Orai3
1434065_at,Cwf19l1
1434066_at,Gtf3c1
1434067_at,AI662270
1434068_s_at,AI662270
1434069_at,Prex1
1434070_at,Jag1
1434071_a_at,Pelo
1434072_at,Mief2
1434073_at,Gprasp2
1434074_x_at,Arf4
1434075_at,BC030336
1434076_at,Wdr37
1434077_at,Wdr37
1434078_at,Ubfd1
1434079_s_at,Mcm2
1434080_at,Aebp2
1434081_at,Ap1g1
1434082_at,Cdk17
1434083_a_at,Elmod1
1434084_at,Zfp266
1434085_at,Zfp523
1434086_at,Gpr107
1434087_at,Mthfr
1434088_at,Zkscan17
1434089_at,Synpo
1434090_at,Dis3l2
1434091_at,Faah
1434092_at,Atg9b
1434093_at,Lysmd4
1434094_at,Tmem125
1434095_at,Unc5a
1434096_at,Slc4a4
1434097_at,Zfp930
1434098_at,Glra2
1434099_at,Ppargc1a
1434100_x_at,Ppargc1a
1434101_at,Nfib
1434102_at,Nfib
1434103_at,Slc35e1
1434104_at,Slc35e1
1434105_at,Epm2aip1
1434106_at,Epm2aip1
1434107_at,Spata2
1434108_at,Fbxo11
1434109_at,Sh3bgrl2
1434110_x_at,Gm21320///Mup19///Mup18///Mup16///Mup14///Mup11///Mup10///Mup9///Mup2///Mup1
1434111_at,Adgrl2
1434112_at,Adgrl2
1434113_a_at,Rexo4
1434114_at,Rexo4
1434115_at,Cdh13
1434116_at,Cbx2
1434117_at,Tceb3
1434118_at,Mul1
1434119_at,D2Wsu81e
1434120_a_at,Metap2
1434121_at,Lgi4
1434122_at,Fbxo27
1434123_at,Fut11
1434124_x_at,Lamtor1
1434125_at,Utp15
1434126_at,4930402H24Rik
1434127_a_at,Gm12657///Gm6749///H3f3c///Gm10257///H3f3b///H3f3a
1434128_a_at,Zfp574
1434129_s_at,Lhfpl2
1434130_at,Lhfpl2
1434131_at,Rufy1
1434132_at,E430025E21Rik
1434133_s_at,Dcaf8
1434134_at,Dcaf8
1434135_at,B3galnt2
1434136_at,Tmem229a
1434137_x_at,Zg16
1434138_at,Prune
1434139_at,Parp11
1434140_at,Mcf2l
1434141_at,Gucy1a3
1434142_at,Ppm1d
1434143_at,Atmin
1434144_s_at,Wdyhv1
1434145_s_at,Serhl
1434146_at,Gria2
1434147_at,Rell2
1434148_at,Tcf4
1434149_at,Tcf4
1434150_a_at,Mettl7a2///Mettl7a1
1434151_at,Mettl7a1
1434152_at,Gm8221///Apol7c
1434153_at,Shb
1434154_at,Kctd13
1434155_a_at,2310061I04Rik
1434156_at,Rab11fip4
1434157_at,Txlna
1434158_at,Gmds
1434159_at,Stk4
1434160_at,Zfp592
1434161_at,Gm7020///Lin52
1434162_at,Cacul1
1434163_at,Khdc1b
1434164_s_at,Khdc1b
1434165_at,Clic6
1434166_at,9330151L19Rik
1434167_at,Slc35e4
1434168_at,Peo1
1434169_at,Kazn
1434170_at,Dcaf12l1
1434171_at,Zfp874a
1434172_at,Cnr1
1434173_s_at,Pum3
1434174_at,Lysmd3
1434175_s_at,Tecpr1
1434176_x_at,Poldip3
1434177_at,Ece1
1434178_at,Kmt2c
1434179_at,Kmt2c
1434180_at,Fermt2
1434181_at,Fermt2
1434182_at,Ddx31
1434183_at,Samd1
1434184_s_at,Map4k4
1434185_at,Acaca
1434186_at,Lpar4
1434187_at,Alg11
1434188_at,Slc16a12
1434189_at,Stag1
1434190_at,Gm14680///Sms
1434191_at,Agmo
1434192_at,Zzef1
1434193_at,Gm12942
1434194_at,A730034C02///Map2
1434195_at,Prss35
1434196_at,Dnaja4
1434197_at,Atrn
1434198_at,Atpif1
1434199_at,Tmem151b
1434200_at,BC010981
1434201_at,Chrdl1
1434202_a_at,Fam107a
1434203_at,Fam107a
1434204_x_at,Shmt2
1434205_at,Ppp2r5c
1434206_s_at,Ppp2r5c
1434207_at,Rnf169
1434208_at,Rnf169
1434209_at,Prmt6
1434210_s_at,Lrig1
1434211_at,Sh3bgrl2
1434212_at,Ndufs8
1434213_x_at,Ndufs8
1434214_at,Lamtor4
1434215_at,B230308N11Rik
1434216_a_at,Nudt19
1434217_at,Prr14l
1434218_at,Prr14l
1434219_at,Stim2
1434220_at,Nup98
1434221_at,Mical3
1434222_at,Sipa1l1
1434223_at,LOC102643079///Oscp1
1434224_at,Tbl2
1434225_at,Swap70
1434226_at,Cyb561d1
1434227_at,Krtdap
1434228_at,Pdp1
1434229_a_at,Polb
1434230_at,Polb
1434231_x_at,Rpl35
1434232_a_at,Vma21
1434233_at,Vma21
1434234_at,Zfp341
1434235_at,Slc20a2
1434236_at,Zdhhc20
1434237_at,Upk3b
1434238_at,Taf2
1434239_at,Rrp12
1434240_at,Ddias
1434241_at,Tbc1d31
1434242_at,Usp37
1434243_s_at,Tomm70a
1434244_x_at,Trmt2a
1434245_a_at,Cyb561a3
1434246_at,L3mbtl3
1434247_at,Ldhal6b
1434248_at,Prkch
1434249_s_at,Trim9
1434250_at,Pak2
1434251_at,Gm6158///Cnot1
1434252_at,Tmcc3
1434253_s_at,Tmcc3
1434254_at,Gna11
1434255_at,Pacs2
1434256_s_at,Cds2
1434257_s_at,Pitpnb
1434258_s_at,Phactr4
1434259_at,Rbakdn
1434260_at,Fchsd2
1434261_at,Sipa1l2
1434263_at,Mfsd12
1434264_at,Ank2
1434265_s_at,Ank2
1434266_at,Fam185a
1434267_at,Nek1
1434268_at,Adar
1434269_at,Fam149b
1434270_at,Npcd///Nptxr
1434271_at,Gba2
1434272_at,Cpeb2
1434273_at,Fam174b
1434274_at,Mycbp2
1434275_at,Nkd2
1434276_x_at,BC004004
1434277_a_at,Ypel2
1434278_at,Mtm1
1434281_at,Dda1
1434282_at,Ibtk
1434283_at,Arid5b
1434284_at,Bdp1
1434285_at,Frmd4a
1434286_at,Trps1
1434287_at,Agpat5
1434288_at,Bivm
1434289_at,Nsun5
1434290_at,Gtdc1
1434291_a_at,Serf1
1434292_at,Snhg11
1434293_at,Hectd3
1434294_at,Fam199x
1434295_at,Rasgrp1
1434296_at,Zfp961
1434297_at,Nim1k
1434298_at,Zeb2
1434299_x_at,Ift27
1434300_at,U2surp
1434301_at,Fam84b
1434302_at,Raph1
1434303_at,Raph1
1434304_s_at,Nus1
1434305_at,U2af1l4
1434306_at,Rab3ip
1434307_at,Tmem64
1434308_at,Slc43a2
1434309_at,Fntb
1434310_at,Bmpr2
1434311_at,Cnot6l
1434312_at,Arf6
1434313_at,Ccdc126
1434314_s_at,Rab11fip5
1434315_at,Nipal3
1434316_at,Chsy1
1434317_s_at,Tex10
1434318_a_at,Tfe3
1434319_at,Mdh1
1434320_at,Gtf3c4
1434321_at,Atrip
1434322_at,Micall2
1434323_at,Eif3h
1434324_x_at,Eif3h
1434325_x_at,Prkar1b
1434326_x_at,Coro2b
1434327_at,2610020H08Rik
1434328_at,Gm10224///Gm4581///Rpl15
1434329_s_at,Adipor2
1434330_at,Tbcel
1434331_at,Ago1
1434332_at,Zzz3
1434333_a_at,Prkd2
1434334_at,Prkd2
1434335_at,Dip2b
1434336_s_at,Rcor1
1434337_at,Cmtm4
1434338_at,Rgp1
1434339_at,Fnbp1l
1434340_at,Uqcr10
1434341_x_at,Uqcr10
1434342_at,S100b
1434343_at,Zfp954
1434344_at,Gpkow
1434345_at,Clrn3
1434346_at,Rufy2
1434347_s_at,Rufy2
1434348_at,Fez2
1434349_at,Vars2
1434350_at,Csrnp1
1434351_at,Nup214
1434352_at,Bmt2
1434353_at,Sfmbt2
1434354_at,Maob
1434355_at,Zfp617
1434356_a_at,Psma5
1434357_a_at,Kpnb1
1434358_x_at,Gm5963///Rps21
1434359_at,Fam65b
1434360_s_at,Ptprg
1434361_at,Snx33
1434363_x_at,Paxip1
1434364_at,Map3k14
1434365_a_at,BC055324
1434366_x_at,C1qb
1434367_s_at,Nutf2-ps1///Gm9386///Nutf2-ps2///Nutf2
1434368_at,1700008K24Rik
1434369_a_at,Cryab
1434370_s_at,Faf1
1434371_x_at,Usp7
1434372_at,AW112010
1434373_at,Fam168a
1434374_at,Fam168a
1434375_at,Fam168a
1434376_at,Cd44
1434377_x_at,Rps6-ps4///Rps6
1434378_a_at,Mxd4
1434379_at,Mxd4
1434380_at,Gbp7
1434381_at,Atmin
1434382_at,Serinc2
1434383_at,Pja2
1434384_at,Nrip1
1434385_at,Tom1l2
1434386_at,Atp2c1
1434387_at,Fam234a
1434388_at,Mob3a
1434389_at,Sos1
1434390_at,AI503316///Hnrnpu
1434391_at,AI503316///Hnrnpu
1434392_at,Usp34
1434393_at,Usp34
1434394_at,N4bp2
1434395_at,Man1a2
1434396_a_at,Gm8894///Gm5526///Myl6
1434397_at,Zdhhc17
1434398_at,Nkrf
1434399_at,Galnt6
1434400_at,Tgif2
1434401_at,Zcchc2
1434402_at,Samd8
1434403_at,Spred2
1434404_at,Fam73a
1434405_at,Fnip1
1434406_at,Srgap2
1434407_at,Srgap2
1434408_at,Atxn3
1434409_at,Armcx6
1434410_at,Crybg3
1434411_at,Col12a1
1434412_x_at,Stub1
1434413_at,Igf1
1434414_at,Foxred2
1434415_at,Dact3
1434416_a_at,Capn15
1434417_at,Capn15
1434418_at,Cers6
1434419_s_at,Tardbp
1434420_x_at,Tomm22
1434421_at,Islr2
1434422_at,1700066M21Rik
1434423_at,Gulp1
1434424_at,Mfsd7b
1434425_at,Tchh
1434426_at,Ncapd3
1434427_a_at,Rnf157
1434428_at,Fam221a
1434429_at,Syt16
1434430_s_at,Adora2b
1434431_x_at,Adora2b
1434432_at,Rffl
1434433_x_at,Wdr61
1434434_s_at,Tcerg1
1434435_s_at,Cox17
1434436_at,Morc4
1434437_x_at,Rrm2
1434438_at,Samhd1
1434439_at,Gsk3b
1434440_at,Gnai1
1434441_at,Aaed1
1434442_at,Stbd1
1434443_at,Anapc1
1434444_s_at,Anapc1
1434445_at,Arhgap39
1434446_at,Insr
1434447_at,Met
1434448_at,Txlna
1434449_at,Aqp4
1434450_s_at,Adrbk2
1434451_at,Atxn1
1434452_x_at,Eif2a
1434453_at,Polr3a
1434454_at,Adcy9
1434455_at,Fbxo44
1434456_at,Rundc3b
1434457_at,Sp100
1434458_at,Fst
1434459_at,Zc3h4
1434460_at,Bbs4
1434461_at,Zfp715
1434462_at,Cep44
1434463_at,Bfsp2
1434464_at,Aqp12
1434465_x_at,Vldlr
1434466_at,Atcay
1434467_at,Atcay
1434468_at,Otud4
1434469_at,Otud4
1434470_at,Syt13
1434471_at,BC003331
1434472_at,Dusp3
1434473_at,Slc16a5
1434474_at,Abca5
1434475_at,Ppig
1434476_at,Crtc1
1434477_at,Heca
1434478_at,Heca
1434479_at,Col5a1
1434480_at,Pdpr
1434481_at,Msl1
1434482_at,Szrd1
1434483_at,Usp12
1434484_at,Wfdc21
1434485_a_at,Ugp2
1434486_x_at,Ugp2
1434487_at,Mef2d
1434488_at,Arfrp1
1434489_at,Elmo3
1434490_at,Scarf1
1434491_a_at,Cox6c
1434492_at,Eogt
1434493_at,1810022K09Rik
1434494_at,Zar1
1434495_at,Patz1
1434496_at,Plk3
1434497_at,4933431E20Rik
1434498_at,Gm1673
1434499_a_at,Ldhb
1434500_at,Ttyh2
1434501_at,Ypel4
1434502_x_at,Slc4a1
1434503_s_at,Lamp2
1434504_at,Zfyve28
1434505_a_at,6430548M08Rik
1434506_at,Arid2
1434507_at,Npepl1
1434508_at,Ube2q1
1434509_at,Rapgef6
1434510_at,Papss2
1434511_at,Phkb
1434512_x_at,Srsf3
1434513_at,Atp13a3
1434514_at,Rbm15
1434515_at,Ncoa1
1434516_at,Pstk
1434517_at,Wdfy2
1434518_at,Phka2
1434519_at,Ddah1
1434520_at,Sc5d
1434521_at,Rfx7
1434522_at,Wdr4
1434523_x_at,Eif3e
1434524_at,Eif2b3
1434525_at,Pkn3
1434526_at,Ephx4
1434527_at,Nlrp4b
1434528_at,Aard
1434529_x_at,Chfr
1434530_at,Tenm4
1434531_at,Mgat5b
1434532_at,Csrnp2
1434533_x_at,Ceacam11
1434534_at,Dsc3
1434535_at,Krt222
1434536_at,Gpr75
1434537_at,Slco3a1
1434538_x_at,Eif2b2
1434539_at,Lrrn3
1434540_a_at,Clta
1434541_x_at,Khdrbs1
1434542_at,Gpt2
1434543_a_at,Bola2
1434544_at,Bola2
1434545_x_at,Bola2
1434546_at,Smg5
1434547_at,Cpd
1434548_at,Serinc3
1434549_at,Rab11a
1434550_at,3830406C13Rik
1434551_at,Hnrnpul2
1434552_at,Wdr77
1434553_at,Tmem56
1434554_at,Trim37
1434555_at,Anp32a
1434556_at,Tmem170b
1434557_at,Hip1
1434558_at,Wdr47
1434559_at,Stx3
1434560_at,Wdtc1
1434561_at,Asxl1
1434562_at,Mfap3
1434563_at,Rps6kc1
1434564_at,E2f3
1434565_at,Cgrrf1
1434566_a_at,Pramef8
1434567_at,Pramef8
1434569_at,Tada2b
1434570_at,Bend3
1434571_at,Vps13b
1434572_at,Hdac9
1434573_at,Traf3ip3
1434574_at,Snhg17
1434575_at,Epb41l1
1434576_at,Cep41
1434577_at,BC052040
1434578_x_at,Ran
1434579_x_at,Ndufs8
1434580_at,Enpp4
1434581_at,Mturn
1434582_at,Erc2
1434583_at,Tmem26
1434584_a_at,Gm13102///Pramel5///Pramel4
1434585_at,Gm2808///Tulp4
1434586_a_at,Ptdss2
1434587_x_at,Ptdss2
1434588_x_at,Tbca
1434589_x_at,Surf4
1434590_at,Bend6
1434591_at,Zfp862-ps
1434592_at,Slc16a10
1434593_at,Eif5a2
1434594_at,Dnah1
1434595_at,Trim9
1434596_at,Sema4d
1434597_at,Larp4b
1434598_at,Larp4b
1434599_a_at,Tjp2
1434600_at,Tjp2
1434601_at,Amigo2
1434602_at,Med13l
1434603_at,Med13l
1434604_at,Eif5b
1434605_at,Eif5b
1434606_at,Erbb3
1434607_at,Ddx52
1434608_at,Ddx52
1434609_at,Vprbp
1434610_at,Plec
1434611_at,Rnf123
1434612_s_at,Sbno1
1434613_at,1810013L24Rik
1434616_at,Slc38a10
1434617_x_at,Slc38a10
1434618_at,Crebzf
1434619_at,Rptor
1434620_s_at,Fam13b
1434621_at,Tmem204
1434622_at,Iqce
1434623_at,Kxd1///Uba52
1434624_x_at,Rps9
1434625_at,Zfp943
1434626_at,Rpusd3
1434627_at,Nrf1
1434628_a_at,Rhpn2
1434629_at,Zbtb26
1434630_at,Ankrd28
1434631_at,D3Ertd751e
1434633_at,Crebbp
1434634_at,Ccdc189
1434635_at,Rph3a
1434636_at,Homez
1434637_x_at,Sin3b
1434639_at,Klhl29
1434640_at,Nrsn2
1434641_x_at,Sez6l2
1434642_at,Hsd17b11
1434643_at,Tbl1x
1434644_at,Tbl1x
1434645_at,C530008M17Rik
1434646_s_at,Sap18b///Sap18
1434647_at,Egflam
1434648_a_at,Ccm2
1434649_at,Ccm2
1434650_at,Pogz
1434651_a_at,Cldn3
1434652_at,Cdc42bpb
1434653_at,Ptk2b
1434654_at,Cog3
1434655_at,Foxk1
1434656_at,Ralgapb
1434657_at,Gls
1434658_at,Sppl2b
1434659_at,Avl9
1434660_at,Alkbh1
1434661_at,Syngr1
1434662_at,Atg4a
1434663_at,Mzt1
1434664_at,Mzt1
1434665_at,Aga
1434666_at,Pcgf5
1434667_at,Col8a2
1434668_at,Nucks1
1434669_at,Ralgps1
1434670_at,Kif5a
1434671_at,Ptpn4
1434672_at,Gpr22
1434673_at,Gpr22
1434674_at,Lyst
1434675_at,Zfp763
1434676_at,Mtmr9
1434677_at,Hps5
1434678_at,Mbnl3
1434679_at,Ncan
1434680_at,Plekhg3
1434681_at,Txlng
1434682_at,Zfp770
1434683_at,Cux1
1434684_at,Rin3
1434685_at,Plppr4
1434686_at,Supt20
1434687_at,C730026J16///Zbtb38
1434688_x_at,Drg1
1434689_at,Zfp637
1434690_at,Lclat1
1434691_at,Scaf11
1434692_at,Tyw5
1434693_at,Gm10699
1434694_at,Lrrc8a
1434695_at,Dtl
1434696_at,Ift52
1434697_at,Ddx6
1434698_at,Mia3
1434699_at,G2e3
1434700_at,G2e3
1434701_at,Alkbh5
1434702_at,Ddrgk1
1434703_at,Extl3
1434704_at,Kmt2e
1434705_at,Ctbp2
1434706_at,Vcpip1
1434707_at,Sbf1
1434708_at,Vhl
1434709_at,Nrcam
1434710_at,Dhx29
1434711_at,BC030867
1434712_at,Mief1
1434713_at,Mief1
1434714_at,Ero1lb
1434715_at,1600014C10Rik
1434716_at,Havcr1
1434717_at,Cul3
1434718_at,Cul3
1434719_at,A2m
1434720_at,Zfp652
1434721_at,Ankle2
1434722_at,Ampd1
1434723_at,E130307A14Rik
1434724_at,Usp31
1434725_at,Gramd1c
1434726_at,Catsperd
1434727_at,Hepacam
1434728_at,Gria3
1434729_at,Zc4h2
1434730_at,Mir9-3hg
1434731_x_at,Gm21399///Prdx1
1434732_x_at,Tomm7
1434733_at,Stk36
1434734_at,Rad54b
1434735_at,Hlf
1434736_at,Hlf
1434737_at,Obfc1
1434738_at,Tarsl2
1434739_at,Fmr1nb
1434740_at,Scarf2
1434741_at,Rreb1
1434742_s_at,Aifm3
1434743_x_at,Rusc1
1434744_at,Yrdc
1434745_at,Ccnd2
1434746_at,Mga
1434747_at,Ctrc
1434748_at,Ckap2
1434749_at,Mettl25
1434750_at,Exoc3
1434751_at,Ids
1434752_at,Zfp207
1434753_at,Nfrkb
1434754_at,Rap1gap2
1434755_at,Coro2b
1434756_at,Fzd4
1434757_at,Cbfa2t2
1434758_at,Crispld2
1434759_at,Lrrtm3
1434760_at,Lrrtm3
1434761_at,Lrrtm3
1434762_at,Orai2
1434763_at,Orai2
1434764_at,Akap11
1434765_at,Ep300
1434766_at,Prkaa2
1434767_at,Mis18bp1
1434768_at,Tpp1
1434769_at,Btbd9
1434770_at,Iqcb1
1434771_at,0610011F06Rik
1434772_at,Adora2b
1434773_a_at,Slc2a1
1434774_at,Rhbdf2
1434775_at,Pard3
1434776_at,Sema5a
1434777_at,Mycl
1434778_at,Wapl
1434779_at,Cbln2
1434780_at,Mtus2
1434781_at,Dnajc16
1434782_at,Usp42
1434783_at,Tmem106c
1434784_s_at,Tmem106c
1434785_at,Cacng5
1434786_at,Ppp1r12b
1434787_at,Arf3
1434788_at,Fzd3
1434789_at,Depdc1b
1434790_a_at,Lta4h
1434791_at,Atp6v0a2
1434792_at,2010320M18Rik
1434793_at,Wdr78
1434794_at,Rhof
1434795_at,Disp1
1434796_at,Vamp4
1434797_at,Kirrel
1434798_at,Atp6v0d2
1434799_x_at,Aldoa
1434800_at,Sv2b
1434801_x_at,Slc25a5
1434802_s_at,Ntf3
1434803_a_at,Sycn
1434804_at,Exoc6b
1434805_at,Mllt1
1434806_at,Mtx3
1434807_s_at,Mtx3
1434808_at,Palb2
1434809_at,Arhgap28
1434810_a_at,Cage1
1434811_at,Cage1
1434812_s_at,Dok7
1434813_x_at,Wars
1434814_x_at,Gpi1
1434815_a_at,Mapkapk3
1434816_at,Vps33a
1434817_s_at,Rprd2
1434818_at,Gm15663
1434819_at,St6gal2
1434820_s_at,Pkig
1434821_at,Brd1
1434822_at,Pphln1
1434823_x_at,Myeov2
1434824_at,Baz1b
1434825_at,Tnrc18
1434826_at,Rfesd
1434827_at,Thoc6
1434828_at,Fam102b
1434829_at,Cbl
1434830_at,Mxd1
1434831_a_at,Foxo3
1434832_at,Foxo3
1434833_at,Map4k2
1434834_at,Socs7
1434835_at,Wapl
1434836_at,Nfatc2ip
1434837_at,Mdc1
1434838_at,Kcng2
1434839_s_at,Tbl1xr1
1434840_at,Agfg1
1434841_at,Ino80d
1434842_s_at,Upf3b
1434843_at,Fam179b
1434844_at,Hexdc
1434845_at,AI195381
1434846_at,Dennd4c
1434847_at,Cnnm4
1434849_at,Tspyl2
1434850_at,Iqgap3
1434851_s_at,Crb3
1434852_at,Pla2g2f
1434853_x_at,Mkrn1
1434854_a_at,Rps10
1434855_at,Amdhd2
1434856_at,Ankrd44
1434857_at,Zfp783
1434858_x_at,Zfp511
1434859_at,Umps
1434860_at,Dpy19l4
1434861_at,Klhl28
1434862_at,Fut2
1434863_at,Dnajc18
1434864_at,Nipa1
1434865_a_at,Exoc7
1434866_x_at,Cpt1a
1434867_at,Slc4a11
1434868_at,4933431E20Rik
1434869_at,Tdrd3
1434870_at,2810004N23Rik
1434871_at,Cox17
1434872_x_at,Rpl37rt///Rpl37
1434873_a_at,Acap1
1434874_x_at,Acap1
1434875_a_at,Hmgn3
1434876_at,Gxylt1
1434877_at,Nptx1
1434879_at,Cdc34
1434880_at,Etv6
1434881_s_at,Mir5130///Kctd12
1434882_at,Mtdh
1434883_at,Mtdh
1434884_at,Mtdh
1434885_at,Spty2d1
1434886_at,Opa3
1434887_at,Ncs1
1434888_a_at,Matr3
1434889_at,Plekha7
1434890_at,Opa1
1434891_at,Ptgfrn
1434892_x_at,Rbbp4
1434893_at,Atp1a2
1434894_at,Zc3h13
1434895_s_at,Ppp1r13b
1434896_at,Zfp955a
1434897_a_at,Slc25a4
1434898_at,Tnrc6a
1434899_s_at,Tnrc6a
1434900_at,Mkl1
1434901_at,Zbtb2
1434902_at,Rnf157
1434903_s_at,Il1rl2
1434904_at,Hivep2
1434905_at,Ndufa4l2
1434906_at,0610005C13Rik
1434907_at,Tbpl1
1434908_at,Scaf1
1434909_at,Rragd
1434910_at,A830080D01Rik
1434911_s_at,Arhgap19
1434912_at,Ric3
1434913_at,Hmgcll1
1434914_at,Rab6b
1434915_s_at,Lrrc19
1434916_at,Vkorc1l1
1434917_at,Cobl
1434918_at,Sox6
1434919_at,Agps
1434920_a_at,Evl
1434921_at,Nr2e1
1434922_at,Phf12
1434923_at,Cox19
1434924_at,Phf2
1434925_at,Plppr5
1434926_at,Arhgef11
1434927_at,Hspb7
1434928_at,Gas2l1
1434929_at,BC035044
1434930_at,Tpcn1
1434931_at,Neo1
1434932_at,Adarb1
1434933_at,Rc3h1
1434934_at,Atpaf1
1434935_at,Aak1
1434936_at,Hirip3
1434937_at,Mycbp2
1434938_at,Rbfox2
1434939_at,Foxf1
1434940_x_at,Rgs19
1434941_s_at,Esf1
1434942_at,Esf1
1434943_at,Morn4
1434944_at,Dmpk
1434945_at,Lpcat2
1434946_at,Dnajc27
1434947_at,Kif3c
1434948_at,Rab11fip2
1434949_at,Armc8
1434950_a_at,Armc8
1434951_at,Armc8
1434952_at,Emc8
1434953_at,Ccdc93
1434954_at,Mpp5
1434955_at,March1
1434956_at,Rnf170
1434957_at,Cdon
1434958_at,Sacs
1434959_at,Dhh
1434960_at,Taf9b
1434961_at,Asb1
1434962_x_at,Ccl27a
1434963_at,Supt3
1434964_at,Amz2
1434965_at,R3hcc1l
1434966_at,Sfswap
1434967_at,Zswim6
1434968_a_at,Actr3
1434969_at,Celf5
1434970_a_at,Mrpl15
1434971_x_at,Mrpl15
1434972_x_at,LOC102641923///Srsf1
1434973_at,Car7
1434974_at,Pdk1
1434975_x_at,Pisd-ps3
1434976_x_at,Eif4ebp1
1434977_at,Fam210a
1434978_at,Fam210a
1434979_at,Fam210a
1434980_at,Pik3r5
1434981_at,Enkd1
1434982_at,Rnf182
1434983_at,Ccdc108
1434984_at,Plk5
1434985_a_at,Eif4a1
1434986_a_at,Sec61a1
1434987_at,Aldh2
1434988_x_at,Aldh2
1434989_at,Unc80
1434990_at,Ppm1e
1434991_at,Fbxw17
1434992_at,Zfr2
1434993_at,Brinp3
1434994_at,Dedd
1434995_s_at,Dedd
1434996_at,Slc25a16
1434997_at,Cdk19
1434998_at,Iqgap1
1434999_at,Suv420h1
1435000_at,Gspt1
1435001_at,Plaa
1435002_at,Zfp507
1435003_at,Pi4ka
1435004_at,Pank4
1435005_at,Cenpe
1435006_s_at,Abcb7
1435007_s_at,Slc25a47
1435008_at,Slc9a6
1435009_at,Slc9a6
1435010_at,Asb7
1435011_x_at,Akr1a1
1435012_x_at,LOC102641402///Cela3a///Cela3b
1435013_at,Dnaaf5
1435014_at,Rab39b
1435015_at,Zfp787
1435016_at,Trak2
1435017_at,Cisd3b///Cisd3
1435018_at,Cacfd1
1435019_at,Atxn7l3
1435020_at,Klhdc2
1435021_at,Gabrb3
1435022_at,Alx1
1435023_at,Itsn2
1435024_at,4931428F04Rik
1435025_at,Ogfod1
1435026_at,Spock2
1435027_at,Golga1
1435028_at,Wdr7
1435029_at,Zak
1435030_at,Upf2
1435031_at,Tmem120a
1435032_at,Golgb1
1435033_at,Arhgef4
1435034_at,Rpap2
1435035_at,Trmt10a
1435036_at,Aspg
1435037_at,Pgap3
1435038_s_at,Aak1
1435039_a_at,Pip5k1a
1435040_at,Irak3
1435041_at,Myl6
1435042_at,9130004C02Rik
1435043_at,Plcb1
1435044_at,Ebf4
1435045_s_at,Mapk8ip2
1435047_at,Rab3c
1435048_at,AI854703
1435049_s_at,AI854703
1435050_at,Arfgef3
1435051_at,Wdr44
1435052_at,Ccdc181
1435053_s_at,Plekhh1
1435054_at,Eme1
1435055_a_at,Tom1
1435056_x_at,Pofut2
1435057_x_at,Polr1e
1435058_x_at,Stxbp3
1435059_at,Asap1
1435060_at,Tmod2
1435061_at,Nudt10///Nudt11
1435062_at,Srrm4
1435063_at,Fam43b
1435064_a_at,Tmem27
1435065_x_at,Vav2
1435066_at,Pitpnc1
1435067_at,Rabl6
1435068_at,Pip4k2b
1435069_at,BC064078
1435070_at,Aebp2
1435071_at,Zfyve1
1435072_at,Zfyve1
1435073_a_at,Armc9
1435074_at,Tmem106b
1435075_at,Tmem106b
1435076_at,Fam57a
1435077_at,Asxl1
1435078_at,Tanc2
1435079_at,Pnisr
1435080_x_at,Pnisr
1435081_at,Sypl
1435082_at,Sypl
1435083_at,Ctxn1
1435084_at,C730049O14Rik
1435085_at,Crebl2
1435086_s_at,Klhdc2
1435087_at,Zfp362
1435088_at,Nsd1
1435089_at,2010111I01Rik
1435090_at,Tubgcp6
1435091_at,Zfp568
1435092_at,Arl4a
1435093_at,Rbsn
1435094_at,Kcnj16
1435095_at,Gabrb1
1435096_at,Ric8b
1435097_at,Mmab
1435098_at,Mfsd4b4
1435099_at,Utp14a
1435100_at,Ybey
1435101_at,Derl2
1435102_a_at,Stx18
1435103_x_at,Farsb
1435104_at,Zdhhc21
1435105_at,Rnf208
1435106_at,Limch1
1435107_at,Ptpdc1
1435108_at,Arhgap22
1435109_at,Tmem175///0710007G10Rik
1435110_at,Unc5b
1435111_at,2310011E23Rik
1435112_a_at,Atp5h
1435113_x_at,Stmn3
1435114_at,Wdhd1
1435115_at,Fndc5
1435116_at,Map10
1435117_a_at,Dnajc27
1435118_at,Tsen2
1435119_at,Gm19439
1435120_at,Cdh11
1435121_at,Dio3os
1435122_x_at,Dnmt1
1435123_at,Efr3b
1435124_at,Vwa5b2
1435125_at,Prima1
1435126_at,Dusp15
1435127_a_at,Osgepl1
1435128_at,Baiap2
1435129_at,Ptp4a2
1435130_at,Tvp23a
1435131_at,Zfp13
1435132_at,Disp1
1435133_at,Ugcg
1435134_at,Nceh1
1435135_at,Nceh1
1435136_at,Whsc1
1435137_s_at,A130040M12Rik///1200015M12Rik
1435138_at,Fam155a
1435139_at,Naa15
1435140_at,Ide
1435141_at,Sft2d2
1435142_at,Sft2d2
1435143_at,Elk3
1435144_at,Fyb
1435145_at,Cadm2
1435146_s_at,Cadm2
1435147_x_at,Cadm2
1435148_at,Atp1b2
1435149_at,Plcg1
1435150_at,Tapt1
1435151_a_at,Rps3
1435152_at,Leng8
1435153_at,Btbd6
1435154_at,AU018091
1435155_at,Cgn
1435156_at,Cep104
1435157_at,Hook3
1435158_at,Rbm12b1
1435159_at,9430038I01Rik
1435160_at,Ahsa2
1435161_at,Sepsecs
1435162_at,Prkg2
1435163_at,Zfp871
1435164_s_at,Uba3
1435165_at,Cntn2
1435166_at,Cntn2
1435167_at,Ranbp6
1435168_at,Zfp710
1435169_at,Crebrf
1435170_at,Tsr2
1435171_at,LOC102642487
1435172_at,Eomes
1435173_at,Ate1
1435174_at,Rsbn1
1435175_at,BC034090
1435176_a_at,Id2
1435177_a_at,Anapc5
1435178_x_at,Anapc5
1435179_at,C130071C03Rik
1435180_at,Podn
1435181_at,Lin54
1435182_at,Ccdc61
1435183_at,Tbkbp1
1435184_at,Npr3
1435185_at,Lrrcc1
1435186_s_at,Lrrcc1
1435187_at,Tomm20
1435188_at,Ciart
1435189_at,Frmpd1
1435190_at,Chl1
1435191_at,Cdsn
1435192_at,Sox3
1435193_at,A230050P20Rik
1435194_at,Hspa4
1435195_at,Vash1
1435196_at,Ntrk2
1435197_at,Pou3f3
1435198_at,Gm5817
1435199_at,Apc2
1435200_at,Smim10l2a
1435201_at,Tmem174
1435202_at,Zfp574
1435203_at,Man2a2
1435204_at,Prmt8
1435205_at,Tfap2e
1435206_at,Slc24a4
1435207_at,Dixdc1
1435208_at,Dtx3l
1435209_at,Focad
1435210_s_at,Snph
1435211_at,Ttc12
1435212_at,P2rx2
1435213_at,Nhlrc1
1435214_at,Gjc2
1435215_at,Synrg
1435216_a_at,Odf2
1435217_at,Gm7969
1435218_at,Rasgef1a
1435219_x_at,Becn1
1435220_s_at,Cdc42se2
1435221_at,Foxp1
1435222_at,Foxp1
1435223_at,Erlin2
1435224_at,Crebbp
1435225_s_at,Brpf3
1435226_at,Rnf19b
1435227_at,Bcl11b
1435228_at,BC023829
1435229_at,Gramd1b
1435230_at,Ankrd12
1435231_at,Coq4
1435232_x_at,Mrpl15
1435233_at,Ncoa2
1435234_at,Ncoa2
1435235_at,Txnl1
1435236_at,Tceanc
1435237_at,2310009A05Rik
1435238_x_at,2310009A05Rik
1435239_at,Gria1
1435240_at,Baz2b
1435241_at,Heatr5a
1435242_at,Pds5b
1435243_at,Zfp746
1435244_at,Vav2
1435245_at,Gls2
1435246_at,Paqr8
1435247_at,Uba5
1435248_a_at,Btaf1
1435249_at,Btaf1
1435250_at,Ints8
1435251_at,Snx13
1435252_at,B3galt6
1435253_at,Rab11b
1435254_at,Plxnb1
1435255_at,Plxnb1
1435256_at,Clip3
1435257_at,Klhl17
1435258_at,Tmem141
1435259_s_at,Tmem141
1435260_at,Akt3
1435261_at,Tmtc1
1435262_at,Pign
1435263_at,Tmem106a
1435264_at,Emilin2
1435265_at,Fbxo32
1435266_at,Scai
1435267_at,Gm40469///6820431F20Rik///2610005L07Rik///1810015C11Rik///D0Kist3
1435268_at,Gnaz
1435269_at,Eef1akmt1
1435270_x_at,Eef1akmt1
1435271_at,Irf3
1435272_at,Itpkb
1435273_at,Wars2
1435274_at,Spopl
1435275_at,Cox6b2
1435276_a_at,Dgcr2
1435277_x_at,Nme1
1435278_at,Sft2d3
1435279_at,Szt2
1435280_at,Pde4d
1435281_at,Cpt1c
1435282_at,Fam189a2
1435283_s_at,Fam189a2
1435284_at,Rtn4
1435285_at,Mpped2
1435286_at,Epha5
1435287_at,Add2
1435288_at,Coro1a
1435289_at,Engase
1435290_x_at,H2-Aa
1435291_at,Lemd3
1435292_at,Tbc1d4
1435293_at,Adam22
1435295_at,Dopey1
1435296_at,Adra2c
1435297_at,Gjd2
1435298_at,Cog5
1435299_at,Cdk7
1435300_at,Letm1
1435301_at,1110004E09Rik
1435302_at,Taf4b
1435303_at,Taf4b
1435304_at,Sod1
1435305_at,Ntrk2
1435306_a_at,Kif11
1435307_at,Ankrd34b
1435308_at,Fut9
1435309_at,Tti2
1435310_at,Syn3
1435311_s_at,Syn3
1435312_at,Paqr7
1435313_at,Cd200r4
1435314_at,Tph2
1435315_s_at,Far1
1435316_at,Psma6
1435317_x_at,Psma6
1435318_at,E130218I03Rik
1435319_at,Ip6k2
1435320_at,Ctdspl2
1435321_at,Limch1
1435322_at,Ankrd40
1435323_a_at,Mboat1
1435324_x_at,LOC102635075///Gm21596///Hmgb1-ps10///Hmgb1
1435325_at,Usp46
1435326_at,Lpgat1
1435327_at,Lpgat1
1435328_at,Cyhr1
1435329_at,Kdm2a
1435330_at,Pyhin1
1435331_at,Pyhin1
1435332_at,Htr7
1435333_at,Ndufaf4
1435334_at,Ttc7
1435335_a_at,Gnptab
1435336_at,Celsr2
1435337_at,Tshz3
1435338_at,Cdk6
1435339_at,Kctd15
1435340_at,Kdm4a
1435341_at,Ppig
1435342_at,Kcnk6
1435343_at,Dock10
1435344_at,Tfdp2
1435345_at,Cercam
1435346_at,Ccdc82
1435347_at,Stau1
1435348_at,Kdm5c
1435349_at,Nrp2
1435350_at,Traf6
1435351_at,Bend5
1435352_at,Pigk
1435353_a_at,Pisd-ps1///Pisd-ps3
1435354_at,Kcnj15
1435355_at,Neb
1435356_at,Fbxo42
1435357_at,Rsrp1
1435358_at,Cuedc1
1435359_at,Mtss1l
1435360_at,Zfp651
1435361_at,Sema3g
1435362_at,Foxj3
1435363_at,Plekhg1
1435364_at,Cyhr1
1435365_at,Spata33
1435366_at,D430042O09Rik
1435367_at,Mapk4
1435368_a_at,Parp1
1435369_at,Fastkd5
1435370_a_at,Ces1d
1435371_x_at,Ces1d
1435372_a_at,Pa2g4
1435373_at,Csnk1e
1435374_at,Cdyl2
1435375_at,Fam105a
1435376_at,Ddhd2
1435377_at,Trappc13
1435378_at,Smim5
1435379_at,Urb2
1435380_at,Cox10
1435381_at,Atat1
1435382_at,Ndn
1435383_x_at,Ndn
1435384_at,Mcg1038069///Ube2n
1435385_at,Tshz2
1435386_at,Vwf
1435387_at,Slc2a13
1435388_at,Ndor1
1435389_at,Reps2
1435390_at,Eri2
1435391_at,Rbm33
1435392_at,Wdr17
1435393_at,Mc1r
1435394_s_at,Rhoc
1435395_s_at,Atp5j2
1435396_at,Stxbp6
1435397_at,Zbtb44
1435398_at,Stxbp5
1435399_at,Synpo2
1435400_at,Micu3
1435401_at,Ttc26
1435402_at,Gramd1b
1435403_at,1700007L15Rik
1435404_at,Disp2
1435405_at,Setd4
1435406_at,Cchcr1
1435407_at,Zkscan16
1435408_at,N4bp2l2
1435409_at,Tmem26
1435410_at,Tcam1
1435411_at,Neurod2
1435412_at,Syce3
1435413_x_at,2700060E02Rik
1435414_s_at,Dctn1
1435415_x_at,Marcksl1
1435416_x_at,Pigq
1435417_at,AI464131
1435418_at,Slc22a8
1435419_at,Rgag4
1435420_at,Slc4a5
1435421_at,Fsd1
1435422_at,Gskip
1435423_x_at,Gskip
1435424_x_at,Shisa9
1435425_at,Pisd-ps1///Pisd-ps3
1435426_s_at,Pisd-ps1///Pisd-ps3
1435427_x_at,Fam193a
1435428_at,Fam193a
1435429_x_at,Rps27l
1435430_at,LOC102641872///Trappc10
1435431_at,Psmg4
1435432_at,Agap1
1435433_at,Agap1
1435434_at,Braf
1435435_at,Cttnbp2
1435436_at,Epas1
1435437_at,Setd7
1435438_at,Sox8
1435439_at,Dgcr8
1435440_at,Pdzd8
1435441_at,Ablim2
1435442_at,Dcaf13
1435443_at,Eya3
1435444_at,Atf6
1435445_at,Ccnt2
1435446_a_at,Chpt1
1435447_at,Mip
1435448_at,Bcl2l11
1435449_at,Bcl2l11
1435450_at,Cpne3
1435451_at,Helq
1435452_at,Slc35g1
1435453_at,Mir124a-1hg
1435454_a_at,Helz2
1435455_at,Iffo2
1435456_at,Ttc28
1435457_at,Pdzd4
1435458_at,Pim1
1435459_at,Fmo2
1435460_at,Prkg2
1435461_at,Magi3
1435462_at,Plcxd2
1435463_s_at,Myo1d
1435464_at,Smim14
1435465_at,Kbtbd11
1435466_at,Sarm1
1435467_at,Fgd6
1435468_at,B3gnt9
1435469_at,Qsox2
1435470_at,Gm29782
1435471_at,Zfp708
1435472_at,Kremen1
1435473_at,Ppp1r26
1435474_at,Taf5
1435475_at,Lman2l
1435476_a_at,Fcgr2b
1435477_s_at,Fcgr2b
1435478_at,Wdr26
1435479_at,Bmp7
1435480_at,Braf
1435481_at,Zfp653
1435482_at,Fibcd1
1435483_x_at,Slc25a32
1435484_at,Slc5a3
1435485_at,Emc1
1435486_at,Pak3
1435487_at,Grid2
1435488_at,Mthfd2l
1435489_at,Rnf130
1435490_at,Hk3
1435491_at,Zfp963
1435492_at,Socs6
1435493_at,Dsp
1435494_s_at,Dsp
1435495_at,Adora1
1435496_at,Fam213a
1435497_at,Ticrr
1435498_at,Arfip2
1435499_at,Letm2
1435500_at,Rab26
1435501_at,Atg2b
1435502_a_at,Brdt
1435503_at,Ap5z1
1435504_at,Clip4
1435505_at,Dmwd
1435506_at,Cdkl3
1435507_x_at,Prss2
1435508_x_at,Sf3b6
1435509_x_at,Cdk2ap1
1435510_at,Ppm1h
1435511_at,Syn2
1435512_at,Ccdc184
1435513_at,Htr2c
1435514_at,Lztfl1
1435516_x_at,Rtel1
1435517_x_at,Ralb
1435518_at,Rap1b
1435519_at,Rap1b
1435520_at,Msi2
1435521_at,Msi2
1435522_a_at,Ost4
1435523_s_at,Smim10l1
1435524_at,Snhg8
1435525_at,Kctd17
1435526_at,Tor1aip2
1435527_at,Nfic
1435528_at,Dnlz
1435529_at,Ifit1bl1
1435530_at,Camsap1
1435531_at,Usp3
1435532_at,Rimklb
1435533_s_at,Rimklb
1435534_a_at,Tomm20
1435535_at,Depdc5
1435536_at,Ddi2
1435537_at,Ptprd
1435538_at,0610030E20Rik
1435539_at,Htt
1435540_at,Irgq
1435541_at,Btc
1435542_s_at,Cttnbp2nl
1435543_at,Apc
1435544_at,Aars///Exosc6
1435545_at,Gltscr1l
1435546_a_at,1810013L24Rik
1435547_at,Mkl2
1435548_at,Mrs2
1435549_at,Trpm4
1435550_at,Kmt2d
1435551_at,Fhod3
1435552_at,Otud7b
1435553_at,Pdzd2
1435554_at,Tmcc3
1435555_at,Pou2f1
1435556_at,Zfp597
1435557_at,Fhod1
1435558_at,Adgrb2
1435559_at,Myo6
1435560_at,Itgal
1435561_at,Erf
1435562_at,Pdzd8
1435563_at,Mrps5
1435564_at,Neurl1b
1435565_at,Vps29
1435566_s_at,Araf
1435567_at,Phka1
1435568_at,Ttc37
1435569_at,D630029K05Rik
1435570_s_at,D630029K05Rik
1435571_at,Mpzl3
1435572_at,Rnf225
1435573_at,Otud5
1435575_at,Kntc1
1435576_at,AW413774
1435577_at,Dab1
1435578_s_at,Dab1
1435580_at,Peak1
1435581_at,Bace2
1435582_at,Wdfy4
1435584_at,A630033H20Rik
1435585_at,Tceal7
1435586_at,Pcid2
1435587_at,Pcid2
1435588_at,Wdfy1
1435589_at,Ccdc85b
1435590_at,Dcun1d5
1435591_at,AI426330
1435592_at,Eif5b
1435593_x_at,Rps7
1435594_at,Atl2
1435595_at,1810011O10Rik
1435596_at,Gsap
1435597_at,Atad5
1435598_at,BB319198
1435599_at,Ccm2l
1435600_s_at,Ccm2l
1435601_at,Phlpp2
1435602_at,Sephs2
1435603_at,Sned1
1435604_at,Trim37
1435605_at,Actr3b
1435606_at,Gal3st4///Gpc2
1435607_at,Grm2
1435608_at,Znrf3
1435609_at,Trp53bp1
1435610_at,Fam19a4
1435611_x_at,Cela3b
1435612_at,Opcml
1435613_x_at,Cox5b
1435614_s_at,Rasgrf1
1435615_at,Zfp365
1435616_at,Cyp20a1
1435617_at,Camkmt
1435618_at,Pnma2
1435619_at,Phf21a
1435620_at,Klhdc9///Pfdn2
1435621_at,Far2
1435622_at,Hs3st3a1
1435623_at,Rnft2
1435624_at,Kazn
1435625_at,Entpd7
1435626_a_at,Herpud1
1435627_x_at,Marcksl1
1435628_x_at,F630007L15Rik///Gm6958///BC005512
1435630_s_at,Acat2
1435631_x_at,Exoc6///Sh3glb1
1435632_at,Nufip2
1435633_at,Pwwp2a
1435634_at,Pcmtd1
1435635_at,Pcmtd1
1435636_at,Ago2
1435637_at,Itfg1
1435638_at,Gsk3a
1435639_at,2610528A11Rik
1435640_x_at,A130040M12Rik
1435641_at,Mgat4a
1435642_at,Prr18
1435643_x_at,Gm1821///Ubb
1435644_at,Sh3pxd2b
1435645_at,Mmd
1435646_at,Ikbkg
1435647_at,Ikbkg
1435648_at,Lrrn4
1435649_at,Nexn
1435650_at,Hapln4
1435651_a_at,Smarcad1
1435652_a_at,Gnai2
1435653_at,Abhd2
1435654_at,Ccdc14
1435655_at,Rpl12
1435656_at,Gmps
1435657_at,Ston2
1435658_at,Slc27a1
1435659_a_at,Tpi1
1435660_at,LOC664787
1435661_at,Tmem237
1435662_at,Nkap
1435663_at,Esr1
1435664_at,Zfp397
1435665_at,Trim30d
1435666_at,Mast3
1435667_at,Rims1
1435668_at,Fam120b
1435669_at,Zfp532
1435670_at,Tfap2b
1435671_at,Mipol1
1435672_at,3830612M24
1435673_at,AI448005
1435674_at,Rhobtb2
1435675_at,Tbc1d12
1435676_at,Cep164
1435677_at,Pomgnt2
1435678_at,Pantr1
1435679_at,Optn
1435680_a_at,Dpp7
1435681_s_at,Ddx49
1435682_at,Lars2
1435683_a_at,Abcc5
1435684_at,Abcc5
1435685_x_at,Abcc5
1435686_at,Fam149b
1435687_at,Sv2b
1435688_at,Gm19935
1435689_at,Ermard
1435690_at,Knop1
1435691_at,Hykk
1435692_at,Kctd21
1435693_at,Mall
1435694_at,Arhgap26
1435695_a_at,Ggct
1435696_s_at,Srek1ip1
1435697_a_at,Cytip
1435698_at,Rictor
1435699_at,Ppm1l
1435700_at,Tln2
1435701_at,Cyyr1
1435702_s_at,Ywhae
1435703_at,Ubash3b
1435704_at,C920006O11Rik
1435705_at,Zscan18
1435706_at,Btbd9
1435707_at,Nars2
1435709_at,Ssr4
1435710_at,AI661384
1435711_at,AI480526
1435712_a_at,Rps18
1435713_at,Mettl2
1435714_x_at,Il17d
1435715_x_at,Gm9855///Tdg-ps///Tdg
1435716_x_at,Snurf///Snrpn
1435717_at,Slc30a7
1435718_at,Ap3s2
1435719_at,AI448984
1435720_at,Kcnd3
1435721_at,Kcnq4
1435722_at,Gria4
1435723_at,Gm9776
1435724_at,Rfx8
1435725_x_at,Gm15793///Gm32899///LOC102635048///Rpl12
1435726_at,Lima1
1435727_s_at,Lima1
1435728_at,Tyw3
1435729_at,Lamtor2
1435730_at,Cacna1c
1435731_x_at,Prdx4
1435732_x_at,Atp6v0c
1435733_x_at,Rnaseh2c
1435734_x_at,Dus1l
1435735_x_at,Vimp
1435736_x_at,Ift27
1435737_a_at,Nde1
1435738_x_at,Serf2
1435739_at,Lats1
1435740_at,Zmiz1
1435741_at,Pde8b
1435742_at,Smek1
1435743_at,Klhl23
1435744_at,Firre
1435745_at,5031439G07Rik
1435746_at,Srpk2
1435747_at,Fgf14
1435748_at,Gda
1435749_at,Gda
1435750_at,Gchfr
1435751_at,Abcc9
1435752_s_at,Abcc9
1435753_a_at,Nucks1
1435754_at,Zyg11b
1435755_at,Cebpzos
1435756_at,Samd10
1435757_a_at,Uqcrc2
1435758_at,B4galt6
1435759_at,Ctps2
1435760_at,Csta1
1435761_at,BC100530///Stfa1
1435762_at,Pacs1
1435763_at,Tbc1d16
1435764_a_at,Gemin7
1435765_at,E130114P18Rik
1435766_at,Pphln1
1435767_at,Scn3b
1435768_at,Arid4b
1435769_at,Akap9
1435770_at,Tmx4
1435771_at,Plcb4
1435772_at,Kif21b
1435773_at,Parpbp
1435774_at,LOC106740///Phf10
1435775_at,Clock
1435776_at,2310009B15Rik
1435777_at,Itpripl2
1435778_at,Ankrd11
1435779_at,Cntrl
1435780_at,Psd
1435781_at,Cand1
1435782_at,Gm4802
1435783_at,Fam169a
1435784_at,Atg9a
1435785_at,Ehd2
1435786_at,Klhl12
1435787_at,Ppm1l
1435788_at,Actr10
1435790_at,Olfm2
1435791_x_at,LOC102641612///LOC101056140///Rpl17-ps9///Rpl17-ps10///Gm10362///Rpl17
1435792_at,LOC100503923///Gm15433///LOC100041903///Gm2666///Gm7609///Csprs
1435793_at,Aph1b
1435794_at,5031425E22Rik
1435795_at,Tmppe
1435796_at,Wscd2
1435797_at,Ept1
1435798_a_at,Sugp2
1435799_at,Sugp2
1435800_a_at,Ybx3
1435801_at,Fktn
1435802_at,Zbtb45
1435803_a_at,Eif4e2
1435804_at,Eif4e2
1435805_at,Lin7a
1435806_at,Utp23
1435807_at,Cdc42
1435808_at,Iba57
1435809_at,Ankrd34a
1435810_at,Fra10ac1
1435811_a_at,Unc50
1435812_at,Unc50
1435813_at,Mypn
1435814_at,Xpo7
1435815_at,Ldoc1
1435816_at,LOC102643254///Rps6-ps4///Rps6
1435817_x_at,LOC102643254///Rps6-ps4///Rps6
1435818_at,Klhl15
1435820_x_at,Ddr1
1435821_s_at,Ppp1r8
1435822_at,D830012I24Rik
1435823_x_at,Egfl7
1435824_at,Yy1
1435825_at,Acvrl1
1435826_at,Rad18
1435827_at,4933404O12Rik
1435828_at,LOC102641248///Maf
1435829_at,Zmat1
1435830_a_at,Rab7b
1435831_at,Upk1b
1435832_at,Lrrc4
1435834_at,Fancf
1435835_at,Mks1
1435836_at,Pdk1
1435837_at,Cryab
1435838_at,Agxt2
1435839_at,Gm7694
1435840_x_at,BC147527
1435841_s_at,Suclg2
1435842_at,Nat8l
1435843_x_at,Mrps9
1435844_at,A330009N23Rik
1435845_at,Asphd2
1435847_at,Cdc42bpa
1435848_at,D430041D05Rik
1435849_at,Jakmip3
1435850_at,Xkr4
1435851_at,Lgi1
1435852_at,Spred3
1435853_at,Cyp2d12
1435854_at,Opalin
1435855_x_at,Aldh18a1
1435856_x_at,Smarcb1
1435857_s_at,Aplp1
1435858_at,Tmem215
1435859_x_at,Psmc2
1435860_at,Slc5a6
1435861_at,Ppfia1
1435862_at,Son
1435863_at,Commd6
1435864_a_at,Coa6
1435865_at,Hist3h2a///Trim17
1435866_s_at,Hist3h2a
1435867_at,Kdm7a
1435868_at,Ankrd13c
1435869_s_at,Ap2a2
1435870_at,Chpt1
1435871_at,Elavl3
1435873_a_at,Gm11478///Rpl13a
1435874_at,Prkab2
1435875_at,Prkab2
1435876_at,Gm6600
1435877_at,Stk38l
1435878_at,Stk38l
1435879_at,Akt3
1435880_at,Ankrd50
1435881_at,Pcbp2
1435882_at,Ubap2l
1435883_at,Tango6
1435884_at,Itsn1
1435885_s_at,Itsn1
1435886_at,Dnajb12
1435887_at,Serpina11
1435888_at,Egfr
1435889_at,Mark2
1435890_at,Atl3
1435892_at,Asxl3
1435893_at,Vldlr
1435895_at,Lsamp
1435896_at,Sfxn2
1435897_at,Rpl32l///Rpl32
1435898_x_at,Gdi2
1435899_at,Kdsr
1435900_at,Zbtb43
1435901_at,Usp40
1435902_at,Nudt18
1435903_at,Cd300a
1435904_at,Ago3
1435905_at,Supt20
1435906_x_at,Gbp2
1435907_at,Nrxn2
1435908_at,Gm14964
1435909_at,C030034I22Rik
1435910_at,Fads3
1435911_s_at,Slc2a12
1435912_at,Ubxn7
1435913_at,B4galnt4
1435914_at,Ncor1
1435915_at,Jmjd4
1435916_at,Zfp84
1435917_at,Ociad2
1435918_at,Fam107a
1435919_at,Atp1a1
1435920_x_at,Atp1a1
1435921_at,Atxn1l
1435922_at,Fbxl19
1435923_at,Ado
1435924_at,Tfb1m
1435925_at,Git2
1435926_at,Chml
1435927_at,Dennd3
1435928_at,6430548M08Rik
1435929_at,Tigar
1435930_at,Scaper
1435932_at,Hps6
1435933_at,Scn2a1
1435934_at,Ndufab1
1435935_at,2410131K14Rik
1435936_at,Slc13a5
1435937_at,Sptlc2
1435938_at,Ckap2l
1435939_s_at,Hepacam2
1435940_at,Dclk1
1435941_at,Rhbdl3
1435942_at,Kcnq2
1435943_at,Dpep1
1435944_s_at,Cenpb
1435945_a_at,Kcnn4
1435946_at,Sepsecs
1435947_at,2810455D13Rik
1435948_at,Tmem181c-ps///Tmem181b-ps///Tmem181a
1435949_at,Zc3h3
1435950_at,Hr
1435951_at,Grip1
1435952_at,Tsc22d1
1435953_at,Btaf1
1435954_at,Zfp710
1435955_at,Siglecg
1435956_at,Frmd5
1435957_at,B830032F12///Kcnq3
1435958_at,LOC100135765///Pigb
1435959_at,Arhgap15
1435960_at,Pnmal2
1435961_at,Nat14
1435962_at,LOC102643254///Rps6-ps4///Rps6
1435963_at,Sema5b
1435964_a_at,Taok3
1435965_at,Cnot3
1435966_x_at,Mrpl13
1435967_s_at,Hibadh
1435968_at,Ptprn2
1435969_at,Slx4
1435970_at,Nlk
1435971_at,Rims3
1435972_at,Cast
1435974_at,Arhgef9
1435975_at,Dennd4a
1435976_at,Gm13205
1435977_at,Hdgfrp3
1435978_at,Gmppa
1435979_a_at,Myo15b
1435980_x_at,Wnt6
1435981_at,Nav2
1435982_at,Stx12
1435983_at,Gm20621
1435984_at,Zfp40
1435986_x_at,Sdhc
1435987_x_at,1110059G02Rik///Sntb1
1435988_x_at,Ik
1435989_x_at,Krt8
1435990_at,Adamts2
1435991_at,Nr3c2
1435992_at,Iqca
1435993_at,Zkscan4
1435994_at,Kcnh1
1435995_at,Mrpl22
1435996_at,Card11
1435997_at,Spag8
1435998_at,Ccnb1ip1
1435999_at,Spink8
1436000_a_at,Skp2
1436001_at,Minos1
1436002_at,Scube3
1436004_at,Usp27x
1436005_at,Sugp2
1436006_at,Eif2ak1
1436007_a_at,Thumpd1
1436008_at,Tpd52
1436009_at,Usp30
1436010_at,Lrrc16b
1436011_at,Elmo2
1436012_s_at,Scrn2
1436013_at,Gsg1l
1436014_a_at,Rusc1
1436015_s_at,Stk4
1436016_x_at,Gdi2
1436017_at,Aars2
1436018_at,Mex3a
1436019_a_at,Trappc1
1436020_at,Champ1
1436021_at,Mfsd4a
1436022_at,Exog
1436023_at,Bclaf1
1436024_at,Pced1a
1436025_at,Ccdc88a
1436026_at,Zfp703
1436027_at,Osbpl11
1436028_at,Tmem33
1436029_at,Bicc1
1436030_at,Cachd1
1436031_at,Cachd1
1436033_at,Fam214a
1436034_at,Cep68
1436035_at,Plekhd1
1436036_at,Whsc1
1436037_at,Itga4
1436038_a_at,Pigp
1436039_at,Cmah
1436040_at,Snhg12
1436041_at,Hand2
1436042_at,Tln1
1436043_at,Scn7a
1436044_at,Scn7a
1436045_at,Tsga10
1436046_x_at,LOC102642233///Gm10913///Gm12508///Gm8210///Rpl29
1436047_at,Ctif
1436048_at,Exoc8
1436049_at,Tox4
1436050_x_at,Hes6
1436051_at,Myo5a
1436052_at,Gpatch2l
1436053_at,Tbc1d22b
1436054_at,Khnyn
1436055_at,Lrrc15
1436056_at,Kif13b
1436057_at,Meg3
1436058_at,Rsad2
1436059_at,Rfx1
1436060_at,Gm15706
1436062_at,Arcn1
1436063_at,Loxl1
1436064_x_at,Rps24
1436065_at,Ccr9
1436066_at,Kalrn
1436067_at,Zbtb10
1436068_at,Zbtb10
1436069_at,Ing5
1436070_at,Glo1
1436071_at,Ankrd26
1436072_at,Zfp950
1436073_at,Ccdc186
1436074_at,Nfkbid
1436075_at,Sfrp5
1436076_at,Dlgap1
1436077_a_at,Fcho1
1436078_at,Fcho1
1436079_s_at,Vapb
1436080_at,AW011738
1436081_a_at,Zfp414
1436082_at,Myef2
1436083_at,Lrp3
1436084_at,Scrt1
1436085_at,Zbtb34
1436086_at,Lca5l
1436087_at,Dpp10
1436088_at,Fam49b
1436089_at,Ints6
1436090_at,Enpp6
1436091_at,Spats2l
1436093_at,Epha10
1436094_at,Vgf
1436095_at,Chd5
1436096_at,Mkln1
1436097_x_at,Arhgap9
1436098_at,Bche
1436099_at,Ccdc184
1436100_at,Sh2d5
1436101_at,Rnf24
1436102_at,Sec22c
1436103_at,Rab3ip
1436104_a_at,Ccdc74a
1436105_at,Ccdc74a
1436106_x_at,Ccdc74a
1436107_at,Lsm8
1436108_at,Txndc9
1436109_at,Mfsd4b1
1436110_at,Homer2
1436111_at,Tmem212
1436112_at,Tmem266
1436113_a_at,St13
1436114_at,Rnf165
1436115_at,Gm266
1436116_x_at,Appl1
1436117_at,A830010M20Rik
1436118_at,Vangl2
1436119_at,Aldh1l2
1436120_at,Setdb2
1436121_a_at,Nsmce1
1436122_at,Zfp667
1436123_at,Bsn
1436124_at,Pcyt1b
1436125_at,D16Ertd472e
1436126_at,Dnali1
1436127_at,Crhbp
1436128_at,Plekha8
1436129_at,Adam6b
1436130_s_at,Adam6a///Adam6b
1436131_at,Siglech
1436132_at,Soga1
1436133_at,Ccdc127
1436134_at,Scn2b
1436135_at,Nlgn3///2900075N08Rik
1436136_at,Noc2l
1436137_at,Slc6a17
1436138_at,Ttc19
1436139_at,Mdga2
1436140_at,Dennd6b
1436141_at,Cabp7
1436142_at,Akap5
1436143_at,Nbas
1436144_at,Rpl31-ps12///Rpl31
1436146_at,4930481A15Rik
1436147_at,Snx19
1436148_at,Tnr
1436149_at,Cox5b
1436150_at,Fam219a
1436151_x_at,Sde2
1436152_a_at,Lamtor5
1436153_a_at,Zmynd11
1436155_at,Nmnat2
1436156_at,Ccar1
1436157_at,Ccar1
1436158_at,Eif4ebp2
1436159_at,Usp32
1436160_at,Krt26
1436161_at,Pds5b
1436162_at,Slc22a30
1436163_at,Kcnj16
1436164_at,Slc30a1
1436165_at,Luc7l2
1436166_at,Stox2
1436167_at,Shf
1436168_at,C730029A08Rik///Paqr9
1436169_at,Paqr9
1436170_a_at,Csn1s2a
1436171_at,Arhgap30
1436172_at,Gm20559
1436173_at,Dlc1
1436174_at,Atad2
1436175_at,Atxn7
1436176_at,1500004A13Rik
1436177_at,Plekha2
1436178_at,P3h2
1436179_a_at,Dnajc5
1436180_at,Dnajc5
1436181_at,Asap2
1436182_at,Satb1
1436183_at,Zc3hav1
1436184_at,Zfp512b
1436185_at,AI314180
1436186_at,E2f8
1436187_at,Lppos
1436188_a_at,Ndrg4
1436189_at,Nqo2
1436190_at,Zfp618
1436191_at,Arid4a
1436192_at,Arfgef2
1436193_at,Man1c1
1436194_at,Prelid2
1436195_at,Lrrc75a
1436196_at,C030046G05
1436197_at,Cdc42bpg
1436198_at,2310075K07Rik
1436199_at,Trim14
1436200_at,Lonrf3
1436201_x_at,Mbp
1436202_at,Malat1
1436203_a_at,1110059G02Rik///Sntb1
1436204_at,1110059G02Rik///Sntb1
1436205_at,Nfasc
1436206_at,Fbxo10
1436207_at,Tcf7l1
1436208_at,Asb1
1436209_at,Dnajc16
1436210_at,Gk5
1436211_at,Alyref
1436212_at,Tmem71
1436213_a_at,Kansl1l
1436214_at,Kansl1l
1436215_at,Ipmk
1436216_s_at,Inf2
1436217_at,Zfp148
1436218_at,Lgr6
1436219_at,Fam210a
1436220_at,Zfp287
1436221_at,Ildr2
1436222_at,Gas5
1436223_at,Itgb8
1436224_at,Kif1c
1436225_at,Trpm2
1436226_at,Tceb1
1436227_at,Lefty2
1436228_at,Zranb1
1436229_at,Fam126b
1436230_at,Adgrg5
1436231_at,2900052N01Rik
1436232_a_at,Gabpb1
1436233_at,Btnl9
1436234_at,Simc1
1436235_x_at,Simc1
1436236_x_at,Cotl1
1436237_at,Ttc9
1436238_at,Lgi3
1436239_at,Slc5a5
1436240_at,B230214O09Rik
1436241_s_at,Hira
1436242_a_at,Cklf
1436243_at,Frmd5
1436244_a_at,Tle2
1436245_at,Usp20
1436247_at,Ints2
1436248_at,Rasal2
1436249_at,Ttll4
1436250_at,Tmem74b
1436251_at,Pde1c
1436252_at,Slc45a1
1436253_at,Pex16
1436254_at,Ube2f
1436255_at,D830044I16Rik
1436256_at,Grpel2
1436257_at,Ss18
1436258_at,Arhgef9
1436259_at,Gm15523
1436260_at,Cacna1e
1436262_x_at,Otud5
1436263_at,Mobp
1436264_at,BC025920
1436265_at,Gm10419
1436266_x_at,Cbx1
1436267_a_at,Mtor
1436268_at,Ddn
1436269_s_at,Htra2
1436270_at,Cyb5d1
1436271_at,Apol7e///Apol7b
1436272_at,Rab3gap2
1436273_at,Pms2
1436274_at,Mrap2
1436275_at,Kcnip2
1436277_at,Rnf207
1436278_at,Fundc1
1436279_at,Slc26a7
1436280_at,Zscan20
1436281_at,B230307C23Rik
1436282_at,4732440D04Rik
1436283_at,Tmem52b
1436284_s_at,Zfp319
1436285_at,Ccdc113
1436286_at,B830017H08Rik
1436287_at,Apela
1436288_at,Wfdc15a
1436289_x_at,1600014C10Rik
1436291_a_at,Dpys
1436292_a_at,Oaz1
1436293_x_at,Ildr2
1436294_at,Ankrd29
1436295_at,Hcrtr1
1436296_x_at,Dnaic2
1436297_a_at,Grina
1436298_x_at,Paics
1436299_at,Gls
1436300_at,Dstyk
1436301_at,Dstyk
1436302_at,Slc10a7
1436303_at,Mllt4
1436304_at,Tmem200a
1436305_at,Rnf217
1436306_at,Ppp6r1
1436307_at,Myo9a
1436308_at,Zfp292
1436309_at,Neto2
1436310_at,Gemin5
1436311_at,Gemin5
1436312_at,Ikzf1
1436313_at,Scyl2
1436314_at,Scyl2
1436315_at,Kat6a
1436316_at,Klf13
1436317_at,Pgap1
1436318_at,Tardbp
1436319_at,Sulf1
1436321_at,B3gnt7
1436322_a_at,2810001A02Rik
1436323_at,2810001A02Rik
1436324_at,Stard9
1436325_at,Rora
1436326_at,Rora
1436327_a_at,Vps53
1436328_at,Rnmt
1436329_at,Egr3
1436330_x_at,Zfp995
1436331_at,Vps13d
1436332_at,Hspb6
1436333_a_at,Synj1
1436334_at,Synj1
1436335_at,Plch2
1436336_at,Ptrh1
1436337_at,Tmem243
1436338_at,Sik2
1436339_at,1810058I24Rik
1436340_at,Frrs1l///9630041G16Rik
1436341_at,Hmbox1
1436342_a_at,Ubxn1
1436343_at,Chd4
1436344_at,C2cd2
1436345_at,5730559C18Rik
1436346_at,Cd109
1436347_a_at,5530601H04Rik
1436349_at,2700094K13Rik
1436350_at,Fam171b
1436351_at,Coq3
1436352_at,Cep78
1436353_at,A230046K03Rik
1436354_at,Dzip1l
1436355_at,Fads6
1436356_at,Samd4
1436357_at,Gm10374
1436358_at,Atpaf1
1436359_at,Ret
1436360_at,Zscan22
1436361_at,Vgll2
1436362_x_at,2700079J08Rik
1436363_a_at,Nfix
1436364_x_at,Nfix
1436365_at,Zbtb7c
1436366_at,Ppp1r15b
1436367_at,Ptprb
1436368_at,Slc16a10
1436369_at,2900076A07Rik
1436370_at,Gucy2c
1436371_at,Recql
1436372_a_at,Pdxdc1
1436373_at,Map3k10
1436374_x_at,F11r
1436375_at,Srbd1
1436376_s_at,Srbd1
1436377_at,Gpr137
1436378_at,Lrrfip2
1436379_at,Crtc3
1436380_at,Cdc42bpa
1436381_at,Dlgap3
1436382_at,Zbtb12
1436383_at,Cplx2
1436384_at,Rps10
1436385_at,Ganc
1436386_x_at,Zfp982
1436387_at,C330006P03Rik///Homer1
1436388_a_at,3830406C13Rik
1436390_a_at,Clcc1
1436391_s_at,Clcc1
1436392_s_at,Tfap2c
1436393_a_at,Trim37
1436394_at,Trim37
1436395_at,Card6
1436396_at,Wdr60
1436397_at,Tifab
1436399_s_at,Nrk
1436400_at,Fxr1
1436401_at,Ankdd1b
1436402_at,LOC102633979///Dohh
1436403_at,Fam171a2
1436404_at,Tlcd1
1436405_at,Dock4
1436407_at,Amer3
1436408_at,Rprml
1436409_at,Cox8a
1436410_at,Arhgef33
1436411_at,Atp13a5
1436413_at,Frk
1436414_at,Obsl1
1436415_at,Med29
1436416_x_at,Timm10b
1436417_at,Slc19a3
1436418_at,Mrgbp
1436419_a_at,1700097N02Rik
1436420_a_at,Ipo4
1436421_s_at,Arpc5l
1436422_at,Fam206a
1436423_at,Themis
1436424_at,1600020E01Rik
1436425_at,Kank4
1436426_at,Cc2d2a
1436427_at,Prpf4b
1436428_at,Chrnb2
1436429_at,Zfp606
1436430_at,B430105G09Rik
1436431_at,1700025G04Rik
1436432_at,Fgf12
1436433_at,BC049762
1436434_at,E2f2
1436435_at,9530026P05Rik
1436436_at,Cnih4
1436437_at,Oosp3
1436438_s_at,Dcaf5
1436439_at,1700016G14Rik
1436440_at,Slc25a12
1436442_at,Ptpn14
1436443_a_at,Kdelc1
1436444_at,Sertm1
1436445_at,Gm996
1436446_at,8030462N17Rik
1436447_at,A630026N12Rik
1436448_a_at,Ptgs1
1436449_at,Pcdh11x
1436450_at,Rbfox3
1436451_a_at,Gm10698///Tmed2
1436452_x_at,Gm10698///Tmed2
1436453_at,BB144871
1436454_x_at,Fen1
1436455_at,Asph
1436456_at,Slc38a9
1436457_at,Ube2i
1436458_at,Sema6a
1436459_at,Gpr161
1436460_at,Tmem194
1436462_at,Gm35744///Gm4724///Gm14308///0610010B08Rik///Gm14434///Gm14326///Gm14391///Gm14430
1436463_at,Jakmip2
1436464_at,LOC102632463
1436465_at,Klhl1
1436466_at,Khnyn
1436468_at,Zdhhc8
1436469_at,Brd7
1436470_at,Rims2
1436471_at,Rab36
1436472_at,Slfn9
1436473_at,Zfp248
1436474_at,Clec18a
1436475_at,Nr2f2
1436476_at,Dand5
1436477_x_at,Rab2a
1436478_at,1810013L24Rik
1436479_a_at,Dpp7
1436480_at,Dpp7
1436481_at,Atp7b
1436482_a_at,Sdc3
1436483_at,Myt1l
1436484_at,Fndc9
1436485_s_at,Whrn
1436486_x_at,Whrn
1436487_x_at,Fbxw2
1436488_at,Csn1s2a
1436489_x_at,Pomgnt2
1436490_x_at,Ran
1436491_at,Gm11346
1436492_x_at,Gm29695///Lemd1
1436493_at,Ctxn2
1436494_x_at,Trmt1
1436495_s_at,Zfp260
1436496_at,1700012O15Rik
1436497_at,Igf1it
1436498_at,Arih1
1436499_at,Sgms1
1436500_at,Rps24
1436501_at,Mtus1
1436502_at,Mtus1
1436503_at,BC048546
1436504_x_at,Apoa4
1436505_at,Ppig
1436506_a_at,Snhg6
1436507_at,Irak2
1436508_at,Mlec
1436509_at,Mlec
1436510_a_at,Lrrfip2
1436511_at,Sde2
1436512_at,Arl4c
1436513_at,Tanc2
1436514_at,Gpc4
1436515_at,Bach2
1436516_at,Abhd13
1436517_at,H1fx
1436518_at,Usp46
1436519_a_at,Ldah
1436520_at,Ahnak2
1436521_at,Slc36a2
1436522_at,Map3k3
1436523_s_at,1810022K09Rik
1436524_at,4833438C02Rik
1436525_at,Ap3s2
1436526_at,Gnptg
1436528_at,Kazald1
1436529_at,Adgra1
1436530_at,Wfdc17
1436531_at,Metap2
1436532_at,Dclk3
1436533_at,Trove2
1436534_at,Trove2
1436535_at,Trove2
1436536_at,Exoc3l
1436537_at,Zfp629
1436538_at,Ankrd37
1436539_at,Clmn
1436541_at,Knop1
1436542_at,Pkn1
1436543_at,Gtpbp10
1436544_at,Atp10d
1436545_at,Dtx4
1436547_at,Dgke
1436548_at,Lyrm9
1436549_a_at,Hnrnpa1
1436550_at,Fbxo30
1436551_at,Fgfr1
1436552_at,Jakmip2
1436553_at,Lhfpl4
1436554_at,Ikzf5
1436555_at,Slc7a2
1436556_at,Tmem139
1436557_at,Krt73
1436558_at,Taf1d
1436559_a_at,Psmd10
1436560_at,Kif3a
1436561_at,Suv39h2
1436562_at,Ddx58
1436563_at,4932441J04Rik
1436564_at,Rims4
1436565_at,Ceacam10
1436566_at,Rab40b
1436567_a_at,Ndufa7
1436568_at,Jam2
1436569_at,Prex2
1436570_at,Pag1
1436571_at,Otud3
1436572_at,Cep95
1436573_at,Scrn3
1436574_at,Znf41-ps
1436575_at,Grin3a
1436576_at,Fam26f
1436577_at,Arhgef9
1436578_at,Ermn
1436579_s_at,Itsn1
1436581_at,Ttc14
1436582_at,Zdhhc15
1436583_at,Dscc1
1436584_at,Spry2
1436585_at,BB182297
1436586_x_at,Rps14
1436587_at,Wdr38
1436588_at,Rttn
1436589_x_at,Prkd2
1436590_at,Ppp1r3b
1436591_at,Vsig10
1436592_at,Zfp811
1436593_at,1700016K19Rik
1436594_at,Zfp719
1436595_at,Rbm34
1436596_at,H2afv
1436597_at,Ankhd1
1436598_at,Icos
1436600_at,Tox3
1436601_at,Fbxo46
1436602_x_at,Cacna1b
1436603_at,Tbl2
1436604_at,Ttll3
1436605_at,Tkt
1436607_a_at,Kidins220
1436608_at,Pced1b
1436609_a_at,Lrpap1
1436610_at,Ankrd12
1436611_at,Slc39a12
1436612_at,2410004I01Rik
1436613_at,Coro6
1436614_at,March3
1436615_a_at,Otc
1436616_at,Inpp4a
1436617_at,Cetn4
1436618_at,Sfxn5
1436619_at,D630045M09Rik
1436620_at,Cep95
1436621_at,Srcin1
1436622_at,Iqsec2
1436623_at,Entpd7
1436624_at,Dnm3
1436625_at,Fcgr1
1436626_at,Tspan11
1436627_at,Airn
1436628_at,Ulk4
1436629_at,Tmem91
1436631_at,Ctnna1
1436632_at,Ubn2
1436633_at,Gm11772
1436634_at,Robo3
1436635_at,Ube2z
1436638_at,Firre
1436639_at,Bola2
1436640_x_at,Agpat4
1436641_at,AI415730
1436642_x_at,AW047730
1436643_x_at,Hamp2
1436644_x_at,Tmem25
1436645_a_at,Cnot4
1436647_at,Ttbk2///Cdan1
1436648_at,Nanos1
1436649_at,Ikzf3
1436650_at,Filip1
1436651_at,Prdm11
1436652_at,Cep295
1436653_at,Tctex1d4
1436654_at,Gen1
1436655_at,Lonp2
1436656_at,Tmem150c
1436657_at,Gm11744
1436658_at,B130024G19Rik
1436659_at,Dclk1
1436660_at,Rrbp1
1436661_at,Dpp10
1436662_at,Sorcs1
1436663_at,AI846148
1436664_a_at,Slc35a2
1436665_a_at,Ltbp4
1436667_at,Slc6a20b
1436668_at,Eef2kmt
1436669_at,Nat8f4
1436670_x_at,Nat8f4
1436671_at,Vsig8
1436672_at,Grk5
1436673_at,Dcun1d3
1436674_at,Rundc3a
1436675_at,Wdr63
1436676_at,Mapk8ip3
1436677_at,1810032O08Rik
1436678_at,Sgcb
1436679_at,Tecpr1
1436680_s_at,Ddb2
1436681_x_at,Sf3b6
1436682_at,Tmsb10
1436683_at,1700011M02Rik
1436684_a_at,Riok2
1436685_at,Fam181a
1436686_at,Gm10193///Zfp706
1436687_x_at,Gm10193///Zfp706
1436688_x_at,Rpl14-ps1///Rpl14
1436689_a_at,Aldh9a1
1436690_at,Lrba
1436691_x_at,Gm21399///Prdx1
1436692_at,E130308A19Rik
1436693_x_at,Slc35e4
1436694_s_at,Neurod4
1436695_x_at,Elmod3
1436696_x_at,Ceacam11
1436698_x_at,Tmem204
1436699_x_at,Rpl18
1436700_a_at,Eif4a3
1436701_at,Trim61
1436702_at,Nat8l
1436703_x_at,Snapc2
1436704_x_at,Mthfd1
1436705_at,Mmgt1
1436706_at,Mmgt1
1436707_x_at,Ncaph
1436708_x_at,Mcm4
1436709_at,Emc1
1436710_at,Zswim4
1436711_at,Actr5
1436712_at,Pla2g4c
1436713_s_at,Meg3
1436714_at,Lpp
1436715_s_at,Cdipt
1436716_at,Ppp1r14b
1436717_x_at,Hbb-y
1436718_at,Nxph1
1436719_at,Slc35f1
1436720_s_at,Oog3
1436721_x_at,Oog3
1436722_a_at,Actb
1436723_at,Cenpi
1436724_a_at,Eif2d
1436725_at,Arhgef39
1436726_s_at,Sptlc1
1436727_x_at,Sptlc1
1436728_s_at,Rtel1
1436729_at,Afap1
1436730_at,Clcc1
1436731_at,Zfp385b
1436732_s_at,Fbxw8
1436733_at,Plppr1
1436734_at,Plppr1
1436735_at,Nsun3
1436736_x_at,Nrep
1436737_a_at,Sorbs1
1436738_at,Pif1
1436739_at,Agtr1a
1436740_at,2610005L07Rik
1436741_at,Obox5
1436742_a_at,Accsl
1436743_at,Cadm2
1436744_x_at,Fbxw28///Fbxw14
1436745_at,Gorab
1436746_at,Wnk1
1436747_at,Gm7367///Ubald2
1436748_at,Gm7367///Ubald2
1436749_at,Mesdc2
1436750_a_at,Oxct1
1436751_at,Wee2
1436752_at,Tbccd1
1436753_at,Adck5
1436754_at,Tmem179
1436755_at,Itih5
1436756_x_at,Hadh
1436757_a_at,Cox6b1
1436758_at,Hdac4
1436759_x_at,Cnn3
1436760_a_at,LOC101055915///Gm15501///Rps8
1436761_s_at,Fam13c
1436762_x_at,Elp3
1436763_a_at,Klf9
1436764_at,Pard3
1436765_at,Pard3
1436766_at,Luc7l2
1436767_at,Luc7l2
1436768_x_at,Arhgef40
1436769_at,Psma1
1436770_x_at,Psma1
1436771_x_at,Pgd
1436773_x_at,Marveld1
1436774_at,Sel1l
1436775_a_at,Ankrd17
1436776_x_at,Slc7a4
1436777_at,Mars2
1436778_at,Cybb
1436779_at,Cybb
1436780_at,Ogt
1436781_at,Man2b1
1436782_at,Svs3b///Svs3a
1436783_x_at,Ywhab
1436784_x_at,Sf3b4
1436785_a_at,Sec14l3
1436786_at,Sec14l3
1436787_x_at,Sec14l3
1436788_at,Acp2
1436789_at,Ccnjl
1436790_a_at,Sox11
1436791_at,Wnt5a
1436792_at,Whamm
1436793_at,St18
1436794_at,Nlrp4f
1436795_at,Cnst
1436796_at,Snhg4
1436797_a_at,Surf4
1436798_at,Gm5451///Rpl9
1436799_at,Enox1
1436800_at,Fstl5
1436801_x_at,Cdc42ep4
1436802_at,Ilf3
1436803_a_at,Ndufb9
1436804_s_at,Scyl1
1436805_at,Ubash3b
1436806_at,Trim62
1436807_x_at,Trim62
1436808_x_at,Mcm5
1436809_a_at,Spin1
1436810_x_at,Uqcc2
1436811_at,Kctd3
1436812_at,Fkrp
1436813_x_at,Khsrp
1436814_at,1810010D01Rik
1436815_x_at,1810010D01Rik
1436816_at,Nup133
1436817_at,Exoc5
1436818_a_at,Msi2
1436819_at,Sept6
1436820_at,Kctd11
1436821_at,Plcxd3
1436822_x_at,LOC101056140///Rpl17-ps9///Rpl17-ps10///Gm10362///Gm6133///Rpl17///Hk1
1436823_x_at,Hbb-y
1436824_x_at,Rnf26
1436825_a_at,A630095E13Rik
1436826_at,Tmtc3
1436827_at,Garem
1436828_a_at,Tpd52l2
1436829_at,Trim67
1436830_at,Marveld1
1436831_at,Iqub
1436832_at,Smim20
1436833_x_at,Ttll1
1436834_x_at,Mdh1
1436835_at,Crk
1436836_x_at,Cnn3
1436837_at,Mael
1436838_x_at,Cotl1
1436839_at,Ccdc71l
1436840_x_at,Rpl35
1436841_at,Fam63b
1436842_at,Fam63b
1436843_at,Rbm12b2
1436844_at,Pura
1436845_at,Axin2
1436846_x_at,Ywhaq
1436847_s_at,Cdca8
1436848_x_at,Impa1
1436849_x_at,Gaa
1436850_at,Creg2
1436851_at,Pkn1///Ptger1
1436852_at,E130308A19Rik
1436853_a_at,Snca
1436854_at,Trpc2
1436855_at,Ptprs
1436856_x_at,Tars2
1436857_at,Defa22///Defa21
1436858_at,Mbnl2
1436859_at,Arl14ep
1436860_at,Senp7
1436861_at,Il7
1436862_at,Doc2a
1436863_at,1700010I14Rik
1436865_at,Slc26a11
1436866_at,Efna5
1436867_at,Srl
1436868_at,Rtn4rl1
1436869_at,Shh
1436870_s_at,Afap1l2
1436871_at,Srsf7
1436872_at,Tacc3
1436873_at,Fam26d
1436874_x_at,Slc25a5
1436875_at,Dnm3
1436876_at,Rgs7bp
1436877_at,Lrch2
1436878_at,Baalc
1436879_x_at,Afp
1436880_at,Afp
1436881_x_at,Afp
1436882_at,Ubl5
1436883_at,Mbtps2
1436884_x_at,Ewsr1
1436885_a_at,Cherp
1436886_x_at,Xab2
1436887_x_at,Grwd1
1436888_at,Nhlh2
1436889_at,Gabra1
1436890_at,Uap1l1
1436891_at,Usp15
1436892_at,Spred2
1436893_a_at,March7
1436894_at,Ildr2
1436895_at,Arap2
1436896_at,Ints9
1436897_at,Mfhas1
1436898_at,Sfpq
1436899_at,Zufsp
1436900_x_at,Leprot
1436901_at,Notch4
1436902_x_at,Tmsb10
1436903_at,Ubqln3
1436904_at,Med13
1436905_x_at,Laptm5
1436906_at,Rnf166
1436907_at,Nav1
1436908_at,Pcm1
1436909_at,Slc25a44
1436910_at,Rasal2
1436911_at,Ss18l1
1436912_at,Cacnb4
1436913_at,Cdc14a
1436914_at,Ctdspl2
1436915_x_at,Laptm4b
1436916_at,Tmem108
1436917_s_at,Gpsm1
1436918_at,Dyrk2
1436919_at,Trp53i11
1436920_at,Pcdh17
1436921_at,Atp7a
1436922_at,Lrr1
1436923_at,Rab2b
1436924_x_at,Rpl31-ps12///Rpl31
1436925_at,Foxn3
1436926_at,Esrrb
1436927_at,Cypt10///Cypt9///Cypt4
1436928_s_at,Adcy3
1436929_x_at,Adcy3
1436930_x_at,Hmbs
1436931_at,Rfx4
1436932_at,Grhl3
1436934_s_at,Aco2
1436935_x_at,Clns1a
1436936_s_at,Xist
1436937_at,Rbms3
1436938_at,Rbms3
1436939_at,Unc45b
1436940_at,Purb
1436941_at,Nxpe3
1436942_at,A930035D04Rik
1436943_at,Cyb5d2
1436944_x_at,Pisd-ps1///Pisd-ps3
1436945_x_at,Stim1
1436946_s_at,Gm15776///Gng5
1436947_a_at,Txnl1
1436948_a_at,Tmem255a
1436949_a_at,Tceb2
1436950_at,Crkl
1436951_x_at,Txndc9
1436952_at,Klf9
1436953_at,Wipf1
1436954_at,Wipf1
1436955_at,Tssc1
1436956_at,Rnf214///AI842136
1436957_at,Gabra3
1436958_x_at,Tpm3
1436959_x_at,Nsmf
1436960_at,Brd3
1436961_at,Hspa12a
1436962_at,Prdm6
1436963_x_at,Tmem179b
1436964_at,Snhg14
1436965_at,Emilin3
1436966_at,Peli2
1436967_at,Ankrd11
1436968_x_at,Klhl24
1436969_at,Erich3
1436970_a_at,Pdgfrb
1436971_x_at,Ywhaz
1436972_at,Gpr61
1436973_at,Cct8
1436974_at,Tmem88b
1436975_at,Pom121l2
1436976_a_at,Yod1
1436978_at,Wnt9a
1436979_x_at,Rbm14
1436980_x_at,Cnot2
1436981_a_at,Ywhaz
1436982_at,Tnrc6b
1436983_at,Crebbp
1436984_at,Abi2
1436985_at,Zfp644
1436986_at,Sntb2
1436987_at,Ism1
1436988_at,Ism1
1436989_s_at,Slc12a6
1436990_s_at,Chchd10
1436991_x_at,Gsn
1436992_x_at,Vdac1
1436993_x_at,Pfn2
1436994_a_at,Hist1h1c
1436995_a_at,Gm15772///Rpl26
1436996_x_at,Lyz1
1436997_x_at,Sh3bgrl
1436998_at,Sowaha
1436999_at,Pid1
1437000_at,Dgkq
1437001_at,Gsk3b
1437002_at,Fam73a
1437004_at,Trim43a
1437005_a_at,Rpl18
1437006_x_at,Becn1
1437007_x_at,Usp39
1437008_x_at,Tmem109
1437009_a_at,Rnf115
1437010_a_at,Oaz3
1437011_x_at,Oaz3
1437012_x_at,Rapgef3
1437013_x_at,Atp6v0b
1437014_x_at,Gm21399///Prdx1
1437015_x_at,Pla2g1b
1437016_x_at,Rap2c
1437017_at,Xxylt1
1437018_at,Pnma2
1437019_at,Fam25c
1437020_at,Ep400
1437021_at,Arl13b
1437022_at,Ubn2
1437023_at,Zfp12
1437024_at,Smpd4
1437025_at,Cd28
1437026_at,Tstd2
1437027_x_at,Rnps1
1437028_at,Sftpb
1437029_at,Tacr3
1437030_at,Plcd4
1437031_at,Acsl6
1437032_x_at,Rbm14
1437033_a_at,Skp2
1437034_x_at,Marcks
1437035_x_at,Rnf14
1437036_at,Snd1
1437037_x_at,Snd1
1437038_x_at,Actl9
1437039_at,Cops2
1437040_at,Etnk2
1437041_at,Pnisr
1437042_at,Arnt
1437043_a_at,Mvb12a
1437044_a_at,Gba
1437045_at,Mapk8
1437046_x_at,Fam63a
1437047_at,Zfp664
1437048_x_at,Stxbp2
1437050_s_at,Angel2
1437051_at,Dffb
1437052_s_at,Slc2a3
1437053_x_at,Api5
1437054_x_at,Prm1
1437055_x_at,Mfsd1
1437056_x_at,Crispld2
1437057_at,Megf6
1437058_at,Megf6
1437059_at,Sox21
1437060_at,Olfm4
1437061_at,Mbd1
1437062_s_at,Phyhipl
1437063_at,Fem1a
1437064_at,Ar
1437065_at,Zbtb20
1437066_at,Zbtb20
1437067_at,Phtf2
1437068_at,Cenpk
1437069_at,Osbpl8
1437070_at,Cdc14b
1437071_at,Eif1ax
1437072_at,Arhgap25
1437074_at,Snx5
1437075_at,Frmd3
1437076_at,A930017M01Rik
1437077_at,Dcun1d2
1437078_at,LOC102641458///Vps52
1437079_at,Slc18a2
1437080_s_at,Psmd11
1437081_at,Timp2
1437082_at,Akap9
1437083_at,Tmem169
1437084_at,Padi6
1437085_at,D630039A03Rik
1437086_at,Ascl1
1437087_at,2210408K08Rik
1437088_at,Sdad1
1437089_at,Pyroxd2
1437090_at,Ccdc63
1437091_at,Asic4
1437092_at,Clip4
1437093_at,Dnaic1
1437094_x_at,Dnaic1
1437095_at,Tspan18
1437096_at,Ttc29
1437097_at,Zbed3
1437098_x_at,Ttc30a2
1437099_x_at,Hnrnpf
1437100_x_at,Pim3
1437101_at,Lats2
1437102_at,Ythdf1
1437103_at,Igf2bp2
1437104_at,Arfgef1
1437105_at,Kdm5a
1437106_at,Kdm5a
1437107_at,Rab6b
1437108_at,Lsm6
1437109_s_at,Lsm6
1437110_at,2810474O19Rik
1437112_at,Pld1
1437113_s_at,Pld1
1437114_at,Crebrf
1437115_at,Phrf1
1437116_at,Letmd1
1437117_at,Acap1
1437118_at,Usp7
1437119_at,Ern1
1437120_at,Snx30
1437121_at,Dennd1c
1437122_at,Bcl2
1437123_at,Mmrn2
1437124_at,A630052C17Rik
1437125_at,Camk2a
1437127_at,Zfp945
1437128_a_at,Zfp945
1437129_at,Mgea5
1437130_at,Kbtbd6
1437131_x_at,Mrpl11
1437132_x_at,Nedd9
1437133_x_at,Gm6644///Akr1b3
1437134_at,Uqcrq
1437135_at,Fbxw10
1437137_at,Tmem255a
1437138_at,Foxm1
1437139_at,Glra1
1437140_at,Fam221b
1437141_x_at,Dym
1437142_a_at,Pigo
1437143_a_at,Tmx1
1437144_x_at,Psma6
1437145_s_at,Cysrt1
1437146_x_at,Coro7
1437147_at,Gabrg2
1437148_at,Arpc2
1437149_at,Slc6a6
1437150_at,Fam110b
1437151_at,Usp22
1437152_at,Mex3b
1437153_at,Oog2///Gm13084
1437154_at,Cep170
1437155_a_at,Wwtr1
1437156_at,Necab1
1437158_at,Nipbl
1437159_at,Tmppe
1437160_at,Nlgn1
1437161_x_at,Rbpms
1437163_x_at,Gtf2h4
1437164_x_at,Atp5o
1437165_a_at,Pcolce
1437166_at,Tinf2
1437167_at,Tmod2
1437168_at,Srsf12
1437169_at,Pdlim1
1437170_x_at,Pdlim1
1437171_x_at,Gsn
1437172_x_at,Hadhb
1437173_at,S1pr3
1437174_at,Tfdp2
1437175_at,Pdik1l
1437176_at,Nlrc5
1437177_at,Larp4
1437178_at,Gm7056
1437179_at,Rif1
1437180_at,Snrnp48
1437181_at,Peli2
1437182_at,Dido1
1437183_at,Lrrc4b
1437184_at,Guf1
1437185_s_at,Tmsb10
1437186_at,BC055324
1437187_at,E2f7
1437188_at,Gabbr1
1437189_x_at,Eif3m
1437190_at,Styk1
1437191_at,Zbbx
1437192_x_at,Vdac1
1437193_s_at,Snrpb
1437194_x_at,Lrwd1
1437195_x_at,Mapk10
1437196_x_at,LOC100862433///Rps16-ps2///Rps16
1437197_at,Sorbs2
1437198_at,Lig3
1437199_at,Dusp5
1437200_at,Fcho2
1437201_at,Lrrc4c
1437202_at,Mysm1
1437203_at,Cbll1
1437204_a_at,Tcf25
1437205_at,Tcf25
1437206_at,Setd5
1437207_at,Rnf170
1437208_at,Sept10
1437209_at,Cep76
1437210_a_at,Brd2
1437211_x_at,Elovl5
1437212_at,Zfp420
1437213_at,Nudt21
1437214_at,Lrrtm4
1437215_at,LOC102642647///Nudt15
1437216_at,Ccdc88a
1437217_at,Ankrd6
1437218_at,Fn1
1437220_x_at,Psmd13
1437221_at,Rrm2b
1437222_x_at,Rrm2b
1437223_s_at,Xbp1
1437224_at,Rtn4
1437225_x_at,Gnai3
1437226_x_at,Marcksl1
1437227_at,Urm1
1437228_at,Fam71f1
1437229_at,Efhb
1437230_at,Kcna1
1437231_at,Slitrk6
1437232_at,Bpifc
1437233_x_at,Pithd1
1437234_x_at,Prmt2
1437235_x_at,Lpp
1437236_a_at,Zfp110
1437237_x_at,Zfp110
1437238_x_at,Nmd3
1437239_x_at,Phc2
1437240_at,Pgm2
1437241_at,Klf11
1437242_at,Ttll12
1437243_at,D2hgdh
1437244_at,Gas2l3
1437245_at,Tmem154
1437246_x_at,LOC102643254///Rps6-ps4///Rps6
1437247_at,Fosl2
1437248_at,2700049A03Rik
1437249_at,Skap1
1437250_at,Mreg
1437251_at,Cdca2
1437252_at,Gatsl2
1437253_at,Dennd6a
1437254_at,Cep76
1437255_at,Zbtb7a
1437256_at,Dcun1d5
1437257_at,Wdr47
1437258_at,Sprr2a2///Sprr2a1
1437259_at,Slc9a2
1437260_at,Mmrn1
1437261_at,Mblac2
1437262_x_at,Bcas2
1437263_at,A730089K16Rik
1437264_at,BC051142
1437265_at,5330438D12Rik
1437266_at,Txndc2
1437267_x_at,Hnrnph1
1437268_at,Lancl3
1437269_at,Ttc38
1437270_a_at,Clcf1
1437271_at,Clcf1
1437272_at,Dpy19l2
1437273_at,Htra4
1437274_at,Copa
1437275_at,Ctnna1
1437277_x_at,Tgm2
1437278_a_at,Uba2
1437279_x_at,Sdc1
1437280_s_at,Serbp1
1437281_x_at,Xab2
1437283_at,Tnpo2
1437284_at,Fzd1
1437285_at,Nadk2
1437286_x_at,Nadk2
1437287_at,Nadk2
1437288_at,Impad1
1437289_at,Impad1
1437290_at,Impad1
1437291_at,2700081O15Rik
1437292_at,Clvs2
1437293_x_at,Ust
1437294_at,Exosc10
1437295_at,Pkn2
1437296_at,Pkn2
1437297_at,Chd8
1437298_at,Wipf2
1437300_at,Mef2d
1437301_a_at,Dvl1
1437302_at,Adrb2
1437303_at,Il6st
1437304_at,Cblb
1437305_at,Zfp770
1437306_at,Ccser1
1437307_at,Senp8
1437308_s_at,F2r
1437309_a_at,Rpa1
1437310_at,Bbs1
1437311_at,Snhg11
1437312_at,Bmpr1b
1437313_x_at,Hmgb2
1437314_a_at,Trmt1
1437315_at,Slc52a2
1437316_at,Fbxw19
1437317_at,Uba7
1437318_at,Pak3
1437319_at,Unc13c
1437320_s_at,Xpa
1437321_at,Atp1a4
1437322_at,Gm21992///Rbm4
1437323_a_at,Iapp
1437324_x_at,Fmod
1437325_x_at,Aldh18a1
1437326_x_at,LOC102641402///Cela3b
1437327_x_at,Enoph1
1437328_x_at,Cpsf3
1437329_at,Hacd2
1437330_at,Lrrk1
1437331_a_at,Arf3
1437332_at,A230006K03Rik
1437333_x_at,Aldh18a1
1437334_x_at,Parn
1437335_x_at,Poldip3
1437336_x_at,Prickle4///Tomm6
1437337_x_at,Fuk
1437338_x_at,Elp3
1437339_s_at,Pcsk5
1437340_x_at,Gkn1
1437341_x_at,Cnp
1437342_x_at,Pttg1ip
1437343_x_at,Atad3a
1437344_x_at,Krt13
1437345_a_at,Bscl2
1437346_x_at,Igh-VJ558
1437347_at,Ednrb
1437348_at,Fbxo28
1437349_at,Ckap5
1437350_at,Ovca2
1437351_at,Cxxc4
1437352_at,Acox3
1437353_at,Setd1b
1437354_at,C230091D08Rik
1437355_at,Zcchc5
1437356_at,Gpr183
1437357_at,Ythdc2
1437358_at,Wdfy1
1437359_at,Rnps1
1437360_at,Pcdh19
1437361_at,Gm11545
1437362_at,Trmt13
1437363_at,Homer1
1437364_at,Coq3
1437365_at,Nsun3
1437366_at,March9
1437367_at,Ddx39b
1437368_at,Gtf2h4
1437369_at,Fgd1
1437370_at,Sgol2a
1437371_at,Fam160a1
1437372_at,Cpsf6
1437373_at,Aen
1437374_at,Zfp865
1437375_at,Rfx3
1437376_at,Adam32
1437377_a_at,Polrmt
1437378_x_at,Scarb1
1437379_x_at,Trap1
1437380_x_at,Pgd
1437381_x_at,Slc52a2
1437382_at,Acvr2a
1437384_at,1700015E13Rik
1437385_at,Ccbe1
1437386_at,Lingo1
1437387_at,Susd5
1437388_at,Fut10
1437389_x_at,Khdrbs1
1437390_x_at,Stx1a
1437391_x_at,Mrpl44
1437392_at,Syndig1
1437393_at,Prkca
1437394_at,Agap1
1437395_at,Zcchc11
1437396_at,Creb3l2
1437397_at,Prlr
1437398_a_at,Aldh9a1
1437399_at,Cldnd1
1437400_at,Nedd4l
1437401_at,Igf1
1437402_x_at,Tmem41b
1437403_at,Samd5
1437404_at,Mast4
1437405_a_at,Igfbp4
1437406_x_at,Igfbp4
1437407_at,Rnf222
1437408_at,Adgrg6
1437409_s_at,Adgrg6
1437410_at,Aldh2
1437411_at,Ino80d
1437412_at,Prdx6b
1437413_x_at,Rps29
1437414_at,Zfp217
1437415_at,4933427D06Rik
1437416_at,Ankef1///BC034902
1437417_s_at,Gpc6
1437418_at,Gm3515
1437419_at,Bmp2k
1437420_at,Baz1b
1437421_at,Slc9a7
1437422_at,Sema5a
1437423_a_at,Sra1
1437424_at,Syde2
1437425_at,Gdap1
1437426_at,Wac
1437427_at,4933405O20Rik
1437428_x_at,Eif2b2
1437429_at,Adamtsl1
1437430_at,Slc45a2
1437431_at,Cux1
1437432_a_at,Trim12a
1437433_at,B3galt2
1437434_a_at,Wls
1437435_at,1700061G19Rik
1437436_s_at,Grk6
1437437_x_at,Dnpep
1437438_x_at,Pnliprp2
1437439_at,2410089E03Rik
1437441_at,AA388235
1437443_at,Pex2
1437444_at,BC037039
1437445_at,Trpm1
1437446_at,Rab5b
1437447_s_at,Ercc1
1437448_s_at,Ctnnd1
1437449_at,Rsad1
1437450_x_at,2700060E02Rik
1437451_at,Ecscr
1437452_x_at,Vdac1
1437453_s_at,Pcsk9
1437454_a_at,Tmx2
1437455_a_at,Btg1
1437456_x_at,Ythdf1
1437457_a_at,Mtpn
1437458_x_at,Clu
1437459_x_at,Slc25a19
1437460_x_at,Rin1
1437461_s_at,Rnpc3
1437462_x_at,Mmp15
1437463_x_at,Tgfbi
1437464_at,Spata7
1437465_a_at,P4hb
1437466_at,Alcam
1437467_at,Alcam
1437468_x_at,Fbxw11
1437469_at,Zfp750
1437470_at,Pknox1
1437471_at,Lrrc45
1437472_at,Unc13a
1437473_at,Maf
1437474_at,Gatad2b
1437475_at,BC028454
1437476_at,Rrm2b
1437477_at,Lrrfip1
1437478_s_at,Efhd2
1437479_x_at,Tbx3
1437480_at,Ska2
1437481_at,Trmt61b
1437482_at,Tecrl
1437483_at,Zfp513
1437484_at,Zbtb5
1437485_at,Nos1ap
1437486_at,Gprc5a
1437487_at,Kat6a
1437488_at,Slc9a9
1437489_x_at,Sdhd
1437490_x_at,Uap1
1437491_at,Bicd2
1437492_at,Mkx
1437493_at,5230400M03Rik
1437494_at,Mapkapk3
1437495_at,Yy2///Mbtps2
1437496_at,Acad12
1437497_a_at,Hsp90aa1
1437499_at,Ankrd39
1437500_at,Noc3l
1437501_at,AF529169
1437502_x_at,Cd24a
1437503_a_at,Shisa5
1437504_at,Sla2
1437506_at,Adamts6
1437507_at,Gatad2b
1437508_at,Sp4
1437509_x_at,Prkd2
1437510_x_at,Gm14586///Rps17
1437511_x_at,Clcc1
1437512_x_at,Ebna1bp2
1437513_a_at,Serinc1
1437514_at,B430306N03Rik
1437515_at,Gm7040///Prl2c5///Prl2c4///Prl2c3///Prl2c2
1437517_x_at,Serpinb3a
1437518_at,Gm2694
1437519_x_at,Hagh
1437520_a_at,Nup85
1437521_s_at,Ammecr1l
1437522_x_at,Gh
1437523_s_at,Sgcg
1437524_x_at,Coro7
1437525_a_at,Polr3a
1437526_x_at,Hnrnpr
1437527_x_at,Mcl1
1437528_x_at,A730017C20Rik
1437529_at,Mrgprb1
1437531_at,Trpm1
1437532_at,Rnf216
1437533_at,Xiap
1437535_at,Ppp3r2
1437536_at,Fkrp
1437537_at,Casp9
1437538_at,Snhg7
1437539_at,Prkaa1
1437540_at,Mcoln3
1437542_at,Ikzf2
1437543_at,Fubp1
1437544_at,Fubp1
1437545_at,Rcor1
1437546_at,Dnajc14
1437547_s_at,Dnajc14
1437548_at,Bicd1
1437549_at,2810408I11Rik
1437550_at,Dhx36
1437551_at,Fam63a
1437552_at,Carnmt1
1437553_at,Brcc3
1437554_at,Plec
1437555_at,Barhl2
1437556_at,Zfhx4
1437557_at,D3Ertd254e
1437559_at,Rgs7bp
1437560_at,Ntrk2
1437561_at,Trat1
1437562_at,4932422M17Rik
1437563_at,Phf20l1
1437564_at,Polg
1437565_a_at,Gnl2
1437566_at,Gnl2
1437567_at,Zfp772
1437568_at,Mmp16
1437569_at,Tmem132e
1437570_at,AI503301///Luc7l3
1437571_at,Hic2
1437572_at,Dcp1b
1437574_at,Adamts18
1437575_at,Mcm9
1437576_at,2810427A07Rik
1437578_at,Clca3a2
1437579_at,Nek2
1437580_s_at,Nek2
1437581_at,Zfp800
1437582_at,Acss1
1437583_x_at,Acss1
1437585_x_at,Zbtb14
1437586_at,Cnot4
1437588_at,Pou4f2
1437589_x_at,Zgpat
1437590_at,Pyroxd2
1437591_a_at,Wdr1
1437592_x_at,Sgf29
1437593_x_at,Api5
1437594_x_at,Pigt
1437595_at,Tmem252
1437596_at,Lypd4
1437597_at,B230209E15Rik
1437598_at,Zbtb20
1437601_at,Otx1
1437602_at,Fam71b
1437603_at,Abhd16b
1437604_x_at,Apcdd1
1437605_at,Nphs2
1437606_at,Btbd19
1437607_at,Gcnt2
1437608_x_at,Ywhaq
1437609_at,Ube2u
1437610_x_at,LOC101055915///Gm15501///Rps8
1437611_x_at,Kif2c
1437612_at,Il4i1
1437613_s_at,Ptpdc1
1437614_x_at,Zdhhc14
1437615_s_at,Vps37c
1437616_x_at,Zdhhc14
1437617_x_at,1110034G24Rik
1437618_x_at,Gpr85
1437619_x_at,Ddr1
1437620_x_at,Aldh18a1
1437621_x_at,Phgdh
1437622_x_at,Mrpl28
1437623_x_at,Xrcc3
1437624_x_at,Nudt16l1
1437626_at,Zfp36l2
1437627_at,Mex3d
1437628_s_at,Rhoa
1437629_at,Arhgef19
1437630_at,Lsg1
1437631_at,Kcnip4
1437632_at,Med14
1437633_at,Ankrd11
1437634_at,Thoc2
1437635_at,Dcbld2
1437636_at,Pydc4
1437637_at,Phtf2
1437638_at,Srrm2
1437639_at,Tcaf1
1437640_at,Frrs1l
1437641_at,Rprd2
1437642_at,Agfg2
1437643_at,Cenpj
1437644_at,B3galt2
1437645_at,Atf7
1437646_at,Znrf3
1437647_at,Dido1
1437648_at,Pcyt1b
1437649_x_at,Ppib
1437650_at,C730026J16///Zbtb38
1437651_a_at,Dtnb
1437652_at,Sema6c
1437653_at,Irgq
1437654_at,Fam35a
1437655_at,D430020J02Rik
1437656_at,Arhgef4
1437657_at,Scaper
1437658_a_at,Snhg1
1437659_at,Als2cr11
1437660_at,Nktr
1437661_at,AU021092
1437662_at,Acsm5
1437663_at,Pigv
1437664_at,Hoxd3
1437665_at,Il22ra2
1437666_x_at,Ubc
1437667_a_at,Bach2
1437668_at,Ackr4
1437669_x_at,Ackr4
1437670_x_at,Cd151
1437671_x_at,Prss23
1437672_at,Irs3
1437673_at,Wnt5a
1437674_at,Rac1
1437675_at,Slc8a1
1437676_at,Spag9
1437677_at,Tamm41
1437678_at,Meioc
1437679_a_at,Glrx2
1437680_x_at,Glrx2
1437681_at,Grik4
1437682_x_at,1110004E09Rik
1437683_x_at,Serf2
1437684_at,Cmtr2
1437685_x_at,Fmod
1437686_x_at,Cux1
1437687_x_at,Fkbp9
1437688_x_at,Atp6ap2
1437689_x_at,Clu
1437690_x_at,Csnk1d
1437691_at,Anxa2
1437692_x_at,Anxa2
1437693_at,D1Pas1
1437695_at,Prokr2
1437696_at,Zfp948
1437697_at,Rad23a
1437698_at,Myo5b
1437699_at,E430014B02Rik
1437700_at,Gm21949///Schip1
1437701_at,Smcr8
1437702_at,Tgm6
1437703_at,Fbxw22
1437704_at,Mblac2
1437705_at,Zfp551
1437706_x_at,Rps14
1437707_at,Slmo1
1437708_x_at,Vamp3
1437709_x_at,Ttc13
1437710_x_at,Fam71e1
1437711_x_at,Odc1
1437712_x_at,Exosc4
1437713_x_at,Ctc1
1437714_x_at,Usp14
1437715_x_at,Apex1
1437716_x_at,Kif22
1437717_x_at,2610005L07Rik
1437718_x_at,Fmod
1437719_x_at,A230046K03Rik
1437720_at,Eif2d
1437721_at,Coro1c
1437722_x_at,Pcbp3
1437723_s_at,Derl1
1437724_x_at,Pitpnm1
1437725_x_at,Tm2d2
1437726_x_at,C1qb
1437728_at,Alkbh5
1437729_at,Rpl27a
1437730_at,Ppp2r2a
1437731_at,C2cd2
1437732_at,Omt2a
1437733_at,Eif4ebp2
1437734_at,Ppp1r12a
1437735_at,Ppp1r12a
1437736_at,Akt1s1
1437737_at,Dis3l
1437738_at,Atp2c1
1437739_a_at,Mamstr
1437740_at,Plekhm2
1437741_at,Rab21
1437742_at,Rab21
1437743_at,Aebp2
1437744_at,Slitrk4
1437745_at,Chd7
1437746_at,Lrrtm1
1437747_at,Ube4a
1437748_at,Fut11
1437749_s_at,Mrpl9
1437750_at,Tmem158
1437751_at,Ppargc1a
1437752_at,Lin28a
1437753_at,Faxc
1437754_at,Kpna7
1437755_at,Slc5a12
1437756_at,Gimap9
1437757_at,Hinfp
1437758_a_at,Slc4a1ap
1437759_at,Pfkp
1437760_at,Galnt12
1437761_at,Luc7l2
1437762_at,Rab39
1437763_at,Dcun1d3
1437764_at,Endov
1437765_at,Cpeb3
1437767_s_at,Aktip
1437768_at,Ankib1
1437770_at,AW557046
1437771_at,Lrrn4cl
1437772_s_at,Fuca1
1437773_x_at,Ddx17
1437774_at,1700020I14Rik
1437775_at,Dlst
1437776_at,Tmcc1
1437777_at,Atf2
1437778_at,Rbm15b
1437779_at,Foxh1
1437780_at,Fancb
1437781_at,Insm2
1437782_at,Cntnap2
1437783_x_at,Cnpy2
1437784_at,Runx1t1
1437785_at,Adamts9
1437786_at,Naa11
1437787_at,Lrrtm2
1437788_at,Sp6
1437789_at,Birc6
1437790_at,Eml5
1437791_s_at,Eml5
1437792_at,1700013D24Rik
1437794_at,Cabin1
1437795_at,Mrpl21
1437796_at,Gm31445
1437797_at,Atp2a2
1437798_at,6720422M22Rik
1437799_at,Uvssa
1437800_at,Edaradd
1437801_at,Morf4l1b///Morf4l1
1437802_x_at,Morf4l1b///Morf4l1
1437803_at,Slbp
1437804_at,Igfbp7
1437805_at,Mtch2
1437806_x_at,Mtch2
1437807_x_at,Ctnna1
1437808_x_at,Il10ra
1437809_x_at,Ets2
1437810_a_at,Hbb-bh1
1437811_x_at,Cotl1
1437812_x_at,Ganab
1437813_at,Aim1l
1437814_at,Dnajc5g
1437815_at,Ttll13
1437816_at,Pax6
1437817_at,Snap91
1437818_at,9430016H08Rik
1437819_s_at,Wdr91
1437820_at,Foxs1
1437822_at,Yme1l1
1437824_at,Gm38520
1437825_at,Lrrc4c
1437826_at,Pfpl
1437827_s_at,Pfpl
1437828_s_at,Wdr46
1437829_s_at,Eef2k
1437830_x_at,Zbed3
1437831_at,Zcchc4
1437832_x_at,Wars
1437833_at,Ltbp3
1437834_s_at,Pacsin3
1437835_a_at,Aar2
1437836_x_at,Aar2
1437837_x_at,Poldip3
1437838_x_at,Grsf1
1437839_x_at,Mrpl11
1437840_s_at,D2hgdh
1437841_x_at,Csdc2
1437842_at,Plcxd1
1437843_s_at,Nupl1
1437844_x_at,LOC102641618///Cog1
1437845_x_at,Pofut2
1437846_x_at,Bace2
1437847_x_at,Rbmx
1437848_x_at,Adpgk
1437849_x_at,Armcx2
1437850_a_at,Cnbp
1437851_x_at,Rnps1
1437852_x_at,Cpsf3
1437853_x_at,Ndn
1437855_at,Map4
1437856_at,Ipmk
1437857_at,Dpy19l3
1437858_at,Dpy19l3
1437859_x_at,Eif5a
1437860_at,Prkce
1437861_s_at,Prkce
1437862_at,Rbm25
1437863_at,Bche
1437864_at,Adipor2
1437865_at,Spata13
1437866_at,Dusp18
1437868_at,Fam46a
1437869_at,Ppp2r3a
1437870_at,Slco4c1
1437871_at,Pgm5
1437872_at,Napepld
1437873_at,Zfp799
1437874_s_at,Hexb
1437875_at,Bicd2
1437876_at,Il20rb
1437877_at,Ttc14
1437878_s_at,Ttc14
1437879_at,Alg10b
1437880_at,Skor1
1437881_at,Zfp944
1437882_s_at,Zfp944///Zfp942
1437883_s_at,Pan3
1437884_at,Arl5b
1437885_at,D030029J20Rik
1437886_at,Klhl6
1437887_at,Samd5
1437888_at,Wnk1
1437889_x_at,Bgn
1437890_at,Btbd17
1437891_at,Frs2
1437892_at,Zkscan3
1437893_at,Plb1
1437894_at,Prox1
1437895_at,Ano8
1437897_at,Klhl21
1437898_at,C920009B18Rik
1437899_at,Lyg2
1437900_at,4930523C07Rik
1437901_a_at,Vps41
1437902_s_at,Rarres2
1437903_at,Lox
1437904_at,Rbm45
1437905_at,Txnl1
1437906_x_at,Txnl1
1437907_a_at,Tbca
1437908_a_at,Ergic1
1437909_at,Srcap
1437910_at,Tmem39b
1437911_at,Zfp944
1437912_at,Iqsec3
1437913_at,Bcl2a1d///Bcl2a1b///Bcl2a1a
1437914_at,E2f6
1437915_at,Tom1l2
1437917_at,D530037H12Rik
1437918_at,4930539E08Rik
1437919_at,Bdp1
1437920_at,Epha5
1437921_x_at,Zfp516
1437922_at,Mrpl42
1437923_at,AI314760///Csnk1a1
1437924_at,Son
1437925_at,Zfp787
1437926_at,Xpnpep3
1437927_at,Dlg2
1437928_at,Pcdh12
1437929_at,Dact2
1437930_at,Colgalt2
1437931_at,Tlr12
1437932_a_at,Cldn1
1437933_at,Hhip
1437934_at,Tia1
1437935_at,Mei4
1437936_at,Ccdc160
1437937_at,Ackr2
1437938_x_at,Dnm2
1437939_s_at,Ctsc
1437940_at,Apba1
1437941_at,Phka2
1437942_x_at,Tube1
1437943_s_at,Mea1
1437944_at,Shc2
1437945_x_at,Nap1l1
1437946_x_at,Rapgef3
1437947_x_at,Vdac1
1437948_x_at,Eif3l
1437949_x_at,Rnf114
1437950_at,Fam149a
1437951_at,Dis3l2
1437952_at,AU040096
1437953_at,Gpcpd1
1437954_at,Heatr4
1437955_at,Ubqlnl
1437956_at,Pik3r6
1437957_at,7030407O06Rik
1437958_at,Xpr1
1437959_at,Zfp324
1437960_at,Capn13
1437961_x_at,Unc119b
1437962_at,Cct8l1
1437963_at,C530045E16Rik
1437964_at,Nxph2
1437965_at,Heatr1
1437966_at,Prrt3
1437967_at,Ccdc141
1437968_at,Grin1
1437969_s_at,Tsr3
1437970_at,Dnaaf5
1437971_at,Skiv2l2
1437972_s_at,Sf3b5
1437973_at,Lingo2
1437974_a_at,Hk1
1437975_a_at,Gm3362///Gm8290///Gm8264///Gm8158///Gm8137///Gm8112///Gm6177///Rpl23a
1437976_x_at,Gm3362///Gm8290///Gm8264///Gm8158///Gm8137///Gm8112///Gm6177///Rpl23a
1437980_at,LOC102635645///9130230N09Rik
1437981_x_at,Ldah
1437982_x_at,Cox15
1437983_at,Sall1
1437984_x_at,Ddx39b
1437985_a_at,2310061I04Rik
1437986_x_at,Fuk
1437988_x_at,1700003E24Rik///BC061195
1437989_at,Pde8b
1437990_x_at,Hbb-bh1
1437991_x_at,Rusc1
1437992_x_at,Gja1
1437993_x_at,Qdpr
1437994_x_at,Mier2
1437995_x_at,Sept7
1437996_s_at,Cnpy1
1437997_x_at,LOC102643207///Mrpl48
1437998_at,Ap1s2
1437999_x_at,Pigq
1438000_x_at,Zfp622
1438001_x_at,Reep5
1438003_at,Papd7
1438004_at,Papd7
1438005_at,Slc25a40
1438006_at,Gid4
1438007_at,Fam19a2
1438008_at,Gga3
1438009_at,Hist1h2ao///Hist1h2ai///Hist1h2ab///Hist1h2ap///Hist1h2an///Hist1h2ah///Hist1h2ag///Hist1h2ae///Hist1h2ad///Hist1h2ac
1438010_at,Tmem201
1438011_at,Pcyt1a
1438012_at,Ppm1l
1438013_x_at,Dhx32
1438014_at,Mrpl34
1438015_at,Dkc1
1438016_at,Dkc1
1438017_at,Rusc1
1438018_at,Hook1
1438019_at,Ippk
1438020_at,Hapln1
1438021_at,Rbm47
1438022_at,Rab11fip3
1438023_at,Spata6
1438024_at,Mcur1
1438025_at,Mtrf1l
1438026_at,Zfp560
1438028_at,Rprd2
1438029_at,Rprd2
1438030_at,Rasgrp3
1438031_at,Rasgrp3
1438032_at,Lrch1
1438033_at,Tef
1438034_at,Rmdn1
1438035_at,Rmdn2
1438036_x_at,Rmdn2
1438037_at,Herc6
1438038_at,4930402H24Rik
1438039_at,Hectd1
1438040_a_at,Hsp90b1
1438041_at,Pde7a
1438042_at,Shox2
1438044_at,1700047M11Rik
1438045_at,Eea1
1438046_at,AU019823
1438047_at,Zfp384
1438048_at,Myct1
1438049_at,Gm26853
1438050_x_at,Gm9222
1438051_at,Ttc14
1438052_at,A130071D04Rik
1438053_at,Tfg
1438054_x_at,Ppp2r2c
1438055_at,Rarres1
1438056_x_at,Abcc5
1438058_s_at,Ptov1
1438059_at,Ctxn3
1438060_at,Npas3
1438061_at,4930523C07Rik
1438062_at,Rsf1
1438063_at,Mphosph9
1438064_at,Ybx1
1438065_at,Rprd1a
1438067_at,Nf1
1438069_a_at,Rbm5
1438070_at,Phf3
1438071_at,Pms1
1438072_at,2310067E19Rik
1438073_at,Spry3
1438074_at,Igsf23
1438075_at,Fem1c
1438076_at,Gm7429///Gm6570///Gm6109///Gm5481///Rpl30
1438077_at,Nlrp4a
1438078_at,Dgke
1438079_at,Zfp867
1438080_at,Mrpl11
1438081_at,Mcc
1438082_at,Tmem206
1438083_at,Hhip
1438085_at,Heatr5b
1438086_at,Npy6r
1438087_at,Tpmt
1438088_at,Kcnk10
1438089_a_at,Bclaf1
1438090_x_at,Ankrd54
1438091_a_at,H2afz
1438092_x_at,H2afz
1438093_x_at,Dbi
1438094_x_at,Ola1
1438095_x_at,Noc4l
1438096_a_at,Dtymk
1438097_at,Rab20
1438098_at,Dlgap1
1438099_at,Trio
1438100_at,Rabl6
1438101_at,Fzd3
1438102_at,Senp8
1438103_at,Pcdhgc4
1438105_at,March10
1438106_at,Pcdhb21
1438107_x_at,BB236558
1438108_at,Plekhm3
1438109_at,Clca2
1438110_at,Zbtb1
1438111_at,Nectin1
1438112_at,9430021M05Rik
1438113_at,Zmat4
1438114_x_at,Efs
1438115_a_at,Slc9a3r1
1438116_x_at,Slc9a3r1
1438117_x_at,Tmem41b
1438118_x_at,Vim
1438119_at,Itgb1
1438120_x_at,Irak1
1438121_at,Sec24a
1438122_at,Bbof1
1438123_at,Gm10033
1438124_at,Vmn2r103///Vmn2r96
1438125_at,C230085N15Rik
1438126_at,Exoc5
1438127_at,LOC552906
1438128_at,Gm12500
1438129_at,Wsb2
1438130_at,Taf15
1438131_at,Fbxw2
1438132_at,Gm5089
1438133_a_at,Cyr61
1438134_at,Pcdh10
1438136_at,Astl
1438138_a_at,Pex6
1438139_at,Arhgap28
1438140_a_at,Gm38422///Zfp64
1438141_at,Lactbl1
1438142_s_at,Cdhr4
1438143_s_at,Atxn2
1438144_x_at,Atxn2
1438145_at,Spty2d1
1438146_x_at,Spty2d1
1438147_at,Ssc4d
1438148_at,Cxcl3
1438149_at,Pif1
1438150_at,Fdps
1438151_x_at,Zdhhc14
1438152_at,Gpaa1
1438153_x_at,Coq10a
1438154_x_at,Faap20
1438155_x_at,Pigo
1438156_x_at,Cpt1a
1438157_s_at,Nfkbia
1438158_at,Agbl4
1438159_x_at,Ndufv2
1438160_x_at,Slco4a1
1438161_s_at,Rfc4
1438162_x_at,Gm4871
1438163_x_at,Rhbdd2
1438164_x_at,Flot2
1438165_x_at,Vat1
1438166_x_at,Ndufs4
1438167_x_at,Flcn
1438168_x_at,Ddx39
1438169_a_at,Frmd4b
1438170_x_at,Adrm1
1438171_x_at,Mettl9
1438172_x_at,Eri2
1438173_x_at,Pmf1
1438174_x_at,Ppp2r1a
1438175_x_at,Myom2
1438176_x_at,Snap47
1438177_x_at,Gm21685///Entpd4
1438178_x_at,Atad3a
1438179_s_at,Elp2
1438180_x_at,Hax1
1438181_x_at,Tm2d2
1438182_x_at,Asb6
1438183_x_at,Sord
1438184_a_at,Ankef1
1438187_at,Slc25a29
1438188_x_at,Slc25a29
1438189_s_at,Dmtn
1438190_x_at,Tpbpa
1438191_a_at,Rnf40
1438192_s_at,Baz2a
1438193_at,Nrxn3
1438194_at,Slc1a2
1438195_at,Gpd1l
1438196_at,Gpd1l
1438197_at,Vezt
1438198_at,Bri3bp
1438199_at,Smim19
1438200_at,Sulf1
1438201_at,Pdp1
1438202_at,Fam109b
1438203_at,Scarf2
1438204_at,Hist1h1c
1438205_at,Vps51
1438206_a_at,Sys1
1438207_at,Gbf1
1438208_at,Taok2
1438209_at,4632404H12Rik
1438210_at,Gpr149
1438211_s_at,Dbp
1438212_at,Usp37
1438213_at,A830018L16Rik
1438214_at,Trps1
1438215_at,Srsf3
1438216_at,Rreb1
1438217_at,Rbfox1
1438218_at,Zbtb24
1438219_at,Pura
1438220_at,Foxj3
1438221_at,Fam126b
1438222_at,D2Ertd612e
1438224_at,Zswim5
1438225_x_at,Tram1
1438226_at,AU022252
1438227_at,She
1438228_at,4930452B06Rik
1438229_at,Pggt1b
1438230_at,Pggt1b
1438231_at,Foxp2
1438232_at,Foxp2
1438233_at,Fam178a
1438234_at,Wdr26
1438235_at,Crlf3
1438236_at,Nfia
1438237_at,Rex2///Zfp980///Zfp600
1438238_at,2010315B03Rik
1438239_at,Mid1
1438240_at,Ccin
1438241_at,Rgma
1438242_at,Usp40
1438243_at,Rps6ka4
1438244_at,Nfib
1438246_at,Csnk1g1
1438247_at,Klhl15
1438248_at,Pcsk5
1438249_at,Usp7
1438250_s_at,Gm12372///Taf9
1438251_x_at,Htra1
1438252_at,Qsox1
1438253_at,Ssh1
1438254_at,Mcmbp
1438255_at,Foxn3
1438256_at,Eif5a2
1438258_at,Vldlr
1438260_at,Kcnq2
1438261_at,Cited4
1438262_at,Slc8a2
1438263_at,9430020K01Rik
1438264_a_at,Tpp2
1438266_at,Adamtsl5
1438267_x_at,Rnps1
1438268_at,Rc3h2
1438269_at,Zbtb38
1438270_at,AI846148
1438271_at,Lpp
1438272_at,Csmd3
1438273_at,Btbd18
1438274_at,Ikzf4
1438275_at,C130046K22Rik
1438277_at,E130308A19Rik
1438278_a_at,Cwc22
1438279_at,Dpp4
1438280_at,Smkr-ps
1438281_x_at,Smkr-ps
1438282_at,Syt1
1438283_at,Abhd18
1438284_at,Ocrl
1438285_at,Ube2d-ps
1438286_at,Otud7a
1438287_x_at,Ddx39
1438288_x_at,1110059G02Rik///Sntb1
1438289_a_at,Sumo1
1438290_x_at,Sftpc
1438291_x_at,Rpl37
1438292_x_at,Adk
1438293_at,Tchp
1438294_at,Atxn1
1438296_at,Slc2a4rg-ps
1438297_at,AA545190
1438298_a_at,Sept12
1438299_at,9230108I15Rik
1438300_at,Cdkn2aip
1438302_at,Crebzf
1438303_at,Tgfb2
1438304_at,Cxxc4
1438305_at,Rims1
1438306_at,Rnf180
1438307_at,Hmgb2
1438308_at,Agbl4
1438309_at,Acvr1c
1438310_at,Dgkh
1438311_at,Ifit1bl2
1438312_s_at,Ltbp3
1438314_at,Cdk16
1438315_x_at,Akr7a5
1438316_a_at,Ccdc102a
1438317_a_at,Endog
1438318_x_at,Ngdn
1438319_x_at,Fastkd2
1438320_s_at,Mcm7
1438321_x_at,Fam63a
1438322_x_at,Fdft1
1438323_at,Lim2
1438324_at,9330182L06Rik
1438325_at,Mecom
1438326_at,Trmt6
1438327_at,Zfp385b
1438328_at,Hcfc2
1438329_at,Tlr12
1438330_at,BC065397
1438332_at,Slc22a6
1438333_at,Prtg
1438334_at,Dock2
1438335_at,B3gntl1
1438336_at,Fbxw11
1438337_x_at,Tmprss11g
1438338_at,Mdh1
1438339_at,Fancd2
1438340_at,Zfp385c
1438341_at,Tgm4
1438342_at,Pced1a
1438343_at,0610037L13Rik
1438344_at,Plppr5
1438346_at,4930525G20Rik
1438347_at,Clrn1
1438348_x_at,Kyat1
1438349_at,Zfp229
1438350_at,Adgrg2
1438351_at,Msx2
1438354_x_at,Cnn3
1438355_at,Syndig1l
1438356_x_at,4933432K03Rik
1438357_at,Pfdn5
1438358_x_at,Pfdn5
1438359_at,Smlr1
1438360_x_at,Slc25a5
1438361_at,2310035C23Rik
1438362_x_at,2310035C23Rik
1438363_at,Pnmal2
1438364_x_at,Ang4
1438365_x_at,Laptm4b
1438366_x_at,Clcn3
1438367_x_at,Ddr1
1438368_a_at,Matr3
1438369_x_at,Emc4
1438370_x_at,Cbarp
1438371_x_at,Ddx5
1438372_at,Myom2
1438373_at,App
1438374_x_at,App
1438375_at,Fbln2
1438376_s_at,Trim27
1438377_x_at,Slc13a3
1438378_at,Med9os
1438379_x_at,Aagab
1438380_at,Ddx47
1438381_x_at,Ddx47
1438382_x_at,Urgcp
1438383_x_at,Ppp2r1a
1438384_at,Spanxn4
1438385_s_at,Gpt2
1438386_x_at,Mat2a
1438387_x_at,Top3b
1438388_at,Nxph1
1438389_x_at,Acly
1438390_s_at,Pttg1
1438391_x_at,Hsd17b10
1438393_at,Gm19325
1438394_x_at,Krt4
1438395_at,Ak4
1438396_at,Ocrl
1438397_a_at,Rbm39
1438398_at,Rbm39
1438399_at,Pex5l
1438400_at,Kansl3
1438401_at,Ubn1
1438402_at,Fam171a1
1438403_s_at,Malat1
1438404_at,Rnf144a
1438405_at,Fgf7
1438406_at,Scarf2
1438407_at,Dsel
1438408_at,Sowahb
1438409_at,Cep63
1438410_at,Prtg
1438411_at,Hcar1
1438413_at,Senp7
1438414_at,Fkrp
1438415_s_at,Yipf2
1438416_at,Med16
1438417_at,Pwwp2b
1438418_at,Ap5m1
1438419_at,Scaf8
1438420_at,Rbm39
1438421_at,Nectin1
1438422_at,Lrrc20
1438423_at,Ssbp2
1438424_at,Tbc1d24
1438425_at,Gtf3c1
1438426_at,Shisa4
1438427_at,Fam120b
1438428_at,Jph1
1438429_at,2610319H10Rik
1438430_at,Hbp1
1438431_at,Abcd2
1438432_at,Lnpep
1438433_at,Whamm
1438434_at,Arhgap11a
1438435_at,Acer3
1438436_at,Soga3
1438437_a_at,4933439C10Rik
1438438_at,Rilpl1
1438439_at,Gpr171
1438440_at,Drosha
1438442_at,Sike1
1438443_at,Zbtb20
1438444_at,Spink10
1438445_at,Lrrc8e
1438446_x_at,Inpp5k
1438447_at,Ddx11
1438448_at,Otop1
1438449_at,Cdc42bpa
1438450_at,Lin7a
1438451_at,Arhgap32
1438452_at,Nebl
1438453_at,Rad51c
1438454_at,Pten
1438455_at,Pabpc4l
1438456_at,H13
1438457_at,Dact3
1438458_a_at,Sfpq
1438459_x_at,Sfpq
1438460_at,Zmym4
1438461_at,Khdrbs1
1438462_x_at,Khdrbs1
1438463_x_at,Zdhhc6
1438464_at,Arid4a
1438465_at,Zfp950
1438466_at,Dnah7c///Dnah7b
1438467_at,Mgl2
1438468_at,Gm13102///Pramel4
1438469_at,Bcorl1
1438470_at,Socs2
1438472_at,Tmem8
1438473_at,Arl15
1438474_at,Ankrd35
1438475_at,AB124611
1438476_a_at,Chd4
1438477_a_at,Mcee
1438478_a_at,Ppp3ca
1438479_at,Zfp213
1438480_a_at,Thyn1
1438481_at,Prpf4
1438482_at,Wwp2
1438483_at,Nos1
1438484_at,Ado
1438485_at,Arhgef40
1438486_at,Tssk4
1438487_s_at,Zzz3
1438488_at,Gm2904///Esd
1438490_at,Slc39a14
1438491_x_at,Zfp729a
1438492_at,Socs7
1438493_at,Pld6
1438494_at,Hrh1
1438495_at,Top1
1438496_a_at,Ddx26b
1438497_at,Mfsd8
1438498_at,Zmynd15
1438499_at,1700029I15Rik
1438500_at,Prrt3
1438501_at,Rps17
1438502_x_at,Rps17
1438503_x_at,Gm11964///Edf1
1438504_x_at,Tm7sf3
1438505_s_at,Drosha
1438506_s_at,Abi1
1438507_x_at,Rpl14-ps1///Rpl14
1438509_at,Psme3
1438510_a_at,Hars
1438511_a_at,Rgcc
1438512_at,BC048679
1438513_at,Tatdn1
1438514_at,Npc1l1
1438515_at,Zfp207
1438517_at,Wwox
1438518_at,9930021J03Rik
1438519_at,Klhl24
1438520_at,Slc25a36
1438521_at,Gm38491
1438522_at,Pom121l12
1438523_x_at,Srrm4
1438524_x_at,Pnrc1
1438525_at,Mllt10
1438526_at,Gpr158
1438527_at,Gm5879///Gm12816///Rpl3
1438529_at,Tmem201
1438530_at,Tfpi
1438531_at,A730054J21Rik
1438532_at,Hmcn1
1438533_at,Myo9b
1438534_x_at,BC004004
1438535_at,Phip
1438536_at,5830411N06Rik
1438538_at,Mecp2
1438540_at,Col25a1
1438541_at,Gid4
1438543_at,Spata13
1438544_at,1700001G11Rik
1438545_at,Slc25a5
1438546_x_at,Slc25a5
1438547_x_at,Tor2a
1438548_x_at,Rhbdd3
1438549_a_at,Srr
1438550_x_at,Srr
1438551_at,Neurog1
1438552_x_at,Zyx
1438553_x_at,4930453N24Rik
1438554_x_at,Eif4h
1438555_x_at,Muc4
1438556_a_at,Tmod3
1438557_x_at,Dnpep
1438558_x_at,Foxq1
1438559_x_at,Slc44a2
1438560_x_at,Cct4
1438561_x_at,Tmem180
1438562_a_at,Ptpn2
1438563_s_at,Mrps24
1438564_at,Fancf
1438565_at,A830010M20Rik
1438566_at,St8sia6
1438567_at,Vwa2
1438568_at,Mrgpre
1438569_at,Ccdc38
1438571_at,Bub1
1438572_at,Csmd3
1438573_at,Rmi1
1438574_at,Gpr152
1438575_a_at,Kantr
1438576_x_at,Kantr
1438578_a_at,Btbd10
1438579_at,Utp14b
1438580_at,Zcchc7
1438581_at,Specc1l
1438582_at,Actr5
1438583_at,Ern1
1438584_at,Spata31d1d
1438585_at,Syne2
1438586_at,Tbx22
1438587_at,Fam71a
1438588_at,Plagl1
1438589_at,Igsf1
1438590_at,Rapgef3
1438591_at,Strada
1438592_at,Nek1
1438593_at,Zfp638
1438595_at,Prr22
1438596_at,1500017E21Rik
1438597_x_at,Morf4l1b///Morf4l1
1438598_at,Shc2
1438599_at,Oxr1///3110047M12Rik
1438600_at,Cks1brt
1438601_at,Pkmyt1
1438602_s_at,Masp1
1438603_x_at,Masp1
1438604_at,Atp8b3
1438606_a_at,Clic4
1438607_at,Zdhhc19
1438608_at,Tnni2
1438609_x_at,Tnni2
1438610_a_at,Cryz
1438611_at,Tuba3b
1438612_a_at,Clps
1438613_at,Kcna4
1438614_x_at,Osbpl9
1438615_x_at,Sapcd2
1438616_x_at,Svs5
1438617_at,Serpina7
1438618_at,AI507597
1438619_x_at,Zdhhc14
1438620_x_at,Sfrp1
1438621_x_at,Axl
1438622_x_at,Tubb4b
1438623_x_at,Gm9840///Rbx1
1438624_x_at,Hs3st2
1438625_s_at,Cdk16
1438626_x_at,Rpl14-ps1///Rpl14
1438627_x_at,Pgd
1438628_x_at,Cntn3
1438629_x_at,Grn
1438630_x_at,Mat2a
1438631_x_at,Ttc13
1438632_x_at,Tnp1
1438633_x_at,Lasp1
1438634_x_at,Lasp1
1438635_x_at,Fndc10
1438636_s_at,Susd5
1438637_x_at,Sf3b2
1438638_x_at,Dennd6b
1438639_x_at,Exoc3l2
1438640_x_at,Pgk1
1438641_x_at,Fam57b
1438642_at,Fam227b
1438643_at,Camk1d
1438644_x_at,Commd9
1438645_x_at,Bace2
1438646_x_at,2510039O18Rik
1438647_x_at,Cetn2
1438648_x_at,Gkn3
1438649_x_at,Pebp1
1438650_x_at,Gja1
1438651_a_at,Aplnr
1438652_x_at,Pigq
1438653_x_at,Atxn10
1438654_x_at,Mmd2
1438655_a_at,Gm4705///Rpl34-ps2///Rpl34-ps1///Rpl34
1438656_x_at,Timm17b
1438657_x_at,Gm13363///Ptp4a1
1438658_a_at,S1pr3
1438659_x_at,Chchd6
1438660_at,Gcnt2
1438661_a_at,Arf2
1438662_at,Ajap1
1438663_at,Prrc2c
1438664_at,Prkar2b
1438665_at,Smpd3
1438666_at,Ldlrad3
1438667_at,Sybu
1438668_x_at,Atxn2l
1438669_at,Dcaf12
1438670_at,Ptpn1
1438671_at,Ppp2r2c
1438672_at,Parvb
1438673_at,Slc4a7
1438674_a_at,Sfswap
1438675_at,Sfswap
1438676_at,Gbp6
1438677_at,Pkp4
1438678_at,1500011K16Rik
1438679_at,Trim8
1438680_at,Auts2
1438681_at,Alkbh1
1438682_at,Pik3r1
1438683_at,Wasf2
1438684_at,Nuak1
1438685_at,Gm12942///Zmym6
1438686_at,Eif4g1
1438687_at,Lax1
1438688_at,Srrm2
1438689_at,Zfp784
1438690_at,Tyms
1438691_at,Zzef1
1438692_at,Gtf3c4
1438693_at,Tmem110
1438694_at,Csn1s2a
1438695_at,C230091D08Rik
1438696_at,Edn3
1438697_at,Tmem132c
1438698_at,Tmem132c
1438699_at,Srd5a1
1438700_at,Fnbp4
1438701_at,Bicd1
1438702_at,Flrt2
1438703_at,Ankrd26
1438704_at,Trim63
1438705_at,Cbfa2t3
1438706_at,Brinp2
1438707_at,Atp13a4
1438708_x_at,Ywhab
1438709_at,Wipi1
1438710_at,Htr1a
1438711_at,Pklr
1438712_at,Dennd2d
1438713_at,Rassf8
1438714_at,Zfp207
1438715_at,Ccdc102a
1438716_at,Trim30d
1438717_a_at,Osbpl6
1438718_at,Fgf9
1438719_at,Map3k2
1438720_at,9330159F19Rik
1438721_a_at,Irf3
1438722_at,Inafm1
1438723_a_at,Rps10
1438724_at,Osbpl3
1438725_at,Med13
1438726_at,Mical2
1438727_at,Dcaf10
1438728_at,Nif3l1
1438729_at,Sox1
1438730_at,Nav1
1438731_at,Sgsh
1438732_at,Nhsl2
1438733_at,Zfp689
1438734_at,A530016L24Rik
1438735_at,Rsf1
1438736_at,Thoc2
1438737_at,Zic3
1438740_at,Nmt2
1438741_at,Tti2
1438742_at,Zfp629
1438743_at,Cyp7a1
1438744_at,Asb7
1438745_at,Gm10638
1438746_at,A530058N18Rik
1438747_at,A930006K02Rik
1438748_at,Cacul1
1438749_at,Fuz
1438751_at,Slc30a10
1438752_at,A230058F20Rik
1438754_at,Gm26782
1438755_at,C80068
1438756_at,Ankrd29
1438757_at,Zfp850
1438758_at,Adi1
1438759_x_at,Adi1
1438760_x_at,Adam15
1438761_a_at,Odc1
1438763_at,Dnah2
1438764_at,Anxa7
1438765_at,Dhx33
1438766_at,Pnrc2
1438767_at,Osm
1438768_at,Gm7544
1438769_a_at,Thyn1
1438770_at,Gm266
1438771_at,Brd1
1438772_at,Zfp367
1438773_at,Steap2
1438774_s_at,Pgm2l1
1438776_x_at,Gm14586///Rps17
1438777_a_at,Brat1
1438778_at,A930025H08Rik
1438779_at,Col4a3
1438780_at,Stx1b
1438781_at,Tet2
1438782_at,Cntn4
1438784_at,Bcl11b
1438785_at,Enpp6
1438787_at,Zscan10
1438788_at,D5Wsu152e
1438789_s_at,Dpysl3
1438790_x_at,Tmem41b
1438791_at,1700016P04Rik
1438792_at,Ergic1
1438793_x_at,Ergic1
1438794_x_at,LOC102642137///Rps13-ps4///Rps13
1438795_x_at,Fkbp1a
1438796_at,Nr4a3
1438797_at,6330509M05Rik
1438798_at,4931406P16Rik
1438799_at,Dlx6os1
1438800_at,Nagk
1438801_at,Dnm3
1438802_at,Foxp1
1438803_s_at,Snx16
1438804_at,Sept10
1438805_at,Ccnd3
1438806_at,Bcl9l
1438807_at,Hnrnpr
1438808_at,Trp53
1438809_at,Atp5c1
1438810_at,D10Ertd755e
1438811_at,Dlgap5
1438812_x_at,Usp19
1438813_at,Gm19395
1438814_at,Herc4
1438815_at,Hist2h2aa2///Hist2h2aa1
1438816_at,Ahctf1
1438817_at,Dna2
1438818_at,Nmd3
1438819_at,Nab1
1438820_at,Rnf17
1438822_at,Rmst
1438824_at,Slc20a1
1438825_at,Calm3///Calm2///Calm1
1438826_x_at,Calm3///Calm2///Calm1
1438827_at,Gls
1438828_at,Rapgef6
1438829_at,Rnf165
1438830_at,Gm10512
1438831_at,Cdk12
1438832_x_at,Dhx30
1438833_at,Casc5
1438834_at,Mospd2
1438835_a_at,Eftud2
1438836_at,Eftud2
1438838_at,Ftx
1438839_a_at,Ywhae
1438840_x_at,Apoa1
1438841_s_at,Arg2
1438842_at,Mtch2
1438843_x_at,Mtch2
1438844_x_at,Spata5
1438845_at,Ip6k1
1438846_x_at,Ip6k1
1438847_at,Mxd3
1438849_at,Krt78
1438850_at,Cldn1
1438851_x_at,Cldn1
1438852_x_at,Mcm6
1438853_x_at,Ddx54
1438854_x_at,Pitpnm1
1438855_x_at,Tnfaip2
1438856_x_at,Serpinb5
1438857_x_at,Irak1
1438858_x_at,H2-Aa
1438859_x_at,Rps29
1438860_a_at,Slc44a2
1438861_at,Bnc2
1438863_at,A530079E22Rik
1438865_at,H13
1438866_at,Grin3a
1438867_at,Gm1070
1438868_at,Phf11d
1438869_at,4930515G01Rik
1438870_at,Fbn1
1438872_at,Triml1
1438873_at,Zfp389
1438874_at,Nme7
1438875_at,Zfp616
1438876_at,A130014A01Rik
1438877_at,Trpm6
1438878_at,6430537K16Rik
1438880_at,1700012D14Rik
1438881_at,Vezt
1438883_at,Fgf5
1438884_at,Shisa3
1438885_at,Nmbr
1438886_at,Heyl
1438887_a_at,Gmcl1
1438888_at,Gmcl1
1438889_at,Pcdh11x
1438890_at,Kdm2a
1438892_at,Dep1
1438893_at,5530601H04Rik
1438895_at,A430102J17Rik
1438896_at,Dnajc6
1438897_at,Zdhhc3
1438898_at,Gm29771
1438899_at,Klf17
1438901_at,Mettl22
1438902_a_at,Hsp90aa1
1438903_at,Maea
1438904_at,Nhsl1
1438905_x_at,R3hdm4
1438908_at,Map3k12
1438909_at,Sccpdh
1438910_a_at,Stom
1438911_at,Sept7
1438912_at,Hdgfrp2
1438913_x_at,Hdgfrp2
1438914_at,Tmem206
1438915_at,Firre
1438916_x_at,Firre
1438917_x_at,Nup62
1438918_at,Fdft1
1438919_x_at,Fdft1
1438920_x_at,Cr1l
1438921_at,Atr
1438922_x_at,Slc25a5
1438923_at,Fibp
1438924_x_at,Fibp
1438925_x_at,Atp6v0c
1438927_x_at,Gm3362///Gm8290///Gm8264///Gm8158///Gm8137///Gm8112///Gm6177///Rpl23a
1438928_x_at,Ninj1
1438930_s_at,Mecp2
1438931_s_at,Sesn1
1438932_at,Rasgrp2
1438933_x_at,Rasgrp2
1438934_x_at,Sema4a
1438936_s_at,Ang
1438937_x_at,Ang
1438938_x_at,Phb2
1438939_x_at,Ndn
1438940_x_at,Hmgn1
1438941_x_at,Ampd2
1438942_x_at,Tgm2
1438943_x_at,Rpn1
1438944_at,1700007J24Rik
1438945_x_at,Gja1
1438946_at,Pdgfra
1438947_x_at,Sema3f
1438948_x_at,Tspo
1438949_at,Ric8a
1438950_x_at,Ric8a
1438951_x_at,Nup54
1438952_x_at,Tarbp2
1438953_at,Vegfd
1438954_x_at,Vegfd
1438955_x_at,Ppif
1438956_x_at,Pim3
1438957_x_at,Cds2
1438958_x_at,Fkbp1a
1438961_s_at,Blmh
1438962_s_at,Ddx31
1438963_s_at,Tfpt
1438964_x_at,Tfpt
1438965_x_at,A230056P14Rik
1438966_x_at,Fmod
1438967_x_at,Amhr2
1438968_x_at,Spint2
1438969_x_at,Dhx30
1438970_x_at,Clhc1
1438971_x_at,Ube2h
1438972_x_at,2810410L24Rik
1438973_x_at,Gja1
1438974_x_at,Pitpnm1
1438975_x_at,Zdhhc14
1438976_x_at,Mat2a
1438977_x_at,Ran
1438978_x_at,Ndn
1438979_s_at,1700029I15Rik
1438980_x_at,Pm20d1
1438982_s_at,Flywch2
1438983_x_at,Vipas39
1438984_x_at,Psmb4
1438985_x_at,Otud5
1438986_x_at,Rps17
1438987_at,Fam71d
1438988_x_at,Hn1
1438990_x_at,Iqcf3
1438991_x_at,Ppp2r1a
1438992_x_at,Atf4
1438993_a_at,Atp6v1d
1438994_at,Hyal5
1438996_at,Sel1l2
1438999_a_at,Nfat5
1439000_at,Acsbg2
1439001_at,6030419C18Rik
1439002_s_at,Prl3d2///Prl3d1
1439003_s_at,Zfp821///Ccdc7b
1439004_at,Rps6ka5
1439005_x_at,Ywhaz
1439006_x_at,Tmem255a
1439007_at,Alg6
1439008_at,Zfp319
1439009_at,Gnl3l
1439010_at,Larp4
1439012_a_at,Dck
1439013_x_at,Acyp1
1439014_at,Mb21d2
1439015_at,Gfra1
1439016_x_at,Sprr2a2///Sprr2a3///Sprr2a1
1439017_x_at,Adipor1
1439018_at,Fhdc1
1439019_at,Fras1
1439020_at,Gcfc2
1439021_at,Acap3
1439022_at,Phactr1
1439023_at,Ddx55
1439024_at,Bag4
1439025_at,Zfp446
1439026_at,Trpm3
1439027_at,Naa25
1439028_at,Ufm1
1439029_at,Gpt2
1439030_at,Gmppb
1439031_at,Jph4
1439032_at,Haus2
1439033_at,Zcchc7
1439034_at,Spn
1439035_at,Zfp322a
1439036_a_at,Atp1b1
1439037_at,Ddx17
1439038_at,Khnyn
1439039_at,Tmem104
1439040_at,Cenpe
1439041_at,Slc39a10
1439042_at,Adcyap1r1
1439043_at,Tra2a
1439044_at,Zfp354c
1439045_x_at,Tc2n
1439046_at,Nsrp1
1439047_s_at,Recql
1439048_at,Cadm2
1439049_at,Dph5
1439050_at,Gclm
1439051_a_at,Mark4
1439052_at,Ism1
1439053_at,D10Bwg1070e
1439054_at,Zfp36l2
1439055_at,Gm15698
1439056_at,Gm9866
1439057_x_at,Zdhhc6
1439058_at,Sfpq
1439059_at,Fam199x
1439060_s_at,Wipi1
1439061_at,Ccdc84
1439062_at,Kbtbd3
1439063_at,Asxl2
1439064_at,Nynrin
1439065_x_at,Zfp982
1439066_at,Angpt1
1439067_at,Lair1
1439068_at,Erap1
1439069_a_at,Pisd-ps3
1439070_x_at,Pisd-ps1///Pisd-ps3
1439071_at,5430416N02Rik
1439072_at,Slc1a3
1439073_at,Zfp160
1439074_a_at,Son
1439075_at,Polr3f
1439076_at,Dhx29
1439077_at,Zxda
1439078_at,Klhl4
1439079_a_at,Erbb2ip
1439080_at,Erbb2ip
1439081_at,Mgea5
1439082_at,Ddx50
1439083_at,Ahi1
1439084_at,Cxcl12
1439085_at,Elmsan1
1439086_at,A930009L07Rik
1439087_a_at,Pik3ip1
1439088_at,Pdzd8
1439089_at,Zbtb41
1439090_at,Tbc1d23
1439091_at,Fancd2
1439092_at,Nxf1
1439093_at,Hspa4l
1439094_at,Cltc
1439095_at,Srsf11
1439096_at,Ddo
1439098_at,E230013L22Rik
1439099_at,Nova2
1439100_s_at,Krtap11-1
1439101_at,Mylk3
1439102_at,Bptf
1439103_at,Cdc73
1439104_at,Peak1
1439105_at,Cdadc1
1439106_at,Zfp462
1439107_a_at,Kmt2e
1439108_at,Kmt2e
1439109_at,Ccdc68
1439110_at,A930012O16Rik
1439111_at,Tsc22d1
1439112_at,Eldr
1439113_at,Gm29727///Gm4120///Gm9292///Gm4983
1439114_at,Ddx60
1439115_at,Mcph1
1439117_at,Clmn
1439118_at,Slc35e4
1439119_a_at,Fam120a
1439120_at,Fam120a
1439121_at,H2-T9///H2-T22///H2-T10
1439122_at,Ddx6
1439124_at,Wdr91
1439126_at,Mcmbp
1439127_at,AI314180
1439128_at,Zbtb20
1439129_at,Dock5
1439130_at,Atg4d
1439131_at,Txlng
1439132_at,Phf8
1439133_at,4930524O07Rik
1439134_s_at,4930524O07Rik
1439135_at,Gm36457
1439137_at,Slc4a9
1439139_at,D2Ertd640e
1439140_at,Ttll8
1439141_at,Gpr18
1439142_at,Smarcal1
1439143_at,A930018M24Rik
1439144_at,Cwf19l1
1439145_at,Lck
1439146_s_at,Lck
1439147_at,Cdhr3
1439148_a_at,Pfkl
1439149_s_at,Gm9999
1439150_x_at,Grtp1
1439151_at,Msrb3
1439152_at,Mthfsd
1439153_at,Rnf144b
1439154_at,Nup98
1439155_at,Mettl1
1439156_at,Ap5b1
1439157_at,Btnl9
1439158_at,Tlk1
1439159_at,Rere
1439160_at,Pramef8
1439161_at,Ppp6r3
1439162_at,Sp3os
1439163_at,Zbtb16
1439165_at,Gm20199
1439166_at,Nol11
1439167_at,Pecr
1439168_at,Camk2d
1439171_at,C530008M17Rik
1439172_at,Atp13a5
1439173_at,Hook1
1439176_at,Zfp953
1439178_at,Adrbk2
1439179_a_at,Tespa1
1439180_at,Ino80d
1439181_at,Zfp658
1439182_at,D17Wsu92e
1439183_at,Acer1
1439184_s_at,Txndc17
1439185_x_at,Mavs
1439186_at,Bend7
1439187_at,Vps13d
1439188_at,Cpsf6
1439189_at,Fnip2
1439190_at,Fhad1
1439192_at,Nova2
1439193_at,Prrxl1
1439194_at,C030048H21Rik
1439195_at,Gm35491
1439196_at,Hook3
1439197_at,Pi4kb
1439198_at,C85445
1439199_at,Gm2769
1439200_x_at,Rhox4b
1439201_at,Usp14
1439202_at,Yod1
1439204_at,Scn3a
1439205_at,Nfatc2
1439206_at,Gna12
1439207_at,Pnma5
1439208_at,Chek1
1439209_at,Tcf12
1439210_at,Mrps9
1439211_at,Umodl1
1439212_at,Zfp646
1439213_at,Ston1
1439214_a_at,Api5
1439215_at,Atp2c1
1439216_at,BB211804
1439217_at,Nlrp9c
1439219_at,A730082K24Rik
1439221_s_at,Cd40
1439222_at,Morc2b
1439223_at,Tmod2
1439225_at,Lars2
1439226_at,Dock8
1439228_at,Zfp407
1439229_at,Plekha7
1439230_at,Ccdc185
1439232_at,Lhx1os
1439234_a_at,Tm2d2
1439235_x_at,Tm2d2
1439236_at,D15Ertd509e
1439237_a_at,Ssh1
1439238_at,Sun2
1439239_at,Lin7b
1439240_x_at,Lin7b
1439241_x_at,Srd5a3
1439242_at,Mocs3
1439243_x_at,Cops5
1439244_a_at,Tnrc6a
1439245_at,Tnrc6a
1439246_x_at,Tnrc6a
1439247_at,Dock10
1439248_at,Rmi1
1439249_at,Wac
1439250_at,Slitrk3
1439252_at,Incenp
1439253_x_at,Prelid1
1439254_at,Akap13
1439255_s_at,Gpr137b-ps///Gpr137b
1439256_x_at,Gpr137b-ps
1439257_x_at,Rpn1
1439258_at,Atf4
1439259_x_at,Abhd4
1439260_a_at,Enpp3
1439261_x_at,Mitd1
1439262_x_at,Apmap
1439263_at,Mpp6
1439264_x_at,Lasp1
1439266_a_at,Polr3k
1439267_x_at,Cox5a
1439268_x_at,Eif3e
1439269_x_at,Mcm7
1439270_x_at,Ran
1439271_x_at,Ik
1439272_at,Lcorl
1439273_at,Ripk1
1439274_at,Prune2
1439275_s_at,9530010C24Rik
1439276_at,Adar
1439277_at,Frs3os
1439278_at,Zbtb20
1439279_at,Cldn34c1
1439280_at,LOC102634887///Gm13112
1439281_at,Slc26a8
1439282_at,D930023I05Rik
1439283_at,Osbpl9
1439284_at,Epb41l5
1439285_at,Ibtk
1439288_at,Pnmal1
1439289_s_at,Pnmal1
1439293_at,Fam214a
1439294_at,Gm5112
1439295_x_at,Zfp975
1439297_at,Pif1
1439300_at,Chic1
1439302_at,Uba6
1439303_at,Gm15577
1439304_at,B230216N24Rik
1439308_at,Got1l1
1439310_at,A630012P03Rik
1439313_at,Adgrl3
1439314_at,Clock
1439315_at,Satb1
1439316_at,Rbm39
1439317_at,Krit1
1439318_at,Mast4
1439319_at,Elf1
1439320_at,Wscd1
1439322_at,Gm33298
1439323_a_at,Map4k1
1439324_at,Tet3
1439326_at,Lnpep
1439327_at,Ccbe1
1439328_at,Nfat5
1439329_a_at,Brsk2
1439330_at,D230040J21Rik
1439331_at,4932439E07Rik
1439332_at,Ddit4l
1439333_at,Kcnv1
1439337_at,Tom1l1
1439338_at,Gm6150
1439339_at,Gm20052
1439340_at,D630036G22Rik
1439341_at,Greb1l
1439342_at,Clpx
1439345_at,Gpnmb
1439346_at,Gpr135
1439347_at,Tns4
1439348_at,S100a10
1439349_at,Sbno2
1439350_s_at,Pigu
1439351_at,Mfsd4a
1439352_at,Trim7
1439353_x_at,Tmem56
1439354_at,Iqck
1439355_at,Plekha5
1439356_at,Flii
1439357_at,Il17re
1439358_a_at,Nrxn1
1439359_x_at,Nrxn1
1439360_x_at,Ncaph2
1439362_at,Gm26760
1439363_at,Ncbp3
1439364_a_at,Mmp2
1439365_at,Myt1
1439366_at,Grsf1
1439367_x_at,Arf4
1439368_a_at,Slc9a3r2
1439369_x_at,Slc9a3r2
1439370_x_at,Sf3b5
1439371_x_at,Timm44
1439372_at,Sumo3
1439373_x_at,Wnt5b
1439374_x_at,Rps10
1439375_x_at,Aldoa
1439376_x_at,Dmtf1
1439377_x_at,Cdc20
1439378_at,BC048671
1439379_x_at,Prm1
1439380_x_at,Meg3
1439381_x_at,Marveld1
1439382_x_at,Ddr1
1439383_x_at,Ptpa
1439384_at,Slc13a3
1439385_x_at,Slc13a3
1439386_x_at,Mat2a
1439387_x_at,Ctu2
1439388_s_at,Bcar1
1439389_s_at,Myadm
1439390_at,Vps9d1
1439391_at,Zc2hc1c
1439392_x_at,Psmc1
1439393_x_at,Ptpa
1439394_x_at,Cdc20
1439395_at,Zfp874b
1439396_x_at,Gpd1
1439397_at,Fmn1
1439398_x_at,Nsmf
1439399_a_at,Snhg1
1439400_x_at,Kbtbd13
1439401_x_at,Ppp2r5e
1439402_at,4930444F02Rik
1439403_x_at,Rlim
1439404_x_at,Zfx///Zfa-ps
1439405_x_at,Cntd1
1439406_x_at,Fars2
1439407_x_at,Tagln2
1439408_a_at,Med1
1439409_x_at,Tyrp1
1439410_x_at,Slc25a39
1439411_a_at,Xpo7
1439413_x_at,Morf4l2
1439415_x_at,Gm5963///Rps21
1439416_x_at,Tubb4b
1439417_at,Qsox1
1439418_x_at,Tmem43
1439419_at,2310057M21Rik
1439420_x_at,Ggt5
1439421_x_at,Gm6917///Gm6901///Cbx3-ps5///Cbx3
1439422_a_at,Fam132a
1439423_x_at,Bpifb1
1439424_x_at,Herpud2
1439425_x_at,Mettl22
1439426_x_at,Lyz1
1439427_at,Cldn9
1439428_x_at,Gmds
1439429_x_at,Dtx2
1439430_x_at,Fam83e
1439431_x_at,Bicd1
1439432_x_at,Morf4l2
1439433_a_at,Slc35a2
1439434_x_at,Sh2d5
1439435_x_at,Pgk1
1439436_x_at,Incenp
1439437_x_at,Cpe
1439438_a_at,Sarnp
1439439_x_at,Eef1d
1439440_x_at,Twf2
1439441_x_at,Lats2
1439442_x_at,Yars2
1439443_x_at,Tkt
1439444_x_at,Gm4024///Tmed10
1439445_x_at,Acly
1439446_at,BC048507
1439447_x_at,Mir682///Rpl37a
1439448_x_at,Tmed9
1439449_at,Satb1
1439450_x_at,A230046K03Rik
1439451_x_at,Slc52a2
1439452_x_at,Dnpep
1439453_x_at,Rnaseh2c
1439454_x_at,Tm2d2
1439455_x_at,Capza1
1439456_x_at,Atp6ap2
1439457_x_at,Atg12
1439458_x_at,Ceacam11
1439459_x_at,Acly
1439460_a_at,Arfgap2
1439461_x_at,Nsmce4a
1439462_x_at,Gm4024///Tmed10
1439463_x_at,LOC102635075///Gm21596///Hmgb1-ps10///Hmgb1
1439464_s_at,Tex10
1439465_x_at,Agbl5
1439466_s_at,Bud31
1439467_at,Map4
1439471_at,Gm20269
1439472_at,Gm13123///Gcn1l1
1439475_at,Zfp429
1439476_at,Dsg2
1439477_at,Ube2b
1439478_at,Acot2
1439479_at,Lct
1439480_at,Gm10857
1439481_at,Ipo9
1439482_at,Uhrf1bp1
1439483_at,AI506816
1439484_at,Pde7a
1439485_at,Zfp608
1439486_at,Kcnt1
1439487_at,Lig4
1439488_at,Dot1l
1439489_at,Ffar4
1439490_at,Nr2c1
1439491_at,Lrrc38
1439492_at,Sptlc3
1439493_at,Zfp827
1439494_at,Slc5a9
1439495_at,Uvssa
1439497_at,Atxn7l1
1439498_at,Igdcc3
1439499_at,AA415398
1439500_at,Scrn1
1439501_at,Micu1
1439502_at,Tecpr2
1439503_at,Zfp28
1439504_s_at,Zfp28
1439505_at,Clic5
1439506_at,Myrf
1439507_at,Trafd1
1439508_at,Rab11b
1439510_at,Sgol1
1439511_at,Cdk7
1439512_at,5830444B04Rik
1439513_at,Pnrc1
1439514_at,A930004D18Rik
1439515_at,Setd5
1439516_at,2610201A13Rik
1439517_at,Mysm1
1439518_at,Mmrn2
1439519_at,Slc34a3
1439520_at,Dtl
1439523_at,Bend4
1439524_at,Dnajb4
1439525_at,1700066D14Rik
1439526_at,Me2
1439527_at,Pgr
1439528_at,4833423E24Rik
1439529_at,Ssc5d
1439530_a_at,Ppp1r13l
1439531_at,E130311K13Rik
1439532_s_at,Kif13a
1439533_at,Fam229a
1439534_at,Zfp248
1439536_at,Mettl16
1439538_at,Ccdc127
1439539_at,Tram2
1439540_at,March2
1439541_at,Particl
1439542_at,Zfp651
1439543_at,1110064A23Rik
1439544_at,Tbc1d5
1439546_at,Golga7b
1439547_at,A930007A09Rik
1439548_at,Rap2b
1439549_at,Prrg3
1439550_at,Tnrc18
1439551_at,BC006965
1439552_at,Trio
1439553_s_at,Nutf2-ps1///Gm9386///Nutf2-ps2///Nutf2
1439554_at,Scmh1
1439555_at,Rlf
1439556_at,Ncam1
1439557_s_at,Ldb2
1439558_at,Zfp317
1439559_at,1700040D17Rik
1439560_x_at,Smim22
1439561_at,Borcs7
1439562_at,Mms22l
1439563_at,Zfp3
1439564_at,Tmem247
1439565_at,Amer1
1439566_at,Gprin3
1439567_at,Tbx3
1439568_at,Greb1
1439569_at,Gpr83
1439570_at,Gareml
1439571_at,E230008J23Rik
1439572_at,R3hdm1
1439573_at,Rtn4rl2
1439574_at,1110020A21Rik
1439575_at,Tmem232
1439578_at,Lsm11
1439580_at,B930053N05Rik
1439581_at,6330403L08Rik
1439582_at,Macf1
1439583_x_at,Rltpr
1439584_at,Zfp526
1439585_at,Mdn1
1439586_at,LOC548102
1439587_at,Lemd3
1439588_at,Slco5a1
1439590_at,Xkr8
1439591_at,Ulk2
1439592_at,Ppp4r1l-ps
1439593_s_at,Ppp4r1l-ps
1439594_at,D130062J10Rik
1439599_at,Gal3st2
1439601_at,Heatr6
1439602_at,Fign
1439603_at,Gm13446
1439604_at,Adamts16
1439605_at,Tmem178b
1439606_at,Katnal1
1439607_at,Slc7a14
1439609_at,Gm2102
1439610_at,Rab27b
1439611_at,Chrm1
1439612_at,Cacna1b
1439613_at,Adcy10
1439615_at,Gan
1439617_s_at,Pck1
1439618_at,Pde10a
1439619_at,Tcf12
1439620_at,Car13
1439621_at,Gm16835
1439622_at,Rassf4
1439624_at,Ugt2b35
1439626_at,Tmod3
1439627_at,Zic1
1439628_x_at,Rab38
1439629_at,Nrxn3
1439630_x_at,Sbsn
1439631_at,Zcchc11
1439632_at,Gnb4
1439633_at,Syt7
1439634_at,Tbc1d30
1439635_at,Rgs9
1439636_at,Nlrp9c
1439637_at,Kif7
1439638_at,Erbb2ip
1439640_at,Gm17388
1439641_at,LOC553090///Papolg
1439642_at,5930403N24Rik
1439644_at,9630023C09Rik
1439645_at,Adra2b
1439647_at,LOC100862324///Fam205a3///LOC100862043///Fam205a4///Fam205a2///Fam205a1
1439648_at,Anln
1439649_at,Azin2
1439650_at,Rtn4
1439653_at,Adam6a
1439654_at,Gm7111
1439656_at,Pafah1b1
1439657_at,A430027H14Rik
1439658_at,Lmod3
1439659_at,Usp49///Med20
1439660_at,Hivep3
1439661_at,Slc16a14
1439662_at,Homer1
1439663_at,Ptch1
1439664_at,Dcaf7
1439665_at,Lpar4
1439666_at,Odf3b
1439667_at,Gm17455
1439668_at,Gm11681
1439669_at,6430571L13Rik
1439670_at,Ubtfl1
1439671_at,4930466K18Rik
1439673_at,E230008O15Rik
1439674_at,Slc4a8
1439675_at,Ppara
1439677_at,Epm2a
1439679_at,Cct3
1439680_at,Tnfsf10
1439683_at,Gm29811
1439684_at,4930570G19Rik
1439687_at,Rab14
1439688_at,Fbln1
1439689_at,Mettl24
1439690_at,Idnk
1439691_at,D5Ertd579e
1439693_a_at,Fbxw16
1439694_at,Fbxw16
1439695_a_at,Kif20b
1439696_at,Nr2c2
1439697_at,Il1rap
1439698_at,Zfp276
1439700_at,Adam1b
1439701_at,9330121K16Rik
1439703_at,Cd200r1
1439704_at,Hdac2
1439705_at,BB070754
1439706_at,A330106F07Rik
1439707_at,C230034O21Rik
1439708_at,Myom3
1439710_at,Tgs1
1439712_at,Ints10
1439713_at,Itga1
1439714_at,Gm33397
1439715_at,Osgepl1
1439716_at,Piwil4
1439717_at,Gabrg3
1439719_at,Themis
1439720_at,Ralgps1
1439721_at,Fbxw18
1439723_at,Ticrr
1439724_at,Ric8b
1439725_at,Ptprt
1439726_at,Tmem186
1439727_at,Clca4a
1439728_at,Prrt4
1439730_at,Gm15941
1439731_at,Plppr1
1439733_at,Gm17308
1439735_at,Gm31981
1439736_at,5830453J16Rik
1439737_x_at,Med6
1439738_at,Mettl13
1439739_at,Prss50
1439740_s_at,Uck2
1439741_x_at,Uck2
1439745_at,Cacng7
1439746_at,Dusp27
1439747_at,Ptges
1439748_at,Dpp6
1439749_at,Zap70
1439751_at,Rslcan18
1439752_at,Mboat4
1439753_x_at,Six4
1439754_at,Sox12
1439755_at,Sipa1l1
1439756_at,Slc25a41
1439757_s_at,Epha4
1439758_at,Als2cr12
1439759_x_at,Sult6b1
1439760_x_at,Upk1b
1439761_x_at,D830026I12Rik
1439762_x_at,Adra2c
1439763_at,Dnajc11
1439764_s_at,Igf2bp2
1439765_x_at,Krt42
1439766_x_at,Vegfc
1439767_at,Dlgap2
1439768_x_at,Sema4f
1439769_at,Zfp644
1439770_at,Nyap1
1439771_s_at,Gm21762///D13Ertd608e
1439772_at,Cnot11
1439773_at,Ly6e
1439774_at,Prrx1
1439775_at,Brwd3
1439776_at,Ogfod1
1439777_at,Celf2
1439779_at,Rgs17
1439780_at,Rpl7l1
1439781_at,D930048N14Rik
1439782_s_at,D930048N14Rik
1439783_at,C330018D20Rik
1439784_at,Fam219b
1439785_at,9630013A20Rik
1439786_at,Gab2
1439787_at,P2rx7
1439788_at,Primpol
1439789_at,Ebf1
1439790_at,Serpinb9
1439791_at,Gm527
1439793_at,Gja3
1439794_at,Ntn4
1439795_at,Adgrg2
1439796_at,Clca4b
1439797_at,Ppard
1439798_at,Hoxc10
1439800_at,Clip1
1439801_at,Sun3
1439802_at,Stk35
1439803_at,Zfp865
1439804_at,2310015A10Rik
1439805_at,Nfat5
1439807_at,Tmem74
1439808_at,Ipcef1
1439809_at,Pramel7
1439810_s_at,Pramel7
1439811_at,Mtr
1439812_at,4930402H24Rik
1439814_at,Atp8b4
1439815_at,Heatr5b
1439816_at,Tcf24
1439817_at,Emc7
1439818_at,Prmt9
1439819_at,AU015263
1439821_at,Lrp2bp
1439824_at,Chm
1439825_at,Dtx3l
1439826_at,Hspa14
1439827_at,Adamts12
1439829_at,Adcy5
1439830_at,Map3k5
1439831_at,Gm4951
1439833_at,Sept3
1439834_at,Fcor
1439835_x_at,Abcd2
1439836_at,Asb15
1439837_at,Gigyf2
1439838_a_at,Tmie
1439839_at,LOC102642406///D130051D11Rik
1439840_at,Polb
1439841_at,Zfyve27
1439842_at,Zfp287
1439843_at,Camk4
1439844_at,8430426J06Rik
1439845_at,Hp1bp3
1439846_at,Klf12
1439847_s_at,Klf12
1439848_at,Bves
1439849_at,Trabd2b
1439850_at,Zfp941
1439853_at,B4galnt2
1439854_at,Hrk
1439855_at,Tmtc1
1439856_at,Acvr2b
1439858_at,Pgpep1
1439859_at,Tigar
1439860_at,Eef2k
1439861_at,Zfp583
1439862_at,Rorb
1439863_at,Ugcg
1439864_at,Ccdc40
1439865_at,Kbtbd7
1439866_at,Cul9
1439867_at,Ubox5
1439869_at,Zfp493
1439870_at,A330008L17Rik
1439872_at,Kcna2
1439873_at,Dgkd
1439874_at,9330102E08Rik
1439875_at,Zfp128
1439876_at,Vti1a
1439878_at,Ivl
1439880_at,D630023F18Rik
1439881_at,C030013E06Rik
1439882_at,Sec23ip
1439884_at,Nudt16
1439885_at,Hoxc5
1439887_at,Rnf152
1439888_at,Gm15867
1439889_at,Scn8a
1439890_at,Fbxl7
1439891_at,Zfp703
1439892_at,Brsk1
1439893_at,Gm9878///LOC215458///Mical3
1439894_at,A730056I06Rik
1439895_at,AU021025
1439896_at,Limk2
1439897_at,Nebl
1439898_at,Ebna1bp2
1439899_at,Galnt13
1439900_at,Zfhx2
1439902_at,C5ar1
1439903_at,Yjefn3///Ndufa13
1439904_at,Fstl5
1439905_at,Lhx4
1439908_at,Zkscan1
1439909_at,Zfp521
1439910_a_at,Tradd
1439912_at,Ppp2ca
1439913_at,Pabpc1l
1439914_at,4932416H05Rik
1439916_at,Gm9861
1439917_at,Pdzd8
1439918_at,Odf2
1439921_at,Gm3458
1439922_at,Prrc1
1439923_at,Tubgcp5
1439924_x_at,Tubgcp5
1439925_at,Tm4sf1
1439926_at,Heg1
1439931_at,Gsk3b
1439932_at,Ubxn2b
1439933_at,B430316J06Rik
1439934_at,Slc30a10
1439935_at,Oosp2
1439936_at,BE949265
1439937_at,Tm9sf1
1439938_at,Stk38
1439939_at,E030042N06Rik
1439940_at,Slc1a2
1439942_at,Prep
1439943_at,Vps54
1439944_at,Rbm46
1439945_at,Zfp449
1439947_at,Cyp11a1
1439948_at,BC046401
1439949_at,Gsk3b
1439950_at,Dync1h1
1439952_at,Ddx23
1439953_at,Pmm2
1439954_at,Gm29695///Lemd1
1439955_at,Rad9b
1439956_at,Ms4a6b
1439957_at,Gnal
1439958_at,Gm1995///Gm7104
1439959_at,Fgf11
1439960_at,Rpusd2
1439962_at,2310010J17Rik
1439963_x_at,Saxo2
1439964_at,Tmem170
1439965_at,Slc43a2
1439966_x_at,Sfxn2
1439967_at,1700071A11Rik
1439968_x_at,Dbndd2
1439969_at,Tmem8b
1439971_at,Dzank1
1439972_at,Etnk1
1439973_at,Crxos
1439974_at,Fkbp15
1439975_at,Tmem150c
1439976_at,Alg11
1439977_at,4930515I15
1439978_at,Srcap
1439979_at,Zfp398
1439980_at,D14Ertd725e
1439981_at,Tespa1
1439983_a_at,Asic3
1439984_at,Ptdss2
1439985_at,Abcc12
1439986_at,Dgki
1439987_at,Grik1
1439988_at,Mrpl15
1439989_at,Tsc1
1439991_a_at,Pabpn1l
1439994_at,Smim20
1439995_at,Slc9b2
1439996_at,Tatdn1
1439997_at,Synj1
1439998_at,Jmjd1c
1440000_at,E330013P04Rik
1440001_at,Rian
1440002_at,Rnmt
1440005_at,Onecut2
1440006_at,BC026600
1440007_at,D930003E18Rik
1440008_at,2310043L19Rik
1440009_at,Olfr78
1440017_at,Plekhg3
1440018_at,A330043J11Rik
1440019_at,Cog5
1440021_at,Gpr20
1440022_at,Poldip3
1440023_at,Pcdh12
1440024_at,Itpkc
1440025_at,Kptn
1440027_at,Mon2
1440028_at,4631423B10Rik
1440029_at,St8sia3
1440031_at,Dact3
1440034_at,Stam2
1440037_at,Pbx1
1440038_at,Gm38654
1440042_at,Ank2
1440043_at,Ank2
1440044_at,Ttf1
1440045_at,Cryzl1
1440046_at,Fam199x
1440048_at,Smarca5
1440049_at,Paupar
1440050_at,Hbs1l
1440054_at,Pik3ca
1440056_at,Slit1
1440057_at,Hsd17b7
1440058_at,Slc22a14
1440060_at,Gm5126
1440061_at,Rbx1
1440062_at,2510009E07Rik
1440063_at,Farsa
1440064_at,Etl4
1440070_at,Chat
1440071_at,Magi1
1440072_at,E430022K19Rik
1440073_at,Rrm1
1440074_at,Gm9918
1440075_at,Pias4
1440077_at,6330549D23Rik
1440079_at,3632454L22Rik
1440081_at,Cep192
1440082_at,Ptk2
1440083_at,A430061O12Rik
1440085_at,Eda2r
1440086_at,Rnf182
1440087_at,Gm28523
1440089_at,Creb5
1440090_at,Slc25a27
1440091_at,Meis2
1440093_at,Ednra
1440094_at,BC030870
1440096_at,Ecm2
1440097_at,Mirg
1440098_at,D030018L15Rik
1440099_at,Slc38a6
1440100_at,Ccdc130
1440101_at,Col12a1
1440102_at,Slc36a3
1440104_at,Ranbp2
1440105_at,Kdm4d
1440108_at,Foxp2
1440109_at,D7Ertd413e
1440110_at,B130019D13Rik
1440112_at,Lrrtm3
1440113_at,Mta1
1440114_x_at,Kank3
1440116_at,D630045J12Rik
1440117_at,Lrrc48
1440118_at,Slc25a39
1440119_at,Sipa1l1
1440120_at,Rack1
1440121_at,St6galnac3
1440122_at,Gm8140
1440124_at,B230334C09Rik
1440125_at,Zfp729a
1440126_at,BC037704
1440128_s_at,Sez6l
1440129_at,Aurka
1440130_at,BB116930
1440132_s_at,Prkar1b
1440133_x_at,Prkar1b
1440134_at,Cyp4a31
1440138_at,Ahdc1
1440141_at,Kcnq2
1440142_s_at,Gfap
1440143_at,Pigz
1440144_x_at,Sfi1
1440145_at,H60a
1440146_at,Vps13a
1440147_at,Lgi2
1440148_at,Gpr6
1440150_at,Tgm3
1440151_s_at,Gm11964///Edf1
1440152_x_at,Gm11964///Edf1
1440155_at,Fstl4
1440156_s_at,Tox2
1440157_at,Gm34006
1440158_x_at,Chchd7
1440159_at,1700010B09Rik
1440160_x_at,Vwa9
1440161_at,Mmp16
1440162_x_at,Edaradd
1440163_at,Setd3
1440164_x_at,Cd8a
1440165_at,Ptprc
1440166_x_at,Htr1d
1440167_s_at,Lpp
1440168_x_at,Kctd7
1440169_x_at,Ifnar2
1440170_at,Ankrd10
1440171_x_at,Zfp974
1440172_s_at,1700113H08Rik
1440173_x_at,Selp
1440174_at,E130307A14Rik
1440175_at,Epn2
1440176_x_at,1700003F12Rik
1440177_at,Grik3
1440178_x_at,Zap70
1440179_x_at,Rnf217
1440180_x_at,Zbtb3
1440181_at,Ccdc177
1440182_at,Fzd10
1440183_x_at,Apopt1
1440184_at,2610005L07Rik
1440185_x_at,Sae1
1440186_s_at,Psapl1
1440187_at,Taf3
1440189_at,Ppp2r5a
1440190_at,Leng9
1440191_s_at,Leng9
1440192_at,Ttc39b
1440193_at,Ankrd12
1440194_at,Mir1199///2210011C24Rik
1440195_at,Serbp1
1440197_at,Gltscr1l
1440199_at,Slc25a48
1440200_at,Fam184b
1440201_at,Slc8a1
1440202_at,E430024I08Rik
1440203_at,Pcgf3
1440204_at,3110039M20Rik
1440205_at,Zmynd19
1440206_at,A930024E05Rik
1440207_at,Lpcat4
1440208_at,Rac2
1440209_at,March1
1440210_at,Cacng2
1440211_at,Cyp2j11
1440213_a_at,Abhd11os
1440214_at,A630001G21Rik
1440215_at,Triqk
1440216_at,Ifitm5
1440217_at,Fam169b
1440218_at,Cdhr2
1440220_at,Ocln
1440221_at,AA408650
1440222_at,Sod1
1440223_at,Rbm6
1440224_at,9330133O14Rik
1440225_at,Adgrf5
1440226_at,Zfp760
1440227_at,Slc5a3
1440228_at,Ranbp6
1440229_at,2310034G01Rik
1440230_at,Tsku
1440231_at,Map9
1440232_at,Tmem200c
1440233_at,Dgkeos
1440234_at,Lyrm9
1440235_at,Itga10
1440236_at,A830039H05Rik
1440237_at,Ercc4
1440238_at,Gltscr1
1440239_at,Fam65a
1440240_at,Npb
1440241_at,Trpm1
1440242_at,Fam78b
1440243_at,Cpne7
1440244_at,Erg
1440245_at,Ccdc88b
1440247_at,Phf14
1440248_at,Casc4
1440249_at,Aknad1
1440250_at,Col4a4
1440251_s_at,Gm38422///Zfp64
1440252_at,H2afj
1440253_at,Psmd11
1440254_at,Snord104
1440255_at,Hinfp
1440256_at,Rgs9bp
1440257_at,Obox6
1440258_at,Kcnq2
1440260_at,Ccdc58
1440261_at,Ap4e1
1440263_at,Nrp
1440265_at,Jund
1440266_at,5830428M24Rik
1440267_at,Pex1
1440268_at,Trim41
1440269_at,Scyl2
1440270_at,Fgf12
1440274_at,Rapgef4
1440275_at,Runx3
1440276_at,Rfpl4b
1440277_at,AU041474
1440278_at,Dynll1
1440279_at,Tmx3
1440280_at,Cep95
1440281_at,Rmnd1
1440282_at,Gm2808///Tulp4
1440283_at,1810059H22Rik
1440285_at,Ppp1r9a
1440286_at,Fbxl16
1440288_at,Ptchd2
1440289_at,Gabpb2
1440290_at,Gm10010
1440292_at,D13Ertd666e
1440293_at,Peak1
1440295_at,Ldah
1440296_at,Gm30473///Gm16432
1440297_at,Rnf220
1440298_at,Treml2
1440299_at,Mb21d1
1440300_at,Vav1
1440302_at,Slc25a3
1440303_at,Slc7a6os
1440307_at,Gtf3c2
1440308_at,Cmpk1
1440310_at,Runx1t1
1440311_at,Sorbs1
1440312_at,Elovl7
1440313_at,Fuca2
1440315_at,Mbnl1
1440316_at,Zfp865
1440317_at,C130068B02Rik
1440318_at,Wdr35
1440319_at,Rbm44
1440321_at,Mast2
1440323_at,Syt2
1440324_at,Mrpl19
1440325_at,Rab30
1440326_at,5830435N17Rik
1440327_at,AI195470
1440328_at,Nasp
1440329_s_at,Gpatch2
1440330_at,Hist1h2bg///Hist1h2be///Hist1h2bc
1440331_at,Kdsr
1440332_at,Cdv3
1440333_at,Mamdc4
1440335_at,Gm11716
1440336_at,C130013H08Rik
1440338_at,Pde12
1440339_at,Enpp1
1440340_at,B3galt6
1440342_at,G530011O06Rik
1440343_at,Rps6ka5
1440344_at,Snord89
1440345_at,Snord7///AI450353
1440346_at,Kdm6b///1700064E03Rik
1440348_at,Zfyve9
1440350_at,Panx2
1440352_at,1700028E10Rik
1440353_at,Ntf5
1440354_at,Elovl7
1440355_at,Kctd12b
1440356_at,Ciapin1
1440357_at,Lncppara
1440358_at,Arhgef15
1440359_at,Fam110b
1440361_at,Gm12371
1440362_at,Pitpnm3
1440364_a_at,Aasdh
1440370_at,Abca13
1440374_at,Pde1c
1440376_at,Fbxo41
1440377_at,Tigd5
1440378_at,Sec11c
1440379_at,Slc1a5
1440381_at,Riok2
1440382_at,BC051628
1440383_at,Dclre1b
1440384_at,Tmcc1
1440385_at,9530051E23Rik
1440386_at,Glce
1440387_at,2610005L07Rik
1440390_at,Fam171a2
1440391_at,Gcn1l1
1440392_at,Akap13
1440395_at,Tut1
1440397_at,Cacna2d1
1440400_at,Rnf157
1440402_at,Syne3
1440403_at,Arhgef1
1440406_at,Gpatch3
1440409_at,Gcnt3
1440410_at,Gm16226
1440411_at,Rassf9
1440413_at,Vwc2l
1440414_at,Mtf1
1440415_at,Gm38440
1440417_at,D19Ertd409e
1440419_at,Lrcol1
1440422_at,Htr1f
1440423_at,Zbtb37
1440424_at,Tnnt2
1440426_at,Nfatc2
1440428_at,Sfxn5
1440429_at,Arpp21
1440430_at,A130004G07Rik
1440435_at,Ky
1440436_at,Gm5083
1440437_at,Herc1
1440441_at,Fbxl7
1440442_at,Tgfbr3l///Map2k7
1440443_at,E030016H06Rik
1440444_at,Fads1
1440445_at,Pax6os1
1440446_at,Nkd1
1440447_at,Abhd2
1440450_at,Gm10501
1440451_at,Ankrd66
1440452_at,Drp2
1440453_at,Zfp735
1440454_at,Gsap
1440455_at,Camk2n1
1440456_at,Dnah7a
1440458_at,Cmah
1440459_at,Setx
1440460_at,4930504O13Rik
1440462_at,B930068K11Rik
1440463_at,5430414B19Rik
1440464_at,Elavl1
1440466_at,BC003965
1440467_at,Cep162
1440468_at,D630023F18Rik
1440469_at,Gm9999
1440470_at,Lrrc14
1440472_at,Spag17
1440474_at,Crot
1440475_at,AW011738
1440476_at,D6Ertd474e
1440478_at,Nus1
1440479_at,Cbx4
1440480_at,Nacad
1440481_at,Stat1
1440482_at,Vps13a
1440484_at,Unc5d
1440485_at,Gm36839
1440486_at,Kansl2
1440487_at,Dcc
1440489_at,Zbtb46
1440491_at,Slc1a3
1440493_at,Galnt10
1440495_at,Rmst
1440496_at,Samm50
1440497_at,Cmtr1
1440499_at,D9Ertd26e
1440500_at,Map3k10
1440501_at,AU041480
1440502_at,Cfap54
1440504_at,Ccdc39
1440505_at,Plcxd1
1440507_at,Gm10575
1440508_at,Gm14022
1440509_at,Sox30
1440510_at,C430002N11Rik
1440512_at,Atg4b
1440513_at,C80258
1440514_at,D3Ertd508e
1440515_at,Dcdc2b
1440516_at,Slitrk4
1440517_x_at,Cmah
1440518_at,Zfp991
1440519_at,Sp8
1440520_a_at,1700051A21Rik
1440521_x_at,1700051A21Rik
1440522_at,Chic1
1440523_at,Sdr16c5
1440524_at,Kdm6a
1440525_at,Acvr2b
1440526_at,Rltpr
1440527_at,Creb5
1440530_at,AU019752
1440531_at,Rbm11
1440534_at,Stum
1440535_at,Uros
1440537_at,Kcnv2
1440539_at,Slc10a7
1440540_at,Gle1
1440541_at,Eldr
1440542_at,Vrtn
1440543_at,Heatr5a
1440545_at,Grm1
1440546_at,9630002D21Rik
1440549_at,B230334L07Rik
1440553_at,Mecr
1440555_at,Rragd
1440556_at,Gm11985
1440558_at,Atp9b
1440559_at,Hmga2-ps1
1440562_at,Gm17597
1440564_at,Prokr2
1440566_at,D330005C11Rik
1440568_at,Pot1a
1440569_at,Slc16a10
1440571_at,Eif4g3
1440572_at,Dusp19
1440573_at,Gm2590
1440574_at,B230118H07Rik
1440575_at,Hspa4
1440576_at,Cpn1
1440580_at,Efr3b
1440581_at,Pirt
1440582_at,Itch
1440584_at,9130221L21Rik
1440585_at,Stx6
1440586_at,B430203I24Rik
1440595_at,Epb41l3
1440596_at,Cabin1
1440598_at,Sntg1
1440599_at,Olfr658
1440600_at,4930407I10Rik
1440603_at,Asb18
1440604_at,8030494B02Rik
1440605_at,Fscn2
1440607_at,Gm19929
1440608_at,Gm19651
1440609_at,Map4k4
1440611_at,Faxc
1440614_at,Arhgap23
1440615_at,Dusp16
1440616_at,AU042410
1440617_at,Cpa6
1440618_at,Rhbdl2
1440619_at,Mapk8ip1
1440620_at,Rab8a
1440623_at,Gpr26
1440625_at,D930015E06Rik
1440626_at,Hoxd13
1440627_at,Atp8a2
1440629_at,Etf1
1440632_at,Pcdhb4
1440633_at,Neil3
1440635_at,Palld
1440636_at,Mrpl3
1440638_at,A230107N01Rik
1440639_at,Dlgap1
1440640_at,2010111I01Rik
1440641_at,Vps29
1440642_at,Ssu2
1440644_at,Parp6
1440645_at,BB114814
1440647_at,Sipa1l1
1440648_at,Coq10a
1440649_at,Gm4876
1440652_at,Ankrd44
1440653_at,Phip
1440655_at,Sgip1
1440656_at,Hecw1
1440658_at,Ammecr1l
1440661_at,A430010J10Rik
1440664_at,Cecr5
1440666_at,4933430I17Rik
1440667_at,Dclre1b
1440668_at,Adamtsl3
1440669_at,B230217O12Rik
1440670_at,Gm31765
1440671_at,A130012E19Rik
1440672_at,Zfp541
1440674_at,Edil3
1440676_at,Fam124b
1440677_at,B230307C23Rik
1440680_at,LOC102636733
1440681_at,Chrna7
1440683_at,A930004D18Rik
1440684_at,Lpcat2
1440686_at,Prss27
1440687_at,Gm11476
1440688_at,Arhgap26
1440689_at,Foxk2
1440691_at,Cyp2j6
1440692_at,Gm364
1440693_at,Palld
1440695_at,Zfp40
1440696_at,Trnp1
1440697_at,AI746446
1440699_at,Map2
1440700_a_at,Arhgef18
1440702_at,AU022297
1440704_at,Rxfp2
1440705_at,AU021720
1440706_at,Bmp8b
1440707_at,Dmrt3
1440708_at,Myh9
1440709_at,C130081A10Rik
1440710_at,Gm10193///Zfp706
1440711_at,C630001G18Rik
1440715_s_at,Cdkn2aipnl
1440716_at,6430604M11Rik
1440717_at,AA407881
1440718_at,Fam105a
1440719_at,Gle1
1440720_s_at,Gle1
1440721_at,5930433N17Rik
1440722_at,B230214N19Rik
1440724_at,AI854703
1440725_at,Gpr63
1440728_at,Kcnma1
1440729_at,Eps15
1440731_at,AI413759
1440732_at,D030018L15Rik
1440733_at,Gm16499
1440734_at,Ttbk2
1440735_at,Polr3k
1440736_at,AI131651
1440737_at,Inadl
1440738_at,B020011L13Rik
1440739_at,Vegfc
1440740_at,Ctdspl2
1440741_at,Htr1d
1440743_at,4931428F04Rik
1440745_at,Prdm16
1440747_at,Cpox
1440751_at,Ep400
1440756_at,LOC105242891
1440757_at,Gm39559
1440759_at,Kcna2
1440761_at,4833422C13Rik
1440762_at,Syn2
1440764_at,Araf
1440765_at,Fras1
1440766_at,Glt8d1
1440767_at,Defb41
1440768_x_at,1700052I22Rik
1440769_at,Coa7
1440770_at,Bcl2
1440771_at,Zkscan1
1440772_x_at,9530077C05Rik
1440773_at,Cep44
1440774_x_at,Wee2
1440775_at,1700054K19Rik
1440776_at,Limch1
1440777_x_at,Ptgfr
1440778_x_at,Zfp712
1440779_s_at,Slc5a9
1440780_x_at,1500015O10Rik
1440781_at,B830007D08Rik
1440782_at,Skap1
1440783_at,Cfap61
1440784_at,Eef2
1440785_at,Rxfp1
1440786_x_at,Sfxn2
1440787_s_at,Bbs10
1440788_at,Gas8
1440789_at,Neo1
1440791_x_at,Tcea2
1440792_x_at,Sigmar1
1440793_at,1700029M03Rik
1440794_x_at,1700029M03Rik
1440795_x_at,Rabep2
1440796_at,Cfap69
1440797_at,Dlx6os3
1440798_x_at,Lrrc6
1440799_s_at,Farp2
1440801_s_at,Adrbk2
1440802_at,Clasp2
1440803_x_at,Tacr3
1440804_at,Nktr
1440805_at,Baz1b
1440806_x_at,5730526G10Rik
1440808_x_at,Cd163l1
1440811_x_at,Cd8a
1440813_s_at,Plxnb3
1440814_x_at,Hs3st2
1440815_x_at,Gm2832///Gm8267
1440816_x_at,Ddx1
1440817_x_at,Zfp771
1440818_s_at,Sf3b1
1440819_s_at,Szt2
1440820_x_at,Tmco2
1440821_x_at,Odf1
1440822_x_at,Reps1
1440823_x_at,Smtnl2
1440825_s_at,Ccdc28a
1440826_s_at,Elp6
1440827_x_at,Sox5
1440828_x_at,Phf7
1440829_x_at,Ttll11
1440830_at,Adgrf5
1440831_at,Bach1
1440832_at,Ang4
1440833_at,Cdk13
1440834_at,Slc5a10
1440835_at,Zfp27
1440836_at,Setd1b
1440837_at,H2-Ob
1440838_at,Kcnb1
1440839_x_at,1700065I16Rik
1440840_at,D630004K10Rik
1440842_at,C230085N15Rik
1440843_at,A230051N06Rik
1440844_at,Tob1
1440845_at,Gm31539///Tmem243
1440846_at,Scai
1440847_at,Mtss1
1440848_at,Kansl1l
1440849_at,Rasgrf2
1440850_at,Rlim
1440851_at,Erlec1
1440852_at,Idi2
1440853_at,Rhot1
1440854_at,2810403A07Rik
1440855_at,Atxn3
1440856_at,Mapk8
1440857_at,Cad
1440858_at,Cdk12
1440859_at,Akap6
1440861_a_at,Kcnc3
1440864_at,AI836737
1440865_at,Ifitm6
1440866_at,Eif2ak2
1440867_at,Spry4
1440868_at,Gabpb2
1440869_x_at,6720489N17Rik
1440870_at,Prdm16
1440871_at,Magi1
1440873_at,Slc2a9
1440874_at,Slco5a1
1440875_a_at,Rsad1
1440878_at,Runx1
1440879_at,Abca9
1440880_at,Mppe1
1440881_at,Brwd3
1440882_at,Lrp8
1440883_at,Usp6nl
1440884_s_at,A530047J11Rik
1440885_at,Evl
1440886_at,Cdc37l1
1440887_at,Acp7
1440888_at,Oxtr
1440889_at,BC006965
1440890_a_at,Zfp809
1440891_at,Gria4
1440893_at,Riok1
1440894_at,Tmtc3
1440897_at,Gm17619
1440898_at,Fam179a
1440899_at,Fmo5
1440900_at,Gpr174
1440901_at,Dgkb
1440902_at,Ermn
1440904_at,Senp5
1440905_at,Hs2st1
1440907_at,H2-Eb2
1440908_at,D030063E12
1440909_at,Irgc1
1440910_at,C77370
1440911_at,Col23a1
1440912_at,Rnf39
1440913_at,BC037704
1440914_s_at,Aftph
1440915_at,Mphosph9
1440916_at,Mkrn2os
1440917_at,2900093K20Rik
1440918_at,Rasgrf2
1440919_at,Mob3c
1440920_at,Mmp14
1440921_at,Nlrp12
1440922_at,9130208D14Rik
1440923_at,Map3k10
1440924_at,Kif20b
1440925_at,Gm19773
1440926_at,Flt1
1440927_x_at,Apol11b
1440928_at,Tbc1d32
1440929_at,Ggnbp2
1440930_a_at,Scrt2
1440931_at,Scrt2
1440932_at,Trim17
1440933_at,4732460I02Rik
1440934_at,Faxc
1440935_at,LOC102631979
1440936_at,Serac1
1440937_at,Rbm41
1440938_at,Treml2
1440939_at,Sept6
1440940_at,Cacnb1
1440941_at,Rnf130
1440942_at,Dact2
1440943_at,Rabl6
1440944_at,Anks1b
1440945_at,Glcci1
1440947_at,Prrc2c
1440949_at,Gm15471
1440950_at,Akt1
1440951_x_at,Wapl
1440953_at,1700096K18Rik
1440955_at,Kcp
1440956_at,Ccdc94
1440957_at,Defb29
1440958_at,Chadl
1440959_s_at,Mynn
1440961_at,9130604C24Rik
1440962_at,Slc8a3
1440963_at,Cbfa2t3
1440964_s_at,Cbfa2t3
1440965_at,Pigl
1440966_at,March7
1440967_at,Gm15708
1440968_at,Eif2d
1440969_at,BC030308
1440970_at,Kalrn
1440971_x_at,Zfp771
1440972_at,Nsd1
1440973_at,LOC552874///St6galnac5
1440974_at,9030203C11Rik
1440975_at,Mxra7
1440976_at,Zfp652os
1440978_at,Pigm
1440979_at,Airn///Igf2r
1440980_at,Kcnh8
1440981_at,Pak7
1440982_at,LOC552909
1440983_at,Trappc12
1440984_at,Baz2b
1440986_at,Rpap1
1440987_at,9330121J05Rik
1440989_at,Mrpl35
1440990_at,Kif26b
1440991_at,Plekhg1
1440992_at,Zfp983
1440993_at,AW111846
1440994_at,Shprh
1440995_at,LOC102635948///6430531B16Rik
1440997_at,Tnrc6c
1440998_at,Zswim8
1440999_at,Zfp697
1441000_at,Gm4926
1441001_at,AI225934
1441002_at,Pop1
1441003_at,Ercc4
1441005_at,Rprd1b
1441006_at,Dus4l
1441007_at,A330102I10Rik
1441008_at,Dym
1441009_at,4732491K20Rik
1441010_at,Gm15972
1441011_at,Gm12800
1441017_at,Zcchc14
1441018_at,Usp24
1441019_at,Fbxo3
1441021_at,Letmd1
1441022_at,Arih1
1441023_at,Eif2s2
1441024_at,Stim2
1441025_at,Gm9954
1441026_at,Parp4
1441028_at,D2Ertd210e
1441030_at,Rai14
1441031_at,Gm13032
1441032_at,LOC102642578///Gm14168
1441033_at,Tmtc2
1441034_at,Itsn1
1441035_at,Kcne1
1441036_at,Stoml3
1441039_at,4930532J02Rik
1441040_at,Klf12
1441042_at,Fgf1
1441043_at,Gm26844
1441044_at,Ccdc191
1441045_at,Ddx43
1441047_at,Slc45a4
1441048_at,5930430L01Rik///Katnal1
1441049_at,Kcna6
1441051_at,Trim27
1441053_at,Mrps26
1441054_at,Apol8
1441055_at,Palm2
1441056_at,Usp3
1441057_at,Myh10
1441058_at,Itpkb
1441059_at,Zfp974
1441060_at,2900052L18Rik
1441062_at,Ddx11
1441063_at,Ago3
1441064_at,Pcnx2
1441068_at,A130001G05Rik
1441069_at,Zdhhc23
1441070_at,Gm15050
1441071_at,Kcnq5
1441073_at,Gm33248
1441074_at,Gm35377
1441075_at,Nostrin
1441076_at,Mpv17
1441077_at,AW124847
1441078_at,1700023F02Rik
1441079_at,Mbd4
1441081_a_at,1110038B12Rik
1441082_at,Dscam
1441083_at,Clptm1
1441084_at,Cacna2d4
1441085_at,Rora
1441086_at,4930451I11Rik
1441087_at,Tunar
1441088_at,Ikzf3
1441089_at,Ago3
1441090_at,Numa1
1441091_at,Elovl7
1441092_at,9330159M07Rik
1441093_at,LOC102640771
1441094_at,Adh6b
1441095_at,Fam179b
1441096_at,Tusc5
1441097_at,Vangl1
1441098_at,Pnldc1
1441099_at,AI463170
1441100_at,Mbtd1
1441101_at,Hecw1
1441102_at,Prlr
1441103_at,Esyt2
1441104_at,Myo5b
1441105_at,Gm11110
1441106_at,Zfand5
1441107_at,Dmrta2
1441109_at,5430414B12Rik
1441110_at,Lrit1
1441111_at,Mylk4
1441112_at,Zbed6
1441113_at,Rptoros
1441114_at,9330156P08Rik
1441115_at,D18Ertd232e
1441118_at,Fam222b
1441120_at,Gm19345
1441122_at,Gm839
1441123_at,Fam120c
1441124_at,Vezt
1441125_at,Setd5
1441127_at,Slitrk2
1441128_at,2900016J10Rik
1441133_at,Stx6
1441134_at,Zfp518b
1441137_at,Bicc1
1441138_at,Foxn2
1441139_at,Gm10336
1441141_at,Amn1
1441142_at,Smc2os
1441143_at,Ccdc92b
1441144_at,Arr3
1441145_at,Phf21a
1441146_at,C76132
1441147_at,D3Ertd229e
1441151_at,AU044157
1441156_at,Cops3
1441157_at,C230006B20
1441158_at,Gm15527
1441159_at,Med12l
1441160_at,D330050G23Rik
1441161_at,Spx
1441162_at,Rock1
1441163_at,Med12l
1441165_s_at,Clstn2
1441166_at,Akain1
1441169_at,Gm31437
1441170_a_at,Dab2ip
1441171_at,Prob1
1441173_at,4930451G09Rik
1441174_a_at,Lmln
1441175_at,Arx
1441178_at,Dtwd2
1441179_at,9530020O07Rik
1441180_at,C330024D21Rik
1441182_at,Brwd3
1441184_at,Trpc4ap
1441185_at,Msi2
1441186_at,Sall3
1441187_at,E330037M01Rik
1441190_at,Arpc5l
1441191_at,2810454H06Rik
1441192_at,Scly
1441193_at,Ctnna3
1441194_at,Gm19521
1441195_at,6030487A22Rik
1441196_at,C230076A16Rik
1441197_at,9530059O14Rik
1441198_at,Zfp39
1441200_at,Klf3
1441203_at,Gm14204
1441204_at,A130019P10Rik
1441205_at,Aldh3b2///Aldh3b3
1441206_at,Synpo2
1441207_at,Zfp879
1441212_at,Fam92a
1441213_at,BC021891
1441214_at,Exph5
1441215_at,Trabd
1441216_at,St3gal1
1441221_at,1700008J07Rik
1441223_at,March4
1441224_at,Drp2
1441226_at,Spon1
1441228_at,Apold1
1441229_at,D230019N24Rik
1441234_at,Serhl
1441235_at,Nup133
1441236_at,Slc9a3
1441237_at,D5Ertd163e
1441238_at,Pds5a
1441239_at,Kctd18
1441241_at,9630013D21Rik
1441245_a_at,Zfp512b
1441246_s_at,Dpysl5
1441248_at,Clcn3
1441249_at,4930403D09Rik
1441250_at,Enthd1
1441251_a_at,2010001A14Rik
1441252_at,2010001A14Rik
1441254_at,Pard3b
1441255_at,Cdh3
1441258_at,AF529169
1441259_s_at,Ift122
1441260_a_at,Zfp771
1441261_at,Zfp771
1441263_a_at,A930005H10Rik
1441264_x_at,A930005H10Rik
1441266_at,Strn3
1441269_at,Gm21283
1441271_at,Idh3b
1441275_at,Kbtbd8
1441276_at,Ptprk
1441277_s_at,Ptprk
1441278_at,4930513N10Rik
1441279_at,Platr4
1441280_at,Kcnk12
1441281_s_at,Ninj1
1441282_at,Ssu72
1441283_at,Ccny
1441286_at,Trav6-3
1441287_at,Mbtd1
1441288_at,2010320O07Rik
1441290_at,Gm33465
1441291_at,Abl1
1441295_at,Lman2l
1441299_at,Lurap1l
1441300_at,Kcnf1
1441302_at,LOC100502835
1441303_at,Gm34292
1441305_at,Nedd4l
1441306_at,6820408C15Rik
1441307_at,Krtap4-1
1441308_at,Mobp
1441309_at,Adamts10
1441311_at,Rps6ka2
1441312_at,Cnnm1
1441313_x_at,Lhx9
1441314_at,Incenp
1441315_s_at,Slc19a2
1441316_at,Wnt8b
1441317_x_at,Jakmip1
1441318_at,Kdm5a
1441319_at,Rbm5
1441320_a_at,Trim56///AI413194
1441321_at,LOC552911
1441322_at,Skap1
1441323_at,Qpctl
1441325_at,Nkrf
1441326_at,Cp
1441327_a_at,Ssr1
1441329_at,Galr1
1441330_at,Crb1
1441331_at,A230061C15Rik
1441335_at,4930474N05Rik
1441336_at,Nutm1
1441338_at,5930412G12Rik
1441339_at,Chd9
1441340_at,Cep68
1441342_at,Dpp4
1441344_at,Erlin1
1441345_at,C80143
1441348_at,Zfp955a
1441349_at,LOC552904
1441350_at,Fgf3
1441352_at,9430034N14Rik
1441353_at,Nav2
1441354_at,AU018740
1441355_at,E030047P09Rik
1441356_at,Shc2
1441357_at,Kirrel3
1441358_at,Pcdhb16
1441359_at,Zcchc11
1441361_at,Mpdz
1441365_at,Foxp2
1441368_at,Gm6556
1441369_at,C030017B01Rik
1441371_at,Plxna4
1441372_at,5930405F01Rik
1441374_at,C79798
1441376_at,Gabarapl2
1441377_at,Kif6
1441379_at,AU045094
1441380_at,Ttc39c
1441381_at,9430029E18Rik
1441382_at,Gpr101
1441383_at,Gad1os
1441384_at,Gadl1
1441385_at,Rhoh
1441387_at,BC030343
1441390_at,Spdya
1441394_at,C76554
1441395_at,AU021933
1441396_at,B3galt1
1441398_at,Gm30777
1441400_at,Tma16
1441401_at,C79329
1441402_at,Csrp2bp
1441403_at,6430501K19Rik
1441406_at,Armt1
1441408_at,AU044856
1441409_at,Ttc41
1441410_at,D2Ertd112e
1441411_at,Lims1
1441412_s_at,Trim45
1441415_at,Spred2
1441416_at,Inpp4b
1441417_at,Stt3a
1441419_at,LOC102641136///Gm31412
1441420_at,Igsf9
1441421_at,C530030P08Rik
1441422_at,Gas2l1
1441423_at,Ece1
1441426_at,Nrde2
1441427_at,Vwc2
1441428_at,Gm17767
1441429_at,Irs4
1441431_at,Ccdc30
1441432_at,C820005J03Rik
1441434_at,Zfp788
1441436_at,Dusp12
1441438_at,Gpc6
1441439_at,Ucn3
1441440_at,Atg4c
1441441_at,Prrg1
1441444_at,Nbeal1
1441445_at,Per3
1441447_at,Nol4
1441448_at,Pum2
1441449_at,Kdm5c
1441450_s_at,Kdm5c
1441451_at,Brwd3
1441452_at,Lsm1
1441453_at,LOC102641489///8030453O22Rik
1441454_at,Zhx3
1441456_at,Mmp24
1441457_at,Nptn
1441458_at,Rasa4
1441462_at,Dock4
1441464_at,A630035D09Rik
1441465_at,Cnot3
1441466_at,Tra2b
1441468_at,Gm10710
1441469_at,Dock4
1441470_at,Wdpcp
1441471_at,2810002D19Rik
1441474_at,C130070B15Rik
1441476_at,Socs2
1441477_at,Calu
1441478_at,Cemip
1441481_at,Mfap3l
1441483_at,Slitrk2
1441485_at,Yipf6
1441486_at,Fkbp15
1441487_at,Trim2
1441489_at,C130023C23Rik
1441490_at,Tmem39a
1441491_at,A330068G13Rik
1441493_at,Erc1
1441495_at,Kctd8
1441496_at,Tdrd3
1441497_at,AA388235
1441499_at,Grid1
1441501_at,Serbp1
1441503_at,Dcdc2a
1441504_at,Rbm44
1441506_at,Dcn
1441507_at,Sptbn1
1441509_at,A130009I22Rik
1441511_at,Kcnt1
1441512_at,6030445D17Rik
1441513_at,Tank
1441515_at,Fam228b
1441516_a_at,C130050O18Rik
1441518_at,Gm11754
1441519_at,Nid1
1441520_at,Aspm
1441522_at,Dcun1d2
1441523_at,Nf1
1441525_at,Nek11
1441527_at,4930558J18Rik
1441528_at,Trappc12
1441531_at,Plcb4
1441533_at,Gm4491
1441534_at,C86753
1441536_at,Hmgcs1
1441537_at,Recql5
1441540_at,Ncoa7
1441542_at,Drp2
1441545_at,Zcchc11
1441546_at,Mpp6
1441548_at,Frmd4b
1441549_at,Pi4kb
1441550_at,9330184L24Rik
1441551_at,Mypn
1441553_at,Pds5b
1441554_at,Chsy3
1441557_at,Kmt5a
1441558_at,D230044B12Rik
1441559_at,Ptchd4
1441560_at,Ctnna3
1441561_at,Fbxl3
1441562_at,A230048O21Rik
1441563_at,Cep57l1
1441565_at,Gm40466
1441568_at,Osgin2
1441569_at,Fbxw21
1441571_at,2410089E03Rik
1441572_at,Dcc
1441573_at,Scmh1
1441575_at,Gm9930
1441577_at,C530014P21Rik
1441578_at,Ccdc86
1441579_at,Dmrta1
1441581_at,Asb10
1441582_at,Gm17244
1441585_at,Spg7
1441587_at,Plch2
1441588_at,Kcnq1ot1
1441589_at,Gm38448
1441590_at,Kcnj5
1441598_at,Tmeff2
1441599_at,Micu3
1441600_at,LOC328066
1441602_at,Mettl23
1441603_at,Sstr3
1441604_at,Gm2904///Esd
1441607_at,AU015603
1441608_at,Cacna2d1
1441610_at,Phf24
1441611_at,Zdhhc6
1441613_at,Zfp40
1441615_at,Cbfa2t2
1441617_at,Med15
1441618_at,Arhgap29
1441619_at,Zfp14
1441622_at,Gm5485
1441623_at,Gm7967
1441624_at,Sorbs2
1441625_at,Rimbp2
1441631_at,Ddx24
1441632_at,C130079B09Rik
1441633_at,Nudt9
1441634_at,Ntng1
1441638_at,A630014C17Rik
1441639_at,Zcchc8
1441641_at,Appbp2os
1441643_at,March3
1441645_s_at,Ipo9
1441646_at,Vta1
1441647_at,Gm16364
1441648_at,C1qtnf4
1441650_at,Arhgap15
1441651_at,4930414N06Rik
1441652_at,Bmpr2
1441653_at,Srcap
1441655_at,Gm884
1441656_at,B930068K11Rik
1441659_at,Dpf3
1441660_at,Actr2
1441662_at,Cyp4x1
1441664_at,AW049021
1441665_at,Iars2
1441666_at,Gm29514
1441667_s_at,Smyd1
1441668_at,E130107B13Rik
1441669_at,Acap2
1441672_at,D3Ertd547e
1441673_at,C80120
1441676_at,Zfat
1441681_at,Xpot
1441682_s_at,Xpot
1441684_at,Ttc3
1441685_at,Prosc
1441687_at,Wnt4
1441688_at,6430537I21Rik
1441689_at,Nup153
1441690_at,Cdh8
1441693_at,Adamts3
1441697_at,Maml1
1441699_at,Atp8b2
1441700_at,Slc4a8
1441703_at,Zfp787
1441705_at,AU015680
1441706_at,Dscaml1
1441707_at,Psma3
1441708_at,Spag16
1441709_at,Slc11a2
1441711_at,Unc45bos
1441712_at,Usp49
1441713_at,Anapc7
1441717_at,D9Ertd596e
1441719_at,Gm12689
1441720_at,Stamos
1441721_at,Gm33738
1441724_at,Stag1
1441725_at,6530402F18Rik
1441727_s_at,Zfp467
1441728_at,Scn1a
1441729_at,Lmx1b
1441733_s_at,Nup153
1441734_at,Camk2a
1441737_s_at,Rassf1
1441741_at,Gm8267///Gm7995///Gm5930
1441742_at,Kcnh5
1441743_at,Pax3
1441749_at,4930447F24Rik
1441750_x_at,4930447F24Rik
1441751_at,AW493563
1441752_at,Art3
1441753_at,Rictor
1441755_at,Mapk15
1441757_at,Lockd
1441758_at,Rhot1
1441759_at,Gm10804
1441761_at,Sla
1441762_at,Gm19576
1441763_at,Zdhhc6
1441764_at,Prdm10
1441765_at,Pank1
1441767_at,Zfp142
1441768_at,9430051O21Rik
1441770_at,Ppat
1441772_at,P2rx4
1441773_at,1700061N14Rik
1441776_at,Tspan11
1441777_at,Emx1
1441778_at,Adcyap1
1441779_at,9530006C21Rik
1441781_at,AI317158
1441782_at,Aak1
1441783_at,2410022M11Rik
1441784_at,Gm15958
1441785_at,Shisa6
1441787_at,Zc3h12c
1441788_s_at,Dkc1
1441792_at,Zfp945
1441795_at,Snapc4
1441796_at,Fam136a
1441798_at,LOC102637763
1441799_at,6030422H21Rik
1441800_at,Rabgap1
1441801_at,Kctd4
1441802_at,Spred2
1441803_at,Ipcef1
1441805_at,Gm2629
1441807_s_at,Fam228b
1441809_at,A930009A15Rik
1441811_x_at,Tmem176a
1441812_at,LOC100503594
1441813_at,Gm9484
1441814_s_at,Rpain
1441815_at,Neto1
1441816_at,Kantr
1441817_at,1700099I09Rik
1441818_at,Fer1l6
1441819_x_at,Timm50
1441820_at,Cdkl2
1441822_at,1700008F19Rik
1441823_at,Zmiz1
1441824_at,Mboat1
1441825_x_at,Ighmbp2
1441826_x_at,Ubtd1
1441827_x_at,Hsp90aa1
1441828_at,Stard5
1441829_s_at,Akap10
1441830_x_at,Akap10
1441831_x_at,Clcn5
1441832_at,Hdac10
1441835_x_at,Mtmr11
1441836_x_at,Gtsf1
1441837_at,Chrnb2
1441838_at,Ercc1
1441839_s_at,Mettl22
1441840_x_at,Sbno2
1441841_at,Adamts16
1441842_s_at,Zfp707
1441843_s_at,5230400M03Rik
1441845_at,Caps2
1441846_x_at,Tmed3
1441849_at,1700052M09Rik
1441850_x_at,Tcn2
1441851_x_at,Ly6g6c
1441852_x_at,Atg16l1
1441855_x_at,Cxcl1
1441856_x_at,Tysnd1
1441857_x_at,Seh1l
1441860_x_at,Ide
1441861_at,1700018G05Rik
1441862_at,Ppox
1441863_x_at,Krt13
1441864_x_at,Cenpa
1441866_s_at,Ptdss1
1441867_x_at,Cep128
1441868_x_at,Dcst2
1441870_s_at,Pkd2
1441871_at,1810044D09Rik
1441872_x_at,Gm31266
1441873_at,Prl7a1
1441874_x_at,Prl7a1
1441875_at,1700063J08Rik
1441876_x_at,Zfp93
1441877_x_at,Tssc1
1441878_s_at,Oxld1
1441879_x_at,Mkrn1
1441880_x_at,U2af1l4///Igflr1
1441881_x_at,Fam101a
1441883_at,Cystm1
1441884_x_at,Cx3cl1
1441885_s_at,Gm26760
1441886_at,Terb1
1441887_x_at,Gm6377
1441888_x_at,Zw10
1441889_x_at,Racgap1
1441890_x_at,Tmeff1
1441891_x_at,Elovl7
1441893_at,Tex24
1441894_s_at,Grasp
1441897_at,Zak
1441898_at,Ms4a15
1441899_x_at,Bcan
1441900_x_at,Hspbap1
1441901_x_at,Fahd2a
1441902_x_at,Slc29a4
1441903_x_at,Metrnl
1441904_x_at,Fam114a1
1441905_x_at,Snurf///Snrpn
1441906_x_at,Syap1
1441907_s_at,Cd93
1441908_x_at,Cd93
1441909_s_at,Nipal4
1441910_x_at,Ccne1
1441911_x_at,Gart
1441912_x_at,C2
1441913_at,Luzp2
1441914_x_at,Fgf3
1441915_s_at,Plin5
1441916_s_at,Odf3
1441917_s_at,Tmem40
1441918_x_at,Serpinb6e
1441919_x_at,Crat
1441920_x_at,Trmt2a
1441921_x_at,Esrrb
1441922_x_at,Vps11
1441923_s_at,Edn3
1441924_x_at,Edn3
1441925_at,Slc15a4
1441926_x_at,Tmie
1441927_at,Syt7
1441928_x_at,Ell
1441929_at,B4galnt2
1441930_x_at,Vat1
1441931_x_at,Gss
1441933_x_at,Pigz
1441935_at,Ankra2
1441936_x_at,4930447M23Rik
1441937_s_at,Pink1
1441938_x_at,Cables1
1441939_x_at,2410003I16Rik
1441940_x_at,Klhdc8a
1441941_x_at,Serpinb5
1441942_x_at,Snupn
1441943_x_at,Ciapin1
1441944_s_at,Gpr135
1441945_s_at,Abhd14a
1441946_at,Itih5
1441947_x_at,Sik3
1441948_x_at,Zfand3
1441949_x_at,Slc39a6
1441950_s_at,2010109A12Rik
1441951_x_at,2010109A12Rik
1441952_x_at,Lynx1
1441953_at,Stox2
1441954_s_at,H1fnt
1441955_s_at,Paip1
1441956_s_at,Cux1
1441957_x_at,Rec114
1441958_s_at,Ager
1441959_s_at,Jkamp
1441960_x_at,Tpgs2
1441961_at,Map9
1441962_at,Alox5
1441963_at,Lzts3
1441964_at,Qk
1441965_at,Ccdc38
1441966_at,Trpm3
1441967_at,Pddc1
1441968_at,Tspan9
1441969_at,Trim36
1441970_at,E430010N07Rik
1441972_at,6230424C14Rik
1441973_at,Zbtb21
1441974_at,Camk4
1441975_at,Acpp
1441976_at,5430434G16Rik
1441977_at,9630023C09Rik
1441978_at,Aqp6
1441979_at,Efcab12
1441980_at,Tbck
1441981_at,Tmprss11f
1441982_at,Taf7
1441984_at,Clspn
1441985_at,4933416C03Rik
1441986_at,Zcchc6
1441987_at,Mbd5
1441988_at,Ppm1k
1441989_at,Bnip2
1441990_at,Mre11a
1441991_at,Prss53
1441992_at,Rab14
1441993_at,Ap3s2
1441994_at,Pcdhb16
1441996_at,9530082P21Rik
1441997_at,Zfp184
1442000_at,Mfsd2b
1442001_at,Prkab2
1442002_at,Tmf1
1442003_at,Diaph2
1442004_at,Trim65
1442005_at,AW987390
1442007_at,Zmym5
1442008_at,Gm17399
1442009_at,Ago3
1442010_at,Casz1
1442011_at,A230065H16Rik
1442012_at,AU015791
1442013_at,Terb1
1442015_at,2500002B13Rik
1442016_at,D630004N19Rik///Mrpl48
1442017_at,Nfs1
1442018_at,Btg1
1442019_at,Gas7
1442020_at,Gm12863
1442021_at,Gnal
1442022_at,Themis
1442023_at,A530030E21Rik
1442024_at,Ppp1r3e
1442027_at,Nbeal1
1442028_at,B4galnt2
1442029_at,Kcnq1ot1
1442031_at,Mcu
1442032_at,BC030500
1442033_at,C1qtnf9
1442034_at,Fastkd1
1442035_at,Chrna5
1442036_a_at,LOC101056011
1442037_at,LOC101056011
1442038_at,Rbm26
1442039_at,Tox
1442040_at,Tmem125
1442041_at,LOC552876
1442042_at,Gm20324
1442043_at,Lhfpl4
1442046_at,Shroom2
1442047_at,Rreb1
1442048_at,Rnf11
1442050_at,Zfp608
1442051_at,Hist2h3b///Hist1h3e///Hist1h3b///Hist1h3d///Hist1h3c///Hist1h3f///Hist2h3c2///Hist2h3c1
1442057_at,AA986695
1442058_s_at,Psmc3ip
1442059_at,Fxr1
1442060_at,Prepl
1442061_at,Btbd7
1442062_at,Smad2
1442063_at,Adamtsl1
1442064_at,AW556556
1442065_at,Arhgap17
1442066_at,Pianp
1442068_at,Gm20081
1442069_at,Ept1
1442070_at,Mllt10
1442071_at,Abce1
1442072_at,Peak1
1442073_at,Inpp1
1442075_at,AI314604
1442076_at,Cobl
1442077_at,2310076G05Rik///Htr1b
1442079_at,Sgms1
1442081_at,Zfp957
1442082_at,C3ar1
1442083_at,Rsrc2
1442084_at,Prkrip1
1442085_at,Whsc1l1
1442087_at,H3f3a
1442088_at,Gm14321
1442089_at,Gm11563
1442090_at,8030451A03Rik
1442092_at,Fancd2
1442093_at,Azin2
1442094_at,Ing5
1442095_at,Asxl3
1442096_at,Lrrc66
1442097_at,Gm32461
1442098_at,AU022434
1442099_at,Usp31
1442100_at,Inpp5f
1442101_at,Elfn1
1442103_at,Nipbl
1442105_at,Sh3rf3
1442106_at,Fancm
1442107_at,Flnb
1442108_at,Rnf25
1442110_at,Smyd3
1442111_at,D430033H22Rik
1442112_at,Vps18
1442113_at,5330417C22Rik
1442114_at,Gpn1
1442115_at,Piezo2
1442116_at,Gpr176
1442117_at,Gm35878
1442119_at,AI449212
1442120_at,G730007D18Rik
1442121_at,Arpp21
1442122_at,AI451458
1442123_at,Tnfsf13os
1442124_at,AU022252
1442125_at,Krit1
1442129_at,1810058I24Rik
1442130_at,Hsh2d
1442131_at,1700048M11Rik
1442133_at,Ado
1442134_at,Prr11
1442135_at,Ado
1442136_at,Ankib1
1442137_at,Jpx
1442138_at,Gpr62
1442140_at,Tnn
1442141_at,BC028454///Xrn1
1442142_at,Edrf1
1442143_at,Ano4
1442145_at,Atp13a3
1442148_at,Psip1
1442149_at,Tbc1d16
1442151_at,D230040A04Rik
1442152_at,4930513N10Rik
1442154_at,Zrsr2
1442155_at,4632427E13Rik
1442156_at,E030030I06Rik
1442157_at,A930041H05Rik
1442158_at,Mast4
1442159_at,D2Ertd48e
1442160_at,Fam19a3
1442161_at,Igbp1
1442162_at,Wwp2
1442164_at,Blzf1
1442165_at,Armc9
1442166_at,Cpne5
1442167_at,Cyfip2
1442168_at,A230071A22Rik
1442169_at,Vldlr
1442171_at,Prpf40a
1442172_at,Prickle1
1442173_at,Phf3
1442174_at,Tspan18
1442175_at,Srgap1
1442176_at,Arid5b
1442177_at,Slc6a5
1442179_at,9430053O09Rik
1442180_at,Dleu7
1442182_at,Dnajc19-ps///Dnajc19
1442183_at,Gm13238
1442186_at,Atxn7
1442187_at,Bdkrb2
1442190_at,Gm11342
1442191_at,Sugct
1442192_at,Tyms
1442193_at,A430028G04Rik
1442194_at,AU018552
1442195_at,BB283564
1442196_at,A930006K02Rik
1442197_at,AI480624
1442199_at,Btnl2
1442202_at,Hjurp///A730008H23Rik
1442203_at,Gm2a
1442206_at,Mdga2
1442207_at,Atg16l2
1442208_at,Scn8a
1442209_at,Gm39121
1442210_at,Prox2
1442211_at,C78893
1442212_at,Cpd
1442213_at,LOC552908
1442215_at,Smo
1442218_at,Map3k9
1442219_at,Gm8369
1442220_at,Gm36343
1442222_at,Ifnar1
1442223_at,Enah
1442226_at,Sema3e
1442229_at,Pax9
1442231_at,AI616248
1442232_at,C530025M09Rik
1442234_at,Gm35915
1442235_at,Plagl2
1442236_at,Zfand6
1442238_a_at,Kif6
1442240_at,Ctr9
1442242_at,Ppm1n
1442243_at,Per3
1442244_at,Inadl
1442246_at,Gm9054
1442247_at,Zfp286
1442251_at,Vcpip1
1442252_at,Kif13a
1442253_at,Ercc2
1442256_at,Prkcd
1442257_at,Cdh6
1442258_at,Lonp2
1442259_at,Rnf38
1442260_at,Cdc42bpa
1442261_at,Gpr150
1442262_at,Gm35792
1442263_at,Rgs13
1442264_at,Rasgrp2
1442265_at,Fancc
1442266_at,AI662175
1442267_at,Stxbp4
1442268_a_at,Gm26910
1442269_at,Gm26910
1442271_at,Ckap5
1442272_at,Galntl6
1442273_at,Ccdc158
1442274_at,Zdhhc15
1442275_at,4933402J07Rik
1442277_at,Chka
1442278_at,Kdm5b
1442280_at,Knstrn
1442282_at,Vmn2r84
1442284_at,Sart1
1442285_at,Syne2
1442288_at,Anxa6
1442289_at,Taf1d
1442290_at,Defb45
1442291_at,Lpar2
1442292_at,Arhgef6
1442293_at,Helz
1442294_at,A530053G22Rik
1442295_at,Arpc2
1442296_at,Wdr75
1442297_at,BB212172
1442299_at,Mrpl27
1442300_at,Tshr
1442301_at,AW060742
1442302_at,Mpg
1442303_at,LOC102638888
1442304_at,Gm3916
1442305_at,Gtpbp2
1442307_at,Usp15
1442308_at,Smyd4
1442310_at,Pip4k2a
1442312_at,Tbl1xr1
1442314_at,Nup188
1442315_at,Foxd2
1442316_x_at,Trp53bp1
1442319_at,Usp4
1442320_at,LOC553096
1442321_at,Commd2
1442325_at,Tbc1d24
1442326_at,Pcdh15
1442327_at,Zfp640///2410141K09Rik
1442328_at,Grin2d
1442329_at,Dclre1a
1442330_at,Srrm1
1442333_a_at,Scn9a
1442334_at,Gm13057///Gm13040///Gm13043
1442339_at,Stfa2l1
1442340_x_at,Cyr61
1442341_at,Kalrn
1442342_at,Sp6
1442345_at,1700031L13Rik
1442347_at,Lrp8
1442348_at,Katnal1
1442349_at,Hykk
1442351_a_at,BC029214
1442352_at,9430091N11Rik
1442353_at,Itpa
1442354_at,B230325K18Rik
1442355_at,LOC102636686
1442356_at,Mga
1442357_at,Arhgef17
1442358_at,AA409587
1442359_at,Steap2
1442362_at,Becn2
1442363_at,Mtcl1
1442364_at,Mapk14
1442367_at,Atp11c
1442368_at,Kctd12b
1442369_at,4832406H04Rik
1442370_at,Grin2b
1442371_at,Lmbr1
1442374_at,D2Ertd127e
1442376_at,Ablim1
1442377_at,Gm20083
1442378_x_at,Gm20362
1442379_at,Fam196b
1442380_at,Lcn4
1442382_at,Mast4
1442386_at,Ppp4r1l-ps
1442388_at,Srrm4os
1442389_at,Oas1f
1442391_at,4930519H02Rik
1442392_at,Gm15866
1442396_at,A730020M07Rik
1442397_at,Nfx1
1442398_at,Ube2t
1442402_at,Sh3rf1
1442403_at,B130034C11Rik
1442404_at,Ncl
1442406_at,9230104K21Rik
1442407_at,Zkscan7
1442408_at,Sulf2
1442409_at,D9Wsu90e
1442410_at,Depdc5
1442412_at,Dnah9
1442413_at,Kcna1
1442415_at,5830454E08Rik
1442416_at,D930001B02
1442417_at,Med8
1442421_at,Srrm3
1442425_at,A030014E15Rik
1442426_at,Wapl
1442430_at,BC048562
1442432_x_at,Atxn7l1
1442434_at,D8Ertd82e
1442436_at,Fn3k
1442439_at,W91776
1442441_at,Rnasek
1442445_at,2610027H17Rik
1442446_at,Zfp523
1442448_at,1810064F22Rik
1442449_at,Slc6a2
1442450_at,D2Ertd501e
1442452_at,Stradb
1442453_at,Fcho2
1442454_at,Top2a
1442455_at,C79845
1442456_at,Spata5
1442459_at,Adamts19
1442461_at,Gfod1
1442464_at,Fbxl20
1442465_s_at,Strbp
1442466_a_at,Ppip5k1
1442467_at,Nav2
1442468_at,Gm27230
1442475_at,D14Ertd574e
1442476_at,Ift81
1442477_at,Ambra1
1442479_at,Mkln1os
1442481_at,Gm9648
1442484_at,D9Ertd306e
1442487_at,D14Ertd24e
1442490_at,C130090I23Rik
1442492_at,DXErtd11e
1442494_at,C79242
1442495_at,Birc6
1442497_at,Smchd1
1442498_at,C78662
1442499_at,Cdv3
1442500_at,C77406
1442501_at,Nrxn1
1442502_at,Lrch1
1442507_at,Whrn
1442508_at,Proca1
1442510_at,5830473C10Rik
1442511_at,Ipo7
1442512_at,Cdc42ep1
1442513_at,Fam208b
1442514_a_at,Serinc4///Ell3
1442516_at,D2Ertd623e
1442517_a_at,9630013A20Rik
1442518_at,C030044O21Rik
1442521_at,Gm30853
1442523_at,Gm5124
1442525_at,Ccdc47
1442526_at,C77681
1442528_at,Xpo4
1442531_at,D12Ertd123e
1442536_at,6430590A07Rik
1442540_at,C77609
1442541_at,Oaz2
1442542_at,Eya4
1442546_at,C730027H18Rik
1442549_at,Mbnl3
1442552_at,Thsd4
1442553_at,Mapre2
1442554_s_at,Kalrn
1442555_at,Kcnd3
1442558_at,Gm10421
1442560_at,Gm26588
1442562_at,Zfp827
1442563_at,Tmem8
1442565_at,Pcdh10
1442566_at,C78878
1442567_at,Zbtb24
1442571_at,Apela
1442573_at,Trmt13
1442574_at,Gm10785
1442576_at,Creb5
1442577_at,Ap5z1
1442578_at,Rfx2
1442579_at,9330111N05Rik
1442580_at,A530020G20Rik
1442581_at,Ksr1
1442582_at,Gcsam
1442583_a_at,AI854703
1442584_at,9330121J05Rik
1442585_at,B230220N19Rik
1442586_at,Socs2
1442588_at,Panct2
1442590_at,Tnfrsf22///Tnfrsf23
1442593_at,Gm4274
1442594_at,Ttk
1442595_at,Gm2115
1442596_at,Klhdc2
1442597_at,C79122
1442598_at,Prkrip1
1442599_at,Slc12a9
1442600_at,A830082K12Rik
1442601_at,Gmeb1
1442604_at,Ercc6
1442608_at,Layn
1442610_at,Plxdc1
1442611_at,4930592C13Rik
1442612_at,C730036E19Rik
1442613_at,Spon1
1442614_at,Il1rap
1442616_at,Grasp
1442621_at,C77798
1442623_at,Mef2a
1442624_at,C920008N22Rik
1442628_at,Zfp800
1442631_at,Defb42///2700070H01Rik
1442635_at,Gm13483
1442637_at,Itsn1
1442640_at,Slfn5
1442643_at,Kdm6b
1442644_at,Gm10523
1442645_at,Atp2b3
1442647_at,Yipf1
1442648_at,Zfp563
1442649_at,1500009L16Rik
1442652_at,Ankub1
1442654_at,Zfp729a
1442656_at,Elovl6
1442657_at,D1Ertd273e
1442658_at,Ndufb2
1442659_at,Pcdh9
1442660_at,Ppil2
1442661_at,Dhrs7b
1442662_at,Tmem167
1442663_at,Rbm12b2
1442665_at,C77874
1442666_at,D9Ertd12e
1442667_at,Cdc40
1442672_at,0610040F04Rik
1442675_at,LOC102643251
1442676_at,Maoa
1442678_at,Ccdc28b
1442683_at,Hmg20a
1442684_x_at,Hmg20a
1442687_at,1700064N11Rik
1442689_at,1700017B05Rik
1442690_at,Tmem143
1442693_at,Trim5
1442695_at,Caln1
1442698_at,Gm32688
1442699_at,Vps54
1442700_at,Pde4b
1442703_at,Greb1l
1442705_at,C76938
1442706_at,Nsmf
1442707_at,Camk2a
1442708_at,Gm32960
1442712_at,Gm2099///Gm2090
1442713_at,Gm4665
1442714_at,D130037M23Rik
1442716_at,Trmt10c
1442719_at,Prmt3
1442720_at,Gm38434
1442724_at,Dlk1
1442726_s_at,AI845619
1442731_at,Pds5a
1442732_at,Hadhb
1442733_at,Cep162
1442734_at,Phactr2
1442736_at,Klhl11
1442737_at,Gm32926
1442738_at,Crebl2
1442739_at,Zfp119b
1442740_at,Prdm5
1442741_at,Mcc
1442742_at,Atp2c1
1442743_at,Trip4
1442744_at,Rbm39
1442745_x_at,Rbm39
1442748_at,Btbd3
1442749_at,Braf
1442750_at,B3galnt2
1442751_at,Trio
1442753_at,Tnfaip8
1442754_at,C030013G03Rik
1442757_at,Lrch1
1442758_at,Ccr9
1442759_at,Akt1
1442762_at,Ttll10
1442763_s_at,Ttll10
1442764_at,Suv420h1
1442767_s_at,Uba1
1442768_at,Arhgef40
1442769_at,Mybpc1
1442770_at,Zfp652
1442778_at,AA511254
1442779_at,1700071K01Rik
1442783_x_at,Rpusd2
1442786_s_at,Rufy3
1442788_at,Afap1
1442790_at,LOC108168049
1442792_x_at,Slc35f6
1442793_s_at,Tbrg4
1442795_x_at,Prss37
1442796_at,Atf7ip2
1442797_x_at,Cmtm2a
1442798_x_at,Hk3
1442799_x_at,Nudcd3
1442800_x_at,Fam181b
1442801_x_at,Tm7sf3
1442802_x_at,Prrc2a
1442803_at,Rad51d
1442804_at,Fgr
1442805_at,A130086G11Rik
1442806_at,9430030N17Rik
1442808_at,Txnl4a
1442809_at,Scn9a
1442810_x_at,Scn9a
1442811_at,Rgmb
1442812_at,Gm10482
1442814_at,Gm16055
1442816_at,Hs3st3b1
1442817_at,A730091E23Rik
1442818_at,Gm17494///LOC100047044
1442819_at,Rhbdl2
1442824_at,8030497I03Rik
1442827_at,Tlr4
1442828_at,Ifi203
1442829_at,Gm39954
1442832_at,Ankrd52
1442833_at,D15Ertd30e
1442835_at,Gm19990
1442836_at,Xpo7
1442838_at,Gm11691
1442840_at,D4Ertd669e
1442842_at,Hspbap1
1442843_at,4933411D12Rik
1442844_at,A830052D11Rik
1442845_at,C130075A20Rik
1442849_at,Lrp1
1442850_at,AU045717
1442851_at,C79818
1442853_at,Eme2
1442855_at,Dopey1
1442856_at,Adm2
1442858_at,Mycbp2
1442860_at,Dgkb
1442862_at,Ccdc88c
1442863_at,Cacna2d4
1442864_at,Esrra
1442865_at,Dgkk
1442866_at,Rcsd1
1442867_at,Megf11
1442868_at,C130026L21Rik
1442869_at,Dok7
1442870_at,Bace2
1442871_at,Gm26806
1442872_at,Kri1
1442873_at,Fign
1442875_at,Gm31875
1442878_at,Prdx6
1442881_at,Neat1
1442883_s_at,Abhd17a
1442884_at,Hgf
1442885_at,Scap
1442886_at,Tra2a
1442887_at,Lypd1
1442891_at,AU023386
1442894_at,Dnah6
1442897_at,Fam13b
1442901_at,Tax1bp1
1442902_at,Qrich2
1442903_at,4732423E21Rik
1442904_at,Chst2
1442912_at,9430064I24Rik
1442913_at,Gm32444
1442914_at,Tmf1
1442915_at,Slc9a4
1442917_at,Gm11627
1442918_at,Nav3
1442919_at,Sh3pxd2b
1442920_at,Klf3
1442922_at,Chfr
1442923_at,Ptk6
1442925_at,Smg1
1442926_at,1700011B04Rik
1442927_at,Ptk2b
1442930_at,AW061147
1442932_at,C79709
1442933_at,Foxk2
1442934_at,C81608
1442937_at,C77190
1442938_at,D12Ertd247e
1442939_at,Rif1
1442940_at,BC002059
1442941_at,C77027
1442942_at,Eif4h
1442943_at,Usp20
1442944_at,C76555
1442945_at,2010109K09Rik
1442948_at,C79452
1442954_at,Zfp825
1442957_at,G730013B05Rik
1442958_at,Gm19818
1442959_at,Birc6
1442960_at,Muc20
1442962_at,AU022052
1442963_at,Plcg1
1442967_at,AU020147
1442968_at,D9Ertd241e
1442970_at,Fchsd2
1442971_at,Baz2b
1442973_at,C80865
1442974_at,D6Ertd160e
1442978_at,Mpdz
1442982_at,Ccdc66
1442984_at,C80060
1442988_at,Gm31718
1442991_at,B3gat2
1442992_at,130004C03
1442993_at,Itgb3bp
1442999_at,B930036G03Rik
1443000_at,Supt20
1443001_at,C78344
1443002_at,Zfr
1443005_at,Zeb1
1443008_at,Msi2
1443011_at,Prmt7
1443014_at,Lvrn
1443015_at,Rhoh
1443017_at,Cpeb2
1443019_at,Gm31674
1443020_at,Hmbox1
1443021_at,Mthfs
1443022_at,Tctn3
1443023_at,Ears2
1443028_at,Larp6
1443029_at,Ppfibp1
1443030_at,L3mbtl3
1443033_at,Gm21992///Rbm4
1443034_at,Hps1
1443036_at,Zfp804a
1443039_at,Lat2
1443040_x_at,Lat2
1443041_at,Zbtb17
1443043_at,Otop2
1443044_at,A830091E24
1443046_at,Abcd3
1443047_at,Gm26911
1443048_at,Gm19648
1443049_at,Tmem19
1443050_at,Fn3krp
1443052_at,Gm2381
1443054_at,Kcnj15
1443055_at,B230369F24Rik
1443057_at,Gm31679
1443058_at,Macrod2
1443059_at,Hsd17b11
1443060_at,Gm11738
1443062_at,Auts2
1443063_at,Clvs2
1443064_at,9130004C02Rik
1443068_at,D130084N16Rik
1443071_at,AI839979
1443073_at,Gm12992
1443076_at,Letm2
1443077_at,Kansl1
1443078_at,6030439D06Rik
1443080_at,Adcy5
1443081_at,Gata6
1443084_at,Ctso
1443086_at,Alcam
1443087_at,Cdc23
1443088_at,9930031P18Rik
1443089_at,Xpo7
1443092_at,Mtmr3
1443094_at,BB031773
1443096_at,Lca5l
1443097_at,D130012P04Rik
1443102_at,Zfp597
1443103_at,D830046C22Rik///Gpr146
1443105_at,Zfp398
1443106_at,4930562C15Rik
1443108_at,Zfp800
1443110_at,Gtf2e1
1443111_at,Plekha1
1443112_at,Api5
1443114_at,A730059M13Rik
1443116_at,Psme4
1443117_at,Eya1
1443119_at,Grm7
1443120_at,Pdzd4
1443121_at,Calcoco1
1443122_at,LOC105247423
1443123_at,Tanc2
1443124_at,Hpse2
1443125_at,Trip12
1443127_at,9630021D06Rik
1443128_at,Ints6
1443130_at,Gm6936
1443131_at,Lrp1b
1443132_at,Gm9796
1443133_at,A230070E04Rik
1443134_at,LOC102639568///A930005G22Rik
1443135_at,Cog4
1443136_at,LOC432459
1443140_at,Tcra
1443142_at,Btrc
1443143_at,Flrt1
1443144_at,Prkcb
1443145_at,Apbb1ip
1443146_at,Atad2
1443148_at,Ube2k
1443152_at,Ptcd3
1443154_at,6030438J01
1443159_at,9130221J17Rik
1443160_at,Sbf2
1443163_at,Slc39a2
1443165_at,Mrps31
1443170_at,Cnnm1
1443172_at,Orc1
1443173_at,Ptn
1443175_at,A830010M09Rik
1443176_at,Sfmbt2
1443177_at,Gm4132
1443178_at,Rnf13
1443183_at,Huwe1
1443184_at,Cdc14a
1443185_at,Lhfpl2
1443186_at,Tmem202
1443187_at,Rspo3
1443188_at,Ube2w
1443190_at,Gm14133
1443192_at,Themis
1443193_at,Ttll1
1443194_at,5930430O07Rik
1443196_at,Rnf217
1443197_at,Wnt9b
1443198_at,Gm19461
1443199_at,Lrch3
1443200_at,Fgf2os
1443205_at,Gabrb1
1443211_at,Fgfr2
1443213_at,Gtdc1
1443215_at,Rims2
1443217_at,Gm13398
1443224_at,Enpp2
1443225_at,Acvr1c
1443226_at,Sike1
1443227_at,Bzw2
1443229_at,Atad2
1443232_at,Vax2os
1443234_at,Cep44
1443235_at,Eif2ak4
1443236_at,B230118H07Rik
1443242_at,D5Ertd121e
1443244_at,Ptgr2
1443245_at,Gm4349
1443246_at,Fastkd2
1443248_at,Tmco3
1443250_at,Rgs2
1443252_at,Rnf144b
1443255_s_at,Arhgap31
1443256_at,Gm16233
1443257_at,9630050E16Rik
1443258_at,Foxp1
1443260_at,Meis1
1443261_at,E130307A14Rik
1443262_at,Mrps14
1443264_at,Ms4a2
1443265_at,Cd44
1443266_at,Npc2
1443269_at,D130009B15Rik
1443272_at,Igdcc4
1443274_at,4932435O22Rik
1443276_at,Htr5a
1443277_at,Ndst3
1443280_at,2610301B20Rik
1443281_at,Nrcam
1443282_at,Prpf38a
1443286_at,AU019754
1443287_at,Ankrd63
1443288_at,Traf6
1443291_at,Ank1
1443294_at,Cdk12
1443296_at,Cdk16
1443298_at,Fbxw13
1443302_at,LOC102641080
1443304_at,Mtl5
1443305_at,Gm3134
1443307_at,Psmc2
1443308_at,Unc13b
1443309_at,Pdzrn3
1443310_at,Nup210
1443311_at,Thap4
1443313_at,A530058N18Rik
1443314_at,Katnbl1
1443315_at,Dmd
1443317_at,D6Ertd47e
1443318_at,Fsbp///Rad54b
1443319_at,Pag1
1443321_at,Gm15666
1443323_at,Trmt13
1443327_at,D130043K22Rik
1443329_at,March7
1443330_at,D1Ertd646e
1443333_at,Gm20383
1443334_at,D430042O09Rik
1443336_at,Kdm2a
1443339_at,Fam162a
1443340_at,Micu1
1443344_at,C2cd4c
1443345_at,Gm36243
1443348_at,D030028M11Rik
1443350_at,Mta3
1443352_at,C77614
1443357_at,Zfr
1443358_at,A230065C20Rik
1443360_x_at,Arhgap4
1443362_at,Zfp277
1443364_at,Dek
1443365_at,Htr4
1443366_at,Napg
1443368_at,BB557941
1443369_at,Vwa5b2
1443372_at,Gm2990
1443375_at,Gnas
1443377_at,Adam1a///Mapkapk5
1443378_s_at,Adam1a///Mapkapk5
1443379_at,A430033K04Rik
1443380_at,Adh5
1443381_at,Etv4
1443384_at,Ptk2
1443385_at,A930012N16Rik
1443387_at,BB045044
1443392_at,Trpv1
1443395_at,D6Ertd490e
1443396_at,Smndc1
1443397_at,Ncoa1
1443399_at,AU021001
1443404_s_at,D13Ertd94e
1443406_at,Plscr4
1443407_at,Rnf13
1443409_at,C76434
1443412_s_at,Mmp16
1443413_s_at,Trpm5
1443414_at,C78513
1443415_at,4931432P07Rik
1443416_at,C79741
1443417_at,C87122
1443418_at,Gm15239
1443419_at,D5Ertd525e
1443421_s_at,Pcdhb15
1443422_at,2410089E03Rik
1443423_at,Wnk2
1443424_at,Emsy
1443426_at,Sltm
1443428_at,D8Ertd67e
1443432_at,AU022680
1443433_at,Plxnc1
1443434_s_at,Plxnc1
1443437_at,Rbm46
1443441_x_at,Gm5141
1443442_at,AU022084
1443443_at,Gm15511
1443449_at,Gm30702
1443450_at,Gm16630
1443453_at,Zfp651
1443454_at,Sctr
1443457_at,A230055J12Rik
1443458_at,D630033O11Rik
1443461_at,C79130
1443462_at,D8Ertd572e
1443466_s_at,Polr3b
1443467_at,Dock11
1443470_at,C130080G10Rik
1443471_at,Zbtb20
1443472_at,C77691
1443473_at,C79562
1443474_at,D7Ertd495e
1443475_at,Hist1h3i
1443476_at,Pax1
1443477_at,Psmd2
1443478_at,Fam90a1a
1443481_at,Tube1
1443483_at,Xlr5b///Xlr5a///Xlr5c
1443484_at,Rpap1
1443485_at,Epha7
1443486_at,Cog7
1443487_at,AU022238
1443490_at,D3Ertd34e
1443493_at,Dhx37
1443494_at,Polr3b
1443495_at,Atp5j2
1443498_at,Mmab
1443499_at,Gm20556
1443501_at,Gm38462
1443502_at,Birc7
1443503_at,Ip6k3
1443504_at,E330022O07
1443506_at,Kctd2
1443508_at,Dlgap1
1443510_at,Obsl1
1443515_at,1110032F04Rik
1443516_at,Atxn2
1443518_at,Sgce
1443522_s_at,Phip
1443523_at,Fam135b
1443524_x_at,Bcl10
1443525_at,Dbx2
1443527_at,Terf1
1443528_at,Ttbk1
1443531_at,Msantd1
1443535_at,Rabgap1
1443536_at,Slc7a11
1443537_at,C130009A20Rik
1443538_at,Gm2164
1443539_at,Arhgef11
1443540_at,Map3k1
1443541_at,Gm5148
1443542_at,AU022252
1443546_at,LOC102641500
1443548_at,LOC100862268
1443549_at,Ispd
1443551_at,Atp2a2
1443552_at,Ccdc180
1443553_at,LOC102633357
1443555_at,Umad1
1443556_at,Tmem140
1443558_s_at,Nt5dc3
1443560_at,Gm10941
1443563_at,Opa3
1443564_at,Gm7969
1443565_at,AI849538
1443567_at,Gltscr1l
1443569_at,Fam161a
1443570_at,Cops3
1443573_at,Parp1
1443574_at,Gm15850
1443575_at,2310040G24Rik
1443577_at,Gm19723
1443579_s_at,Deptor
1443582_at,Gas2l2
1443583_at,Ppp4r1l-ps
1443584_at,Kansl1l
1443585_at,Zfp526
1443586_at,Fip1l1
1443587_at,Ttc37
1443589_at,DXErtd242e
1443591_at,Dlx4
1443592_at,AA617406
1443594_at,AI043046
1443597_at,Med14
1443598_at,Gm38396
1443600_at,AA414992
1443601_at,Gm12888
1443607_at,AU020745
1443609_s_at,Syvn1
1443612_at,Ano3
1443615_at,Ldah
1443618_at,LOC102642479///Pdzd2
1443619_at,Tmem30a
1443621_at,Xaf1
1443623_a_at,6430571L13Rik
1443625_at,Naa40
1443629_at,Nav1
1443632_at,Obscn
1443633_at,1700086O06Rik
1443634_at,Gm26519
1443635_at,Gm128
1443637_at,Slc25a42
1443639_at,Apcdd1
1443640_at,Zfp882
1443641_at,Fermt3
1443642_at,Taok2
1443646_at,Igsf10
1443648_at,9530003O04Rik
1443651_at,Phc3
1443652_x_at,Spred1
1443654_at,Ankfy1
1443655_s_at,Pik3c2a
1443656_at,Fut8
1443657_at,Fhdc1
1443658_at,Champ1
1443661_at,Gm35216
1443664_s_at,Cd164l2
1443665_at,Dennd5b
1443666_at,Mid1
1443667_at,Mis18bp1
1443668_x_at,Mis18bp1
1443670_at,Odf3b
1443671_x_at,Odf3b
1443672_at,Lars2
1443677_at,E030011O05Rik///Zbtb38
1443679_at,2510003B16Rik///Pomgnt1
1443680_at,Otx2os1
1443681_at,Fbll1
1443684_at,Gm10034
1443685_at,Zfp865
1443686_at,H2-DMb2
1443687_x_at,H2-DMb2
1443688_at,Zfp599
1443691_at,2410089E03Rik
1443692_at,Fam222a
1443693_at,AU022332
1443694_at,Rgs20
1443695_at,Habp2
1443696_s_at,Habp2
1443698_at,Xaf1
1443699_at,Ptprk
1443700_at,Bcl9l
1443701_at,Fam171a2
1443702_at,Map4
1443704_at,Gm30752
1443706_at,C1galt1c1
1443707_at,2900046B09Rik
1443708_at,BC068281
1443710_s_at,Spats1
1443712_x_at,Ccdc82
1443713_at,Chl1
1443714_at,Cpped1
1443715_at,Rbm24
1443716_at,Gm2102
1443717_at,Dpyd
1443720_s_at,Bmpr1b
1443721_x_at,Sbno2
1443723_at,Trpm3
1443724_at,Jph3
1443726_at,Smyd1
1443727_x_at,Smyd1
1443729_at,Mtss1
1443733_x_at,Pold3
1443734_at,D5Wsu148e
1443735_at,Gm3609
1443736_at,Gm13648
1443740_at,St3gal6
1443741_x_at,Whsc1
1443743_at,Hypm
1443745_s_at,Dmp1
1443746_x_at,Dmp1
1443747_at,Supt20
1443748_x_at,Ankrd44
1443749_x_at,Slc1a3
1443750_s_at,Rpp40
1443752_at,Ccdc180
1443753_at,Galns
1443756_at,Serpini1
1443757_x_at,Glb1l///Ankzf1
1443758_at,Wdr18
1443760_at,Fam196a
1443761_at,Nrm
1443762_s_at,Sbf2
1443764_x_at,Rab27b
1443765_at,Rap1gapos
1443766_x_at,Rab11fip4
1443767_at,Pcmtd1
1443768_at,Rhoa
1443769_at,Enam
1443771_x_at,Smad7
1443772_at,Dzip1
1443773_at,Ylpm1
1443774_at,Zfat
1443775_x_at,Zfat
1443778_at,Sox4
1443779_s_at,Lcor
1443780_at,Plk2
1443781_at,Dgkd
1443782_x_at,Cyp20a1
1443783_x_at,H2-Aa
1443784_at,A230046K03Rik
1443785_x_at,Pdlim7
1443786_at,Utf1
1443787_x_at,Casp14
1443788_at,Runx1t1
1443789_x_at,Cox8c
1443790_x_at,Particl
1443791_at,Rnf220
1443792_at,Cep41
1443793_x_at,Ints1
1443794_x_at,Noc4l
1443795_at,Tcf19
1443796_at,Il16
1443797_at,Agps
1443798_at,Pik3cd
1443803_x_at,Hoxa5
1443804_at,Ppp2r2c
1443805_at,Dact3
1443807_x_at,Ccnf
1443808_at,Gm20071///D2Bwg1423e
1443810_at,Tssk4
1443813_x_at,Bckdk
1443814_x_at,Ctsh
1443815_x_at,Slk
1443816_s_at,Pik3r6
1443817_x_at,Nkx2-6
1443819_x_at,Fis1
1443820_x_at,Elovl1
1443822_s_at,Cisd1
1443823_s_at,Atp1a2
1443824_s_at,Car7
1443825_x_at,Spaca3
1443826_x_at,Men1
1443827_x_at,Fam20c
1443829_x_at,Coasy
1443830_x_at,Rnf103
1443831_s_at,Mtl5
1443832_s_at,Sdpr
1443834_at,Gabrb1
1443835_x_at,Gm7367///Ubald2
1443836_x_at,Wdr48
1443837_x_at,Bcl2
1443838_x_at,Fads2
1443839_at,1700010H22Rik
1443840_x_at,1700010H22Rik
1443841_x_at,Uap1l1
1443842_at,Arfgef2
1443843_x_at,Gm5451///Rpl9
1443844_at,Rhox13
1443845_x_at,1700012P22Rik
1443849_x_at,Urod
1443851_at,Ppp4r4
1443853_x_at,Sfmbt1
1443854_at,Hand2
1443855_at,Kcnc1
1443856_at,Rabep1
1443857_at,Hook3
1443858_at,Trim12c
1443859_at,Rsbn1
1443860_at,Ptprd
1443861_at,Cgnl1
1443863_at,Fndc3a
1443864_at,Dtl
1443865_at,Gabra2
1443866_at,Lrtm1
1443867_at,Ankrd12
1443868_at,Atp13a3
1443869_at,Pde12
1443870_at,Abcc4
1443873_at,Fam210a
1443874_at,Zc2hc1c
1443875_at,Rimbp3
1443876_at,Camk2a
1443877_a_at,Rapgef6
1443878_at,Rapgef6
1443879_at,Mier1
1443880_at,Zbtb39
1443881_at,Pofut1
1443882_at,Slc26a2
1443883_at,Sys1
1443884_at,Thada
1443885_at,Pou2f2
1443887_at,Ankrd13c
1443888_at,AU023762
1443889_at,9030619P08Rik
1443891_at,Rad51d
1443892_at,Zfp936
1443894_at,Evi2a
1443895_at,Gm6225
1443896_at,Tbc1d5
1443897_at,Ddit3
1443898_at,Bcl7c
1443899_at,Cep162
1443900_at,Chd8
1443901_at,C2cd2
1443902_at,6430573F11Rik
1443903_at,Ppm1a
1443904_at,Fads6
1443906_at,Cd55
1443907_at,Lnpep
1443908_at,Gm19696
1443909_at,Cstf3
1443910_at,6330408A02Rik
1443914_at,Lipk
1443915_at,Mrpl47
1443916_at,2900026A02Rik
1443917_at,Tmbim4
1443918_at,Edrf1
1443919_at,Prrt3
1443921_at,Ranbp3l
1443922_at,Rcor3
1443923_at,Akap13
1443924_at,Wnk3
1443925_at,Gatsl2
1443927_at,Uba6
1443928_at,Cytip
1443929_at,9830004L10Rik
1443930_at,Zfp811
1443931_at,Zfp882
1443932_at,Klhdc1
1443933_at,Tc2n
1443934_at,9230110C19Rik
1443935_at,Gltscr1l
1443936_at,Olfr976
1443937_at,AI790276
1443939_at,Trabd2b
1443940_at,Lrit2
1443941_at,Ccdc149
1443942_at,Gabpb2
1443943_at,Plag1
1443944_at,C530005A16Rik
1443945_at,C130073F10Rik
1443946_s_at,AU040972
1443947_at,Lims1
1443948_at,Ttc9c
1443950_at,Hmgxb3
1443951_at,C230076A16Rik
1443952_at,Thra
1443953_at,Tex2
1443954_at,Rad18
1443955_at,1700094D03Rik
1443956_at,Zfp397
1443957_at,Dixdc1
1443958_at,9030203C11Rik
1443959_at,Tmem72
1443960_at,Asrgl1
1443961_at,Gm21312///Gm21304///Gm21293///Gm4340///Gm8764///Gm20765///Gm6763
1443962_at,Tfdp2
1443964_at,Tmie
1443965_at,Gm36307
1443966_at,Ric1
1443967_at,Banf2
1443968_at,Adarb1
1443969_at,Irs2
1443970_at,Ntrk3
1443971_x_at,Mpp7
1443972_at,AI465300
1443973_at,Dact2
1443974_at,Plcl1
1443975_at,Trip11
1443976_at,Cdk5rap2
1443977_at,E130014H10Rik
1443978_at,Ankle1
1443979_at,A830021K08Rik
1443980_at,Agrn
1443981_at,LOC102638940
1443982_at,Arhgef28
1443984_at,Lin9
1443985_at,Zfp719
1443986_at,Cdc73
1443987_at,Klhl18
1443988_at,Rbm39
1443989_at,Trim9
1443990_at,Ntrk1
1443991_at,Dock1
1443992_at,Nipbl
1443993_at,Zc3h12a
1443994_at,6030407O03Rik
1443995_at,Gm9
1443997_at,Gprin2
1443998_at,Rassf2
1443999_at,Nek2
1444000_at,B930059L03Rik
1444001_at,Strbp
1444002_at,Foxl2
1444003_at,Neurl3
1444004_at,Thoc2
1444005_at,Mvb12b
1444007_at,A830082K12Rik
1444008_at,Gm2137
1444009_at,Rassf4
1444010_at,Eif4e
1444011_at,Arpc5l
1444012_at,Yipf3
1444013_at,5930412G12Rik
1444014_at,D830025C05Rik
1444015_at,Papola
1444016_at,Anxa1
1444018_at,B930098A02Rik///Chic2
1444019_at,Lrrc19
1444020_at,Ncan
1444021_at,Sqstm1
1444023_at,Ank2
1444024_at,Ercc6l
1444025_at,Kcnj3
1444026_at,AI593442
1444027_at,Slc30a8
1444028_s_at,Dock9
1444029_at,Parp11
1444030_at,Dcp1b
1444031_at,Camk2d
1444034_at,Rapgef4
1444035_at,Mesdc2
1444037_at,Lman1
1444038_at,AU015836
1444039_at,Disp2
1444040_at,Lair1
1444041_at,AU041133
1444042_at,Trip11
1444046_at,Shisa7
1444049_at,Adat1
1444050_at,Wisp3
1444051_at,1700019D03Rik
1444052_at,Flt4
1444053_at,Ssbp1
1444058_at,Dzip3
1444059_at,6330415G19Rik
1444060_at,2610027K06Rik
1444061_at,Prr9
1444062_at,2900056L01Rik
1444063_at,Rab7b
1444064_at,Samhd1
1444065_at,Cyb5d2
1444066_at,Gapvd1
1444067_at,Pde1c
1444068_at,Med13
1444070_at,AA914427
1444071_at,9630013A20Rik
1444073_at,Maf
1444074_at,Syne2
1444075_at,Filip1
1444076_at,Zfp81
1444077_at,Stxbp5l
1444078_at,Cd8a
1444080_at,Nav2
1444082_at,A730017C20Rik
1444083_at,Ttn
1444084_at,Prrg4
1444085_at,Pdss2
1444086_at,Nckap5
1444087_at,Prpf38a
1444089_at,Sptbn1
1444090_at,Pram1
1444091_a_at,6430571L13Rik
1444092_at,Zfp939
1444093_at,1700034H15Rik
1444095_a_at,AI847159
1444096_at,Zfr
1444097_at,Metrnl
1444098_at,Dnal1
1444101_at,Odf2
1444102_at,LOC102634683
1444103_at,Epsti1
1444104_at,G630016G05Rik
1444105_at,Acta2
1444106_at,Gdpgp1
1444107_at,Elmsan1
1444108_at,Dnajc25
1444109_at,C130009A20Rik
1444112_at,Gm15417
1444115_at,Platr22
1444116_at,Naa35
1444117_at,Amigo1
1444118_at,Gm10523
1444120_at,Bin1
1444121_at,Ntrk2
1444122_at,Sycp2
1444123_at,Prdm2
1444124_a_at,E330017L17Rik
1444127_at,Asb1
1444128_at,Arhgap26
1444129_at,AW742635
1444132_at,Faap100
1444134_at,Abl1
1444135_at,Tmem229a
1444137_at,A430108G06Rik
1444138_at,Cyp2r1
1444139_at,Ddit4l
1444141_at,Snx13
1444142_at,Gm11544
1444146_at,Rnf20
1444147_at,Pcsk2
1444149_at,Zscan12
1444150_at,Epb41
1444152_at,Celf2
1444154_at,Gm4943///Ndufa11
1444155_at,Nin
1444156_at,9230112E08Rik
1444157_a_at,Kdm5c
1444158_at,Kdm5c
1444161_at,A530020G20Rik
1444162_at,Frs2
1444163_at,Nek5
1444165_at,Layn
1444166_at,Thrsp
1444168_at,Xpr1
1444169_at,Zfp983
1444170_at,Tmem241
1444173_at,Gm17508
1444174_at,Gm10700
1444176_at,Atp6v0d2
1444177_at,E330020D12Rik
1444178_at,Gm9895
1444179_at,Gm38525///Trim30b
1444181_at,Gimap5
1444182_at,Igsf23
1444183_at,C030013C21Rik
1444184_at,Alkbh3
1444186_at,Phykpl
1444187_at,Gm8579
1444193_at,Adhfe1
1444196_at,AI662501
1444197_at,Rinl
1444200_at,R3hcc1l
1444201_at,Cep135
1444202_at,Zfp703
1444206_at,Zfp595
1444209_at,Fam204a
1444210_at,Mb21d2
1444212_at,Ube2k
1444213_at,1700012D14Rik
1444214_at,Tubb1
1444215_at,Gm33298
1444216_at,Emx1
1444217_at,Mrpl38
1444218_at,Fam204a
1444219_at,AY702103
1444220_at,2410089E03Rik
1444221_at,Tbc1d12
1444223_at,Hcrtr2
1444225_at,Sgip1
1444226_at,Gm38485///Foxo3
1444228_s_at,Herc2
1444229_at,Nr2f2
1444230_at,2900046D03Rik
1444231_at,Zdhhc6
1444232_at,Prkg1
1444233_at,Gpr132
1444234_at,Napb
1444235_at,1700025G04Rik
1444236_at,AW552393
1444238_at,Gm38910
1444239_at,Gemin8
1444240_at,Shank1
1444241_at,Wac
1444242_at,Slco2a1
1444243_at,Wasf3
1444245_at,B230118H07Rik
1444248_at,Rcn2
1444249_at,Fam81b
1444253_at,Adamts18
1444254_at,Tns4
1444255_at,D630045J12Rik
1444256_at,Rae1
1444257_at,Prr11
1444259_at,AW495222
1444262_at,Smim6
1444264_at,Psmg2
1444268_at,Gm38522///BC004004
1444270_at,Rsph4a
1444271_at,Anapc1
1444272_at,Intu
1444273_at,AW555355
1444276_at,Ict1
1444277_at,Gm40438
1444278_at,C130012C08Rik
1444279_at,Huwe1
1444280_at,Tmem215
1444283_at,Gimap7
1444284_at,Gm41959
1444286_at,Otp
1444287_at,AI853106
1444288_at,Pnpt1
1444289_at,Yipf5
1444290_at,Steap2
1444291_at,Lysmd4
1444292_at,D7Ertd143e///Mir295
1444293_at,BC028471
1444294_at,4930551A22Rik
1444295_at,Neo1
1444296_a_at,Serpina4-ps1
1444297_at,Serpina4-ps1
1444298_at,Ipcef1
1444299_at,A430093F15Rik
1444300_at,Adgra3
1444301_at,Pcdh10
1444302_at,Gxylt2
1444303_at,LOC102639888
1444305_at,Myh7b
1444306_at,Msi1
1444308_at,Gm35403
1444310_at,Polr3a
1444311_at,Arhgap25
1444312_at,Slc22a15
1444315_at,D630024D03Rik
1444317_at,Pcdh15
1444318_at,Chchd7
1444319_at,E2f8
1444320_at,Ddhd2
1444322_at,Lcn11
1444323_at,Ccnd3
1444324_at,Mir670hg
1444327_at,Ubr5
1444328_at,Clta
1444329_at,Gfpt1
1444330_at,D2Ertd173e
1444332_at,Gm34125
1444334_at,Gm31690
1444335_at,Edem2
1444336_at,Kcnj3
1444340_at,C230066G23Rik
1444341_at,Mybpc1
1444346_at,Sh3bp5
1444347_at,Mgat4a
1444348_at,Apobec2
1444350_at,Slfn10-ps
1444352_at,Zfp287
1444353_at,C030040A22Rik
1444355_at,Atp8a1
1444357_at,Akap6
1444358_at,Kdm2a
1444361_at,Ap1s2
1444362_at,Neurod2
1444363_at,Mkln1os
1444364_at,Rcor3
1444365_at,Tsc22d3
1444367_at,Fndc7
1444368_at,Chrna3
1444370_at,C77058
1444371_at,Ccdc186
1444373_at,Tiam1
1444376_at,Sesn1
1444379_at,Pwwp2b
1444380_at,AI844869
1444381_at,A830005F24Rik
1444382_at,Nupr1l
1444383_at,Rrp7a
1444386_at,Pde1c
1444387_at,Nmt2
1444389_at,D14Ertd426e
1444390_at,Prdm14
1444394_at,Acad9
1444395_at,Dixdc1
1444396_at,Trp53inp2
1444397_at,Spef1
1444399_at,Nabp1
1444400_at,Rb1
1444402_at,Zc3h12c
1444404_at,Rnf207
1444405_at,Pydc4
1444408_at,B130040O20Rik
1444409_at,Rph3al
1444413_at,Ap3s2
1444416_at,Cenpa
1444418_at,Itpr2
1444419_at,Prcp
1444420_at,E230032D23Rik
1444421_at,Etohd2
1444422_at,Pcdh19
1444426_at,Cass4
1444427_at,Lipi
1444429_at,Lrtm1
1444431_at,Rcsd1
1444432_at,D330040H18Rik
1444434_at,Wdr33
1444435_at,Vps13b
1444436_at,9630030I15Rik///Hsf2
1444437_at,Usp34
1444438_at,Cib3
1444439_at,Bri3bp
1444440_at,Gm12359
1444441_at,Rapgefl1
1444442_at,Oraov1
1444443_at,Gm36401
1444445_at,C77648
1444448_at,Gm10392
1444450_at,Rab42
1444451_at,Pappa2
1444452_at,D930002L09Rik
1444453_at,Trp53rkb
1444455_at,Cacna1a
1444456_at,9030425P06Rik
1444460_at,Ube2r2
1444461_at,Zmynd11
1444463_at,Arhgap12
1444465_at,Ube4b
1444466_at,Ncald
1444467_at,C77534
1444468_at,Paqr8
1444469_at,Ubr3
1444471_at,Nxpe2
1444474_at,Atg2b
1444476_at,D030007L05Rik
1444478_at,Appl1
1444480_at,Prkag3
1444482_at,A130078K24Rik
1444484_at,A130009E19Rik
1444486_at,Klhl5
1444487_at,Lrat
1444489_at,Slc25a12
1444491_at,Nrg2
1444492_at,Ptprd
1444494_at,Klhl41
1444496_at,AA645497
1444497_at,BC059050
1444500_at,Ahsa1
1444501_at,AI462521
1444502_at,Gatb
1444504_at,Dhrs7c
1444505_at,Zmiz1
1444507_at,Usp53
1444508_s_at,Arrdc1
1444509_at,Tra2b
1444511_at,Slc41a1
1444512_at,Arhgap29
1444513_at,Cnksr2
1444517_at,Cfap54
1444518_at,Acox1
1444519_at,Lgr5
1444520_at,Fryl
1444521_at,Pigl
1444523_s_at,Ube2v1
1444524_at,Gm14005
1444528_at,Zfp316
1444529_at,Gm2022///Gm8300///Gm5662
1444532_at,Ncstn
1444533_at,Celf2
1444534_at,Uhrf1bp1
1444536_at,Gm15122
1444537_at,AI429363
1444539_at,D530039A21Rik
1444543_at,G630016G05Rik
1444546_at,Tifab
1444547_at,Ankrd40
1444548_at,1600025M17Rik
1444549_at,Gabrg3
1444550_at,Ccdc167
1444553_at,Gm28777
1444557_at,Sumo1
1444560_at,St7l
1444564_at,Apod
1444565_at,BB166591
1444567_at,1700066J03Rik
1444568_at,Arpc5
1444569_at,Gm8273
1444572_at,Mmd2
1444573_at,Lmtk3
1444581_at,Rangap1
1444582_at,Dcun1d5
1444583_at,Nasp
1444584_at,Pgbd1
1444585_at,Azin2
1444587_at,AI481207
1444589_at,Zfp994
1444590_at,Ddhd2
1444592_at,Osgep
1444593_at,Phlpp2
1444594_at,Tbx3
1444595_at,Zxda
1444596_at,Pax7
1444597_at,Gm6590
1444599_at,Herc4
1444601_at,5730422E09Rik
1444602_at,Ophn1
1444603_at,2810030D12Rik
1444605_at,1700061F12Rik
1444606_at,Efna2
1444612_at,Ppp2r3a
1444614_x_at,Eno4
1444615_x_at,Runx1t1
1444619_x_at,Psmb8
1444621_at,Iqsec2
1444623_at,E530011L22Rik
1444624_at,Ubap1
1444625_at,Gm15408
1444626_at,D930001B02
1444628_at,Adam33
1444629_at,Fam117b
1444630_at,D2Ertd127e
1444631_at,Zfp410
1444632_at,BC064078
1444633_at,Gm35161
1444634_at,Nsun3
1444635_at,Usp3
1444636_at,4930592I03Rik
1444637_at,E230016M11Rik
1444638_at,Ttn
1444640_at,Pigg
1444641_at,Cenpo
1444642_at,Uxs1
1444643_at,Ckm
1444644_x_at,Tatdn1
1444646_at,Bnc2
1444647_at,Plaa
1444648_at,Fam178b
1444649_at,Gm10309
1444650_at,Arhgef18
1444651_at,LOC553089
1444652_at,B830004H01Rik
1444653_at,Gm30238
1444655_at,Snrpc
1444656_at,BC030499
1444657_at,N4bp2
1444658_at,Teddm2
1444660_at,4932438A13Rik
1444661_at,Gpr26
1444662_at,Pla2g4c
1444663_at,Gm38532
1444665_at,Pdpr
1444666_at,Rpf2
1444667_at,Brdt
1444668_at,Astx3///Gm29565///Astx6///Astx
1444669_at,Lrfn1
1444670_at,A130004G11Rik
1444671_at,Rasal2
1444673_at,Gm17739
1444674_at,AU015680
1444675_at,AL023051
1444677_at,C77673
1444678_at,2810403D21Rik
1444680_at,Med15
1444681_at,Gm34996
1444682_at,BC037032
1444683_at,Gm17250
1444684_at,4930539J05Rik
1444686_at,Fam173b
1444687_at,C1ql2
1444688_at,Med15
1444689_at,Tbc1d31
1444690_at,Epha5
1444691_at,Prkd3
1444692_at,AI316844
1444694_at,Gm15234
1444696_at,BC059841
1444697_at,4732490B19Rik
1444699_at,Sugp1
1444701_at,Mex3c
1444703_at,2810403D21Rik
1444704_at,Sept11
1444706_at,Nav2
1444708_at,Tmem29
1444709_at,Invs
1444710_at,Gm19589
1444711_at,Kank1
1444712_at,Hsf5
1444714_at,Dcdc2b
1444715_at,Asap3
1444716_at,Mettl2
1444717_at,Zwint
1444718_at,Treml2
1444720_at,AA408456
1444723_at,Fam212b
1444725_at,Mastl
1444726_at,Krr1
1444727_at,Perm1
1444729_at,E130317F20Rik
1444730_at,Tlk1
1444731_at,Pde4b
1444734_at,A330001L22Rik
1444736_at,Cdh7
1444737_at,D2Wsu107e
1444738_at,C2cd5
1444740_at,Cers3
1444741_at,Dock2
1444744_at,Dido1
1444752_at,C230073G13Rik
1444754_at,Asxl2
1444755_at,Mad1l1
1444759_at,Prickle1
1444760_at,Ncor1
1444761_at,Ccdc8
1444763_at,Ptprk
1444766_at,Atxn7l1
1444769_at,Tex9
1444770_at,1700095A13Rik
1444771_at,Abtb2
1444773_at,D430040D24Rik
1444774_at,Det1
1444775_at,Gpr107
1444776_at,2700005E23Rik
1444777_at,Rai14
1444778_at,Sept3
1444779_s_at,Zfp59
1444780_at,Nav2
1444781_at,Gpn1
1444782_at,4930417H01Rik
1444784_at,Rbm46os
1444786_at,Nol3
1444789_at,1700120C14Rik
1444790_at,Hsbp1l1
1444795_at,AU015723
1444796_at,C76876
1444797_at,8030474K03Rik
1444799_at,AU022054
1444801_at,2900041M22Rik
1444802_at,Sec22a
1444804_at,D17Ertd96e
1444809_at,Marveld3
1444811_at,Sec62
1444812_at,Prdm10
1444814_at,D15Ertd180e
1444815_at,C85328
1444816_at,Olfr75-ps1
1444817_at,Plekhh2
1444819_at,C86090
1444821_at,D8Ertd82e
1444824_at,C76793
1444829_at,C78532
1444831_at,Gm15423
1444835_at,BC030499
1444837_at,Gm13261
1444838_at,Gm9946
1444840_at,C87487
1444842_at,Kdm5a
1444844_at,Fabp3
1444845_at,Scfd1
1444846_at,D15Ertd529e
1444849_at,C76872
1444850_at,Gm12169
1444854_at,Gm10776
1444857_at,C87312
1444860_at,Lama3
1444861_at,D13Ertd297e
1444864_at,D12Ertd125e
1444866_at,E230006M18Rik
1444867_at,C76751
1444868_at,Lrrc9
1444870_at,AU015438
1444871_at,AU022697
1444872_at,D3Ertd740e
1444874_at,Atp5g1
1444881_at,Taok3
1444883_at,Tmem19
1444884_at,Ppt1
1444886_at,Appbp2
1444887_at,C79015
1444888_at,AU022852
1444889_at,Rassf2
1444891_at,AU015621
1444892_at,Nup160
1444894_at,Ptpn18
1444897_at,AU017263
1444900_at,D18Ertd289e
1444905_at,D1Ertd705e
1444906_at,Adgrl2
1444907_at,AU022138
1444908_at,Habp4
1444911_at,Atp10b
1444914_at,Gm31087
1444916_at,Gm1305
1444918_at,C80198
1444921_at,Gm10839
1444924_at,N4bp2l2
1444927_at,D11Ertd729e
1444932_at,4732419C18Rik
1444934_at,Zfp276
1444936_at,D5Ertd566e
1444939_at,Prpf19
1444940_at,C76411
1444942_at,Helz
1444945_at,AU024605
1444950_at,Zbtb49
1444951_at,Dennd1b
1444952_a_at,Nucks1
1444953_at,Nucks1
1444958_at,C79017
1444959_at,D1Ertd83e
1444960_at,Cyp2u1
1444962_at,Gm34940///LOC101055663///Gm7609
1444964_at,Csnk1g1
1444965_at,E130002L11Rik
1444969_at,Pid1
1444970_at,C79870
1444972_at,C77626
1444974_at,AU023617
1444980_at,Onecut2
1444981_at,Igdcc3
1444982_at,C230007H23Rik
1444984_at,C77649
1444987_at,Ctsb
1444992_at,AI120166
1444993_at,Gm7420
1444994_at,A230038B01Rik
1444995_at,Cdyl2
1444996_at,Depdc5
1444999_at,C77651
1445003_at,Farsa
1445004_a_at,Pitpnm3
1445005_at,C79491
1445014_at,AU019157
1445017_at,Cnot2
1445021_at,Gm3650///Spg11
1445024_at,Stard7
1445025_at,AU015536
1445027_at,Cdr2l
1445033_at,Abca16
1445036_at,D11Ertd518e
1445037_at,Git2
1445040_at,D7Ertd783e
1445041_at,D16Ertd6e
1445046_at,D8Ertd317e
1445047_at,C79246
1445048_at,Baz2b
1445049_at,C80893
1445050_at,AU015247
1445053_at,AU022537
1445056_at,9230102K24Rik
1445061_at,Gm33298
1445063_at,D1Ertd228e
1445064_at,Gm34303
1445068_at,Malt1
1445072_at,Gm33560
1445074_at,Gm15506
1445078_at,D7Ertd526e
1445081_at,Scai
1445089_at,D16Ertd778e
1445091_at,Atr
1445094_at,D19Ertd744e
1445095_at,Il31ra
1445098_at,AU022706
1445104_at,E230029C05Rik
1445106_at,Gm19816
1445107_at,A530064N14Rik
1445109_at,Wdr4
1445115_at,Thsd7b
1445118_at,Gm36463
1445119_at,D7Ertd661e
1445120_at,AU021977
1445121_at,Opn4
1445122_at,A830082N09Rik
1445124_at,A930009L07Rik
1445125_at,D8Ertd107e
1445127_at,Ccbe1
1445130_at,AA407111
1445131_at,Fbxl13
1445134_at,Mkl2
1445136_at,Nup155
1445138_at,A530083I20Rik
1445139_at,Patl1
1445140_at,AU022804
1445141_at,Ikbkb
1445143_at,Vash1
1445146_at,B230219N05Rik///1700008O03Rik
1445147_at,Psme4
1445149_at,Pvr
1445150_at,Gm10399
1445151_at,Mtf2
1445156_at,C81001
1445157_at,LOC102643228
1445158_at,Sypl
1445160_at,Nav3
1445161_at,Usp6nl
1445167_at,9630001P10Rik
1445170_at,LOC102634319///2700012I20Rik
1445171_at,Catsperg1
1445172_at,Eif2d
1445173_at,Cep126
1445175_at,Gm4117
1445178_at,Sh3rf1
1445179_at,D10Ertd494e
1445180_at,Srd5a3
1445181_at,Eml5
1445183_s_at,D7Ertd523e
1445184_at,9130019O22Rik
1445185_at,Ttll10
1445186_at,Stc2
1445187_at,Axdnd1
1445189_at,Gpatch2
1445191_at,Exd1
1445192_at,D8Ertd575e
1445193_x_at,D8Ertd575e
1445194_at,Cnksr2
1445195_at,C77631
1445196_at,C79595
1445197_x_at,C79595
1445198_at,Kdm6a
1445201_at,Zfp53
1445202_at,Caln1
1445203_at,Pdzd2
1445206_at,Zw10
1445208_at,Exd2
1445209_at,AU021745
1445213_at,Cyld
1445219_at,Olfr315
1445223_at,Pear1
1445225_at,Rtfdc1
1445226_at,BC023969
1445227_at,Tnfsf13os
1445228_at,Spred1
1445229_at,Dgat1
1445232_at,Dock9
1445233_at,Rhbdl2
1445234_at,C130030K03Rik
1445239_at,Gatad2a
1445240_at,AU019796
1445241_at,Rab11fip4
1445242_at,Gk
1445243_at,D10Ertd533e
1445245_at,B130065D12Rik
1445247_at,C530044C16Rik
1445251_at,Tnfsf13b
1445252_at,Kremen1
1445253_at,Gm41810
1445255_at,Rapgef5
1445257_at,AU022531
1445259_at,Scn2a1
1445260_at,Dcun1d1
1445261_at,D17Ertd763e
1445264_at,Catsper2
1445266_at,Ercc1
1445270_at,Zfp759
1445271_at,Trim12c
1445273_at,D10Ertd638e
1445274_at,Gm3055///Zfp781
1445275_at,Ccser1
1445276_at,C80154
1445278_at,Ggn
1445280_at,Ap3d1
1445281_a_at,B230311B06Rik
1445286_at,Vmn2r29
1445291_at,C230037L18Rik
1445292_at,Cd300a
1445294_at,Gm14033
1445296_at,Snhg14
1445297_at,Stxbp5l
1445304_at,Mgrn1
1445305_at,Slc10a7
1445308_at,Tssc1
1445310_at,Gm29721///Gm29719///Sytl3
1445311_at,Akap13
1445313_at,Coq9
1445314_at,Gm5454///Etv1
1445318_at,Klhl4
1445319_at,Gm36617
1445320_at,Ubxn7
1445323_at,Greb1
1445324_s_at,Greb1
1445326_at,Sdk1
1445328_at,Col4a4
1445329_at,Dtnb
1445330_at,Pdia3
1445334_at,1700047I17Rik2///Fam177a
1445335_at,C78888
1445336_at,1110032A03Rik
1445337_at,Dnajc13
1445339_at,Cnga4
1445340_at,Mycbp2
1445341_at,Gm31913
1445343_at,Tmed5
1445347_at,Gm2164
1445348_at,Cdc40
1445354_at,Nxpe3
1445355_at,Spata6
1445356_at,Gm16055
1445357_at,AI851613
1445358_at,Tnks
1445359_at,Adcy1
1445360_at,Tgfb1
1445362_at,Ptpdc1
1445363_at,Mir99ahg
1445365_at,Ms4a7
1445369_at,B230359F08Rik
1445371_at,Tmem207
1445375_at,Itsn2
1445380_at,A230072C01Rik
1445381_at,Pcbp2
1445383_at,Tmem44
1445384_at,Riok2
1445385_at,Gm38983
1445387_at,Senp6
1445388_at,Cd226
1445390_at,Pawr
1445391_at,Diaph1
1445399_at,Klrb1b
1445404_at,Kif27
1445406_at,C77494
1445408_at,Dnaic2
1445410_at,Naa35
1445412_at,Ccdc73
1445413_at,Bmpr1a
1445415_at,B230303A05Rik
1445416_at,Cep41
1445418_at,Smg6
1445419_at,Gtpbp8
1445422_at,Gm11783
1445424_at,Gm14285
1445425_at,Gm20740
1445427_at,D11Ertd80e
1445433_at,Glt8d2
1445434_at,Snupn
1445435_at,Gm732
1445437_at,Ccdc74a
1445438_at,Ddhd1
1445439_at,Dmtn
1445440_at,Ccdc88a
1445441_at,Gm5142
1445442_at,Map9
1445444_at,Gm19937
1445445_s_at,Ptger1
1445450_x_at,A530021J07Rik
1445451_at,Ttll12
1445452_at,Traf1
1445453_at,Helz
1445454_at,D2Ertd282e
1445455_at,D3Ertd270e
1445457_at,Il22ra1
1445458_at,Mrgprg
1445459_at,Sstr5
1445460_at,Bach2
1445461_at,Lztr1
1445463_at,Npepps
1445464_at,Tmem63b
1445465_at,Phf24
1445466_at,Map6d1
1445468_at,Gm10451
1445470_at,Col6a4
1445472_at,Vsig10l
1445473_at,Diras2
1445474_at,Prim2
1445475_at,Pak6
1445476_at,Gm36741
1445480_at,Gpr19
1445481_at,AI317158
1445482_at,Gle1
1445483_at,Abl2
1445484_at,Cycs
1445485_at,D7Ertd187e
1445486_at,Lrrc49
1445488_at,Ranbp17
1445489_at,Ttpal
1445490_at,C77805
1445491_at,C79685
1445493_at,AU022255
1445496_at,Auh
1445499_at,Zc3h13
1445502_at,Mir138-2///C78859
1445503_at,Gm715
1445504_at,Gm5124
1445505_at,Ndst1
1445506_at,Abhd15
1445510_at,C79601
1445511_at,Cetn4
1445512_at,Gm4432
1445519_at,Kcns3
1445521_at,Elavl1
1445522_at,Atp8b4
1445523_at,Gjc3
1445525_at,Kif14
1445526_at,AY512915
1445528_at,Slc28a3
1445531_at,Csmd1
1445532_at,Myo16
1445535_at,AA407107
1445536_at,AW061096
1445537_at,2310039F13Rik
1445539_at,Pde7b
1445541_at,Kdm5a
1445542_at,Gm26611
1445543_at,Zmym5
1445544_x_at,Obfc1
1445546_at,AI844685
1445549_at,Robo1
1445550_at,Klhl32
1445551_at,Nfrkb
1445553_at,Ric3
1445557_at,0610040B10Rik
1445558_at,5930430L01Rik///Katnal1
1445563_at,Eif2a
1445565_at,Hist1h2bg///Hist1h2be///Hist1h2bc
1445568_at,Inca1
1445569_at,Klhl33
1445570_at,Nsun4
1445573_at,Ppp1r14b
1445576_at,Rsph10b
1445577_at,Ppfibp1
1445585_at,Rnf114
1445588_at,Ankrd44
1445594_at,Hnrnpl
1445597_s_at,Pla2g16
1445599_at,Fndc7
1445601_at,Gm12596
1445602_at,Rmi2
1445605_s_at,Fam135a
1445606_a_at,2900009J06Rik
1445607_at,Dcaf17
1445608_at,9130204L05Rik
1445611_at,Trappc9
1445613_at,9430019H13Rik
1445615_at,Chrna9
1445622_at,Gm33727
1445624_at,Atxn1l
1445629_at,Slc35d1
1445630_at,Gm29538
1445631_at,Ano3
1445632_at,Ogdh
1445639_at,Adgb
1445642_at,Lemd1
1445644_at,Sarm1
1445647_at,AI447881
1445649_x_at,Zfp142
1445653_at,BC031361
1445657_at,AW111846
1445660_at,Tmem209
1445661_at,4930406D18Rik
1445667_at,Tbc1d10a
1445669_at,Spry4
1445672_at,Gm35658
1445673_at,2900052N01Rik
1445674_at,Atg9b
1445677_x_at,Slc35f2
1445679_at,Atp2b3
1445680_x_at,F2rl2
1445681_at,Cdca7
1445682_at,2700099C18Rik
1445684_s_at,Hdac2
1445685_at,Gas7
1445687_at,Milr1
1445691_at,Chn1
1445693_at,Araf
1445696_x_at,Bola3
1445698_at,Capn11
1445700_at,Psmg4
1445701_at,Atp2b4
1445702_x_at,Plpp6
1445703_at,Ptchd1
1445704_x_at,Vstm2b
1445705_x_at,Dpp8
1445707_at,Zdhhc6
1445708_x_at,3110021A11Rik
1445709_at,Mdm1
1445710_x_at,Duxbl3///Duxbl2///Duxbl1
1445711_at,BB163080
1445712_at,Gm34344
1445714_at,B930042K01Rik
1445715_at,A230001M10Rik
1445717_at,Luc7l2
1445719_at,Sf3a1
1445720_at,Sltm
1445721_at,A830021M18Rik
1445722_at,Manbal
1445723_at,Plcl1
1445724_at,Iqgap1
1445725_at,Gm10796
1445726_at,Zfp953///Zfp456///Rsl1///Zfp429
1445727_at,Ube3a
1445728_at,Rdh18-ps///Rdh16
1445729_at,Psmd13
1445737_at,1700057H21Rik
1445743_at,E330024J20Rik
1445745_at,Rbm17
1445746_at,Eif4h
1445747_at,Gm15201
1445751_at,Col12a1
1445754_at,Acacb
1445757_at,Tbx3
1445760_at,Bpifb3
1445761_at,D4Ertd628e
1445763_at,1700013F07Rik
1445764_at,Gm19277
1445765_at,9430011C21Rik
1445766_at,Ppfia2
1445767_at,Ptprd
1445768_at,Ankrd31
1445769_at,Gm29702
1445772_at,D16Ertd550e
1445777_at,Upf2
1445786_at,Braf
1445787_at,Ccdc162
1445790_at,Gipr
1445795_at,AU022848
1445798_at,Dlg1
1445801_at,Cep126
1445805_x_at,Kcnh3
1445806_at,Cog5
1445810_at,C85163
1445813_at,Wdr27
1445814_at,Gm11269
1445815_at,Fzd8
1445817_at,BB168181
1445818_at,4930544M13Rik
1445822_at,Cc2d2b
1445824_at,Zfp458
1445826_at,Ankrd17
1445827_at,Zmynd8
1445829_at,Dnhd1
1445830_at,Ctnnd1
1445833_at,Lmf1
1445838_at,Galnt5
1445840_at,Gm33002
1445841_at,Lrrc39
1445843_at,Chd2
1445844_at,Gm36793
1445846_at,Gabrg3
1445848_at,9630009C16
1445849_at,BC080696
1445850_at,Ppp1r12b
1445852_at,D19Ertd200e
1445854_at,C230004F18Rik
1445855_at,Ggct
1445856_at,Fam178a
1445857_at,BC026585
1445858_at,4933439G19Rik
1445860_at,Tspan11
1445861_at,Usp25
1445862_at,Marf1
1445863_at,Vwa3a
1445866_at,Mast4
1445867_at,AL023008
1445868_at,Cpeb3
1445871_at,AI315376
1445872_at,Nr6a1
1445873_at,Tfdp2
1445875_at,A230057D06Rik
1445877_at,Rfesd
1445878_at,C920006O11Rik
1445879_at,Zfp507
1445881_at,2310035P21Rik
1445882_at,Cd300lb
1445883_at,Ranbp2
1445885_at,Ube2d2a
1445886_at,Elk3
1445888_x_at,Parp3
1445890_at,C230079E05Rik
1445891_at,AF529169
1445893_at,Plod1
1445896_at,2810433D01Rik
1445897_s_at,Ifi35
1445898_at,Ggcx
1445899_at,AA409289
1445901_at,Lrp2
1445905_at,C79206
1445907_at,Klhl32
1445908_at,Eif2b5
1445910_at,C79999
1445911_at,Chic2
1445913_at,Dlx4os
1445914_at,Nrf1
1445918_at,Tmem2
1445919_at,AA409261
1445920_at,Fastkd3
1445921_at,D2Ertd397e
1445924_at,Gm21082///Zfp981///Zfp980///Zfp986
1445925_at,D15Ertd492e
1445927_at,D13Ertd212e
1445928_at,March6
1445930_at,Fndc7
1445933_at,Ube2e1
1445934_at,Arih2
1445938_at,5930427L02Rik
1445940_at,D4Ertd298e
1445942_at,AU015858
1445945_at,AU021880
1445950_at,C87926
1445951_at,C86345
1445953_at,D17Ertd191e
1445967_at,AU022331
1445970_at,AU022526
1445972_at,Ush2a
1445973_at,C79461
1445975_at,Gm8709
1445976_at,C80279
1445977_at,AU022793
1445990_at,AU020096
1445995_at,Cdc25a
1445999_at,D19Ertd132e
1446005_at,D2Ertd337e
1446006_at,Gm4415
1446008_at,D3Ertd246e
1446013_at,Slc38a3
1446018_at,C79240
1446021_at,AU018466
1446023_at,Ostf1
1446029_at,Tanc1
1446033_at,C87882
1446034_at,LOC432842
1446035_at,Gm7173
1446036_at,Ppp2r2b
1446044_at,AU015581
1446045_at,AU024581
1446051_at,Gm14692///Gm1140
1446057_at,Rlf
1446058_at,Gm16619
1446060_at,9230109A22Rik
1446062_at,Fam196a
1446063_at,C730034F03Rik
1446066_at,Zcchc17
1446068_at,Adk
1446070_at,Tyw1
1446071_at,Steap2
1446072_at,4632415L05Rik
1446074_at,Marc1
1446078_at,Fkbp7
1446079_at,Zmat2
1446085_at,Socs2
1446086_s_at,Gli2
1446088_at,9430081I23Rik
1446089_at,C86400
1446095_at,Airn
1446096_at,2310001H17Rik
1446097_at,Rbbp8
1446100_at,Trp53bp1
1446102_at,D9Ertd292e
1446105_at,Exoc1
1446106_at,Arl11
1446109_at,Wdfy3
1446110_at,D3Ertd711e
1446111_at,D14Ertd611e
1446116_at,Plxna4os1
1446117_at,Spire1
1446118_at,D17Ertd165e
1446119_at,Gm17733
1446120_at,Uhmk1
1446122_at,4732416N19Rik
1446123_at,Ttc34
1446127_at,Zeb1
1446130_at,Mir1931
1446133_at,D2Ertd295e
1446134_at,C78115
1446135_at,D030051J21Rik///3830406C13Rik
1446136_at,Sik3
1446137_at,Gbas
1446144_at,Pex5l
1446145_at,Eif4g3
1446147_at,Rbm39
1446148_x_at,Rbm39
1446149_at,Ppp3cb
1446154_at,Gm15743
1446155_at,Smim10l1
1446159_at,Pak7
1446160_x_at,Tmem69
1446162_at,Pabpc5
1446164_at,Tgs1
1446165_at,Gm6211
1446169_at,Dgcr8
1446170_at,Abcc12
1446171_at,A230107N01Rik
1446174_at,Gm4988
1446180_at,Lamb1
1446183_at,Als2
1446185_at,Mtor
1446186_at,Usp15
1446188_at,Cep97
1446189_at,Kat6b
1446190_at,Dclk1
1446191_at,Abi3
1446194_at,Nr2c1
1446195_at,Zfp286it
1446196_at,Hmga2
1446199_at,Rgs20
1446203_at,Mkln1
1446206_at,Bend6
1446209_at,Usp40
1446214_at,D430018E03Rik
1446215_at,Zfhx2os
1446217_at,Gm9925
1446218_at,C230021G24Rik
1446219_at,D930015E06Rik
1446220_at,Ntn5
1446221_at,Gm30003
1446223_at,Gm12289
1446224_at,Hectd2
1446225_at,Ssu72
1446226_at,Fancb
1446228_at,Ermp1
1446235_at,Ap1ar
1446236_at,C230072F16Rik
1446237_at,Akap9
1446238_at,4930431P03Rik
1446239_at,4930444F02Rik
1446244_at,Zyg11b
1446246_at,Gm438
1446247_at,Adamts18
1446248_at,Slc18a1
1446251_at,Gm20611
1446252_at,Cerkl
1446255_at,Kcnq1ot1
1446256_at,Gm35961
1446257_at,Hs6st2
1446258_at,9530067D14Rik
1446260_at,4930447C04Rik
1446261_at,D1Ertd507e
1446263_at,Zbtb49
1446265_at,Dnm3
1446266_at,Cts8
1446267_at,D17Ertd657e
1446269_at,Hbp1
1446270_at,E030042O20Rik
1446272_at,Cdk17
1446273_at,Csmd1
1446274_at,Slc16a1
1446282_at,Gm20754
1446284_at,Mtss1
1446287_at,Prss41
1446288_at,C78692
1446290_at,Mzt1
1446291_at,Vipas39
1446294_at,Tcf12
1446295_at,Trim24
1446298_at,C630016I17Rik
1446300_at,Trim72
1446301_at,Farsa
1446302_at,Kyat1
1446303_at,Igf1r
1446308_at,Ccdc182
1446310_at,Sptlc3
1446311_at,Esyt1
1446312_at,Ksr2
1446313_at,Zfp30
1446314_at,Gcnt7
1446315_at,Acly
1446316_at,Lpin2
1446317_at,Arid4b
1446319_at,Asb7
1446320_at,5430403G19Rik///Chmp4c
1446321_at,B230208B08Rik
1446322_at,C78568
1446323_at,Atf7ip
1446325_at,Pcyox1
1446326_at,Col1a2
1446331_at,Ptgfr
1446337_at,Htt
1446341_at,6030403N03Rik
1446342_at,2310001H17Rik
1446344_at,Nyx
1446349_at,Zfp78
1446351_at,Gm20555
1446353_at,Tubb6
1446354_at,C130098B18Rik
1446355_at,9530085L11Rik
1446357_at,BC020402
1446359_at,Gnal
1446363_at,C030005K15Rik
1446365_at,Vti1a
1446366_at,Trpc4
1446369_at,Armc1
1446370_at,Rab11fip4os1
1446374_at,Arhgef10
1446375_at,Exoc6
1446376_at,Rps6kb1
1446377_at,Fbln5
1446379_at,C79296
1446381_at,Gm3948
1446385_at,9430083A17Rik
1446390_at,Elk1
1446393_at,D5Ertd159e
1446394_at,Oprk1
1446396_at,Angptl1
1446398_at,Gm29677
1446399_at,Cdh10
1446400_at,Olfr558
1446402_at,Churc1
1446403_at,AU022899
1446405_at,Kat6a
1446408_at,Hoxa10
1446409_at,Gtdc1
1446413_at,4930555G07Rik
1446415_at,Hebp2
1446416_at,Sulf1
1446422_at,LOC102638053
1446424_at,Dnah12
1446425_at,Efcab14
1446427_at,Zglp1
1446429_at,P2rx4
1446430_at,Hectd2
1446432_at,B530045E10Rik
1446433_at,Acbd5
1446435_at,Gm9947
1446437_at,9630028H03Rik
1446438_at,Ubr1
1446441_at,Slc20a1
1446442_at,Rnmt
1446443_at,B230213L16Rik
1446444_at,Rc3h2
1446448_at,Pias1
1446450_at,Ttn
1446457_at,Ddx58
1446458_at,Rnasel
1446460_at,Tmem61
1446463_at,Adnp2
1446464_at,Psme4
1446465_at,Atp6v1b2
1446467_at,Atp9b
1446468_at,Csmd1
1446469_at,Gm5082
1446470_at,Gm9799
1446472_at,Ahctf1
1446473_at,Efcab14
1446476_at,Trav12n-2
1446477_at,Zfp622
1446478_at,Thsd7b
1446479_at,Tnni3k
1446482_at,Cep63
1446483_at,Akr1e1
1446485_at,Gm12130
1446486_at,Dtwd2
1446492_at,Tmem132d
1446493_at,Cdc14a
1446494_at,Kis2
1446496_at,Tra2b
1446498_at,Il20ra
1446499_at,Fadd
1446501_at,Bhlha9
1446505_at,Cd84
1446506_at,Frmpd3
1446509_at,Smox
1446511_at,Msh3
1446512_at,Zc3h15
1446515_at,Gm9933
1446516_at,Bcl7c
1446517_at,Car12
1446519_at,A730091E23Rik
1446520_at,Il1rapl2
1446522_at,Ttc7
1446526_at,Gm2379///9330199F22Rik
1446527_at,Agtr1b
1446528_at,Scyl2
1446533_at,Crtc1
1446534_at,Angptl2
1446536_at,Sema6d
1446539_at,Cab39l
1446540_at,Gm33777
1446541_at,Wdr95
1446542_at,Acss2
1446543_at,Gm13123///Gcn1l1
1446546_at,Tmlhe
1446547_at,9330175E14Rik
1446549_at,Kbtbd11
1446550_at,Gspt1
1446551_at,Gm16794
1446552_at,Slc12a3
1446554_at,Gp6
1446556_at,Kcnd1
1446557_at,Plppr1
1446558_at,Dennd4a
1446559_at,D830016K09Rik
1446560_at,Prss23
1446561_at,Pax8
1446563_at,Mir133b
1446564_at,D18Ertd169e
1446573_at,Edil3
1446575_at,C77583
1446577_at,Pde4b
1446580_at,Apool
1446582_at,Poln
1446586_at,8030451A03Rik
1446591_at,Stmnd1
1446594_at,Gm4371
1446595_at,Itsn2
1446597_at,6820445E23Rik
1446606_at,1700028E10Rik
1446610_at,Elmo1
1446612_at,9330118A15Rik
1446618_at,A130088B03Rik
1446619_at,A130038J17Rik
1446622_at,A330068G13Rik
1446624_at,Fktn
1446625_at,Tmem100
1446626_at,Tango2
1446631_at,Il1bos
1446633_at,Atg7
1446634_at,D830036C21Rik
1446635_at,D13Ertd476e
1446636_at,Tns3
1446637_at,Gm8154
1446638_at,Ptpru
1446642_at,Phf14
1446643_at,5330409N07Rik
1446645_at,Ccdc169
1446646_at,Gm13262
1446652_at,Reps2
1446655_at,Scyl3
1446657_at,Galnt6
1446659_at,Gm19600
1446662_at,4930562C15Rik
1446664_at,D15Ertd154e
1446665_at,C80918
1446666_at,Adamts12
1446673_at,D330013E07Rik
1446675_at,Adk
1446676_at,A130033P14
1446677_at,A830029E22Rik
1446678_at,D14Ertd16e
1446681_at,BB086117
1446683_at,Eps15l1
1446684_at,Ralgapa1
1446685_at,Col6a5
1446687_at,Sf3a1
1446689_at,Nlrc3
1446690_at,Gm31210
1446691_at,Pdgfd
1446696_at,Ift57
1446698_at,Lpp
1446699_at,Kdm4a
1446701_at,Abcb1b
1446706_at,C79123
1446708_at,Hif3a
1446710_at,C76669
1446712_at,Ntrk2
1446715_at,Abca13
1446718_at,Nfkbib
1446719_at,Atad2b
1446725_at,A130094D17Rik
1446726_at,Gm31005
1446728_at,D3Ertd797e
1446729_at,Disp2
1446731_at,Fancf
1446734_at,C77438
1446735_at,Itsn2
1446737_a_at,Hook3
1446738_at,D7Wsu130e
1446741_at,Gm5463
1446743_at,Las1l
1446744_at,Sorbs2
1446745_at,Gm5547
1446746_at,Osbpl3
1446747_at,Spef2
1446748_at,LOC102635638///2010007H06Rik
1446749_at,Ktn1
1446750_at,Impact
1446751_s_at,Impact
1446752_at,C78200
1446754_a_at,Vax2os
1446756_at,Ghsr
1446758_at,Bre
1446759_at,Lin52
1446760_at,Trip13
1446761_at,D8Ertd56e
1446765_at,C77973
1446766_at,AU022746
1446769_at,Ttc39c
1446770_at,Pik3cd
1446771_at,Tuba8
1446773_at,E230025N22Rik
1446774_at,D530017H19Rik
1446776_at,C77581
1446777_at,Spp2
1446781_at,D8Ertd54e
1446782_at,Lins1
1446785_at,Gm35497
1446788_at,A430091L06Rik
1446789_at,Zcrb1
1446790_at,C78948
1446791_at,Pi15
1446793_at,Ldah
1446797_at,A330075M08Rik
1446798_at,Map4k3
1446800_at,3010026O09Rik
1446802_at,Atox1
1446803_at,Dock9
1446806_at,Gm30777
1446807_at,Usp8
1446809_at,A230059L01Rik
1446810_at,A730062M13Rik
1446813_s_at,D5Ertd560e
1446814_at,Art2b
1446817_at,D10Ertd43e
1446820_at,Zfp182
1446822_at,D5Ertd543e
1446823_at,D4Ertd103e
1446826_at,Xpo7
1446827_at,Ncoa2
1446829_at,D12Ertd216e
1446830_at,AU015892
1446831_at,D5Ertd521e
1446834_at,Ctsc
1446838_at,Atad1
1446842_at,D4Ertd571e
1446844_at,Chchd7
1446845_at,Gm5065
1446846_at,Gm11944
1446847_at,Ccdc88c
1446851_at,Col22a1
1446855_at,Vps13d
1446856_at,D3Wsu167e
1446857_at,C87115
1446858_at,AU022245
1446861_at,Gns
1446862_at,LOC102632031
1446867_at,Wdfy4
1446869_at,Gm19784
1446870_at,D4Ertd510e
1446871_at,D7Ertd481e
1446872_at,AU021877
1446876_at,Dcaf5
1446877_at,C230014O12Rik
1446881_at,AU022749
1446883_at,4933427D06Rik
1446884_at,AU022554
1446888_at,D9Ertd115e
1446889_at,D2Ertd105e
1446890_at,Gm5891
1446891_at,Fam117b
1446893_at,Gm5600
1446894_at,Gm30873
1446896_at,AU022186
1446900_at,D1Ertd218e
1446901_at,AU022077
1446902_at,AU022538
1446906_at,C81615
1446914_at,C80425
1446915_at,D7Ertd316e
1446919_at,Zfp873
1446925_at,Btrc
1446926_at,Pycard
1446928_at,Dnajc17
1446929_at,D130062J21Rik
1446933_at,Nudcd1
1446938_at,AA408213
1446940_at,Traf6
1446941_at,C78505
1446942_at,Gm3604
1446944_at,D1Ertd84e
1446949_at,4930431P19Rik
1446951_at,P4ha3
1446952_at,D11Ertd506e
1446956_at,N4bp1
1446957_s_at,N4bp1
1446958_at,D13Ertd150e
1446959_at,AU021871
1446963_at,Mcc
1446965_at,Arhgef12
1446966_at,Slc25a48
1446968_at,Picalm
1446971_at,D10Wsu159e
1446972_at,D15Wsu126e
1446974_at,Pikfyve
1446975_at,Casz1
1446976_at,D7Ertd758e
1446979_at,Dcps
1446981_at,A830010M20Rik
1446983_at,Cdc73
1446986_at,Scrt2
1446990_at,Nfia
1446994_at,Exosc2
1446995_at,Cyp7b1
1446997_at,Eif3d
1447001_at,C87114
1447004_at,9630028H03Rik
1447007_at,Tcp11x2
1447009_at,C79657
1447012_at,Gm10791
1447016_at,Tbc1d1
1447019_at,Cmah
1447021_at,Lncenc1
1447026_at,Gatad2b
1447027_s_at,Lias
1447028_at,4930563E22Rik
1447030_at,Gm10461
1447033_at,Gm829
1447035_at,A230091C14Rik
1447036_at,Chl1
1447037_at,Phip
1447038_x_at,Phip
1447041_at,Nipal4
1447042_at,Zbtb34
1447051_at,1110028F11Rik
1447053_x_at,Ssr3
1447054_at,C85395
1447055_at,Dnajc11
1447056_at,Sucla2
1447058_at,A530058N18Rik
1447061_at,Hif3a
1447063_at,1700017B05Rik
1447065_at,Gm5107
1447066_at,Gm3740
1447070_at,Eif4h
1447073_at,Trip12
1447075_at,Ciita
1447076_at,Nell1
1447080_at,Aco1
1447082_at,C630004L07Rik
1447084_at,Nfatc1
1447085_s_at,Nfatc1
1447089_at,Arl1
1447090_s_at,Arl1
1447095_at,Gm32743
1447097_at,BC052688
1447100_s_at,5730508B09Rik
1447101_at,Rnf122
1447103_at,Cdk5rap2
1447107_at,Ddx55
1447112_s_at,Cryl1
1447114_x_at,Particl
1447115_at,Slc26a10
1447118_at,Ppp6r3
1447126_at,Gm31367
1447128_at,Zfp972
1447130_at,D8Wsu26e
1447138_at,AI853502
1447139_at,Bcl7c
1447140_at,C130078N14
1447141_at,AW107722
1447142_at,Cts7
1447146_s_at,Slu7
1447149_at,Slc9a9
1447150_at,Mycbp2
1447157_at,4930480K23Rik
1447160_at,Nono
1447169_at,A230106O10Rik
1447173_at,Lrrc31
1447181_s_at,Slc7a7
1447182_at,C77815
1447184_at,AU021760
1447186_at,Slc6a16
1447190_at,LOC102635682
1447191_at,Dip2b
1447196_at,Gm9789
1447197_at,C86544
1447198_at,Recql
1447199_at,C80763
1447200_at,Tbc1d5
1447201_at,Gm12784
1447202_at,Ikbip
1447203_at,Gm28729
1447205_x_at,Gm21571///Rps12-ps18///Rps12-ps24///Rps12-ps10///Rps12-ps14///Rps12-ps13///Rps12-ps15///Rps12-ps12///Rps12-ps16///Rps12-ps11///Rps12
1447207_at,Zyg11b
1447211_at,Nrip1
1447212_at,Cnot2
1447214_at,LOC102635442///Chrna9
1447215_at,Wdr66
1447216_at,Nrxn1
1447217_at,Uhrf2
1447218_at,1110003F02Rik
1447222_at,Hspa12a
1447225_at,Slc16a5
1447228_at,Arfgap2
1447229_x_at,Arfgap2
1447230_at,Wdr92
1447233_at,Prrt4
1447234_s_at,Snx6
1447235_at,1700001D01Rik
1447236_at,Kif21a
1447243_at,BC040756
1447244_at,Cyb561a3
1447246_at,Gm9873
1447248_at,Slc39a12
1447250_a_at,Ccdc141
1447251_x_at,Ccdc141
1447252_s_at,Mep1a
1447253_x_at,Nup54
1447255_at,2310015A10Rik
1447256_at,Gm16835
1447259_at,Ank3
1447260_at,Gm38417///LOC547349///H2-T3-like///H2-Bl
1447264_at,Rab11fip1
1447265_at,AI848615
1447266_at,Utp18
1447267_at,C85319
1447268_at,Nol12
1447269_at,Fam184b
1447271_at,Nck1
1447272_s_at,Atp10a
1447273_x_at,Atp10a
1447275_at,Bbs12
1447276_at,D13Ertd37e
1447277_s_at,Pcyox1
1447278_at,Cep164
1447279_at,E130308A19Rik
1447282_at,Gng13
1447283_at,Tsga10
1447284_at,Trem1
1447286_at,Emb
1447287_at,C77137
1447288_at,Il21
1447289_at,AA763521
1447290_at,Sys1
1447291_at,Nphs1os
1447292_at,Actr1b
1447293_x_at,Actr1b
1447294_at,Fbxw11
1447296_at,Fbxo27
1447297_at,Gm16185
1447298_at,C130071C03Rik
1447300_at,AW551984
1447301_at,Akap5
1447303_at,Speer8-ps1
1447306_at,4930545H06Rik
1447308_at,Cers5
1447309_at,Gm40923
1447310_at,Hykk
1447311_at,Slc6a2
1447319_at,Ext2
1447320_x_at,Polr1d
1447326_s_at,Zmym3
1447330_at,Zbtb32
1447334_at,Bcl11a
1447335_x_at,Bcl11a
1447336_at,Gm10658
1447343_at,Nrp2
1447346_s_at,Dusp8
1447349_s_at,Ep400
1447352_at,Gm2044
1447353_at,Gpr161
1447355_at,Acsl1
1447356_at,Methig1
1447358_at,C87198
1447359_at,Zfp575
1447361_at,AI464196
1447362_at,Bub1b
1447363_s_at,Bub1b
1447364_x_at,Myo1b
1447367_at,Scfd2
1447368_at,Mroh2a
1447369_at,Trmt1l
1447371_at,9430037G07Rik
1447372_at,Aldh16a1
1447376_at,Mov10
1447377_at,Gm11239///Gm11236///Gm38423///Gm11238///Gm11237///Gm428
1447378_at,Mars2
1447380_at,Amdhd1
1447382_at,Pigt
1447384_at,Abcc5
1447388_at,Gm16026///LOC100041057///LOC677525///C130026I21Rik///LOC546061
1447389_at,AI662168
1447392_s_at,Cpd
1447394_at,Clca4c-ps
1447395_at,Defb21
1447397_at,Saxo2
1447400_at,Ryk
1447401_at,Wbp11
1447403_a_at,Zmynd19
1447404_at,Rnf165
1447406_at,Luc7l
1447407_at,Arap3
1447412_at,Gm996
1447416_at,Myrfl
1447417_at,Taf1
1447420_at,Brd1
1447425_at,Vstm2b
1447431_at,Dera
1447432_s_at,Zfp263
1447433_at,Wdfy3
1447436_at,AI451250
1447437_at,Gm19950
1447439_at,Thegl
1447440_at,Nutf2-ps1///Gm9386///Nutf2-ps2///Nutf2
1447441_at,Arhgef17
1447444_at,Ubxn11
1447447_s_at,Srrm1
1447448_s_at,Klf6
1447450_at,Med1
1447451_at,4930556M19Rik
1447452_at,Reep3
1447456_x_at,Dcpp3
1447457_at,LOC102639518
1447461_at,Astx3///Gm30200
1447462_at,D7Wsu130e
1447464_at,Anks1b
1447467_at,Ptpra
1447469_at,Ccdc66
1447470_at,Hdhd2
1447474_at,Ramp1
1447475_at,Fam189a2
1447476_at,Abcc10
1447477_at,Ube2ql1
1447479_at,Gm32633
1447480_at,Fgf14
1447482_at,Lin52
1447485_at,Gpr150
1447487_at,Opalin
1447489_at,Tmem214
1447492_at,Gm2087
1447493_at,Pirt
1447494_at,D7Bwg0826e
1447495_at,Fank1
1447496_s_at,Fank1
1447498_at,Edar
1447499_s_at,Omt2b///Omt2a
1447500_at,Cux2
1447503_at,Nmrk1
1447505_at,1700020G03Rik
1447507_at,C80406
1447510_at,C530014P21Rik
1447513_at,Kcnd3
1447517_at,Skiv2l2
1447518_at,Tpx2
1447519_x_at,Tpx2
1447520_at,Lbp
1447521_x_at,Arhgap39
1447522_s_at,Tnks2
1447524_at,Ap3m2
1447526_at,D5Ertd255e
1447530_at,F8a
1447536_at,Lysmd2
1447537_at,1500032P08Rik///Cfp
1447540_at,Tigd3
1447541_s_at,Itgae
1447542_at,AY702102
1447543_at,Wdfy1
1447545_at,D7Ertd193e
1447547_at,Ltbp1
1447548_at,Abhd5
1447549_x_at,Ninj1
1447550_at,Gm8350
1447551_x_at,Adgrl3
1447553_x_at,Ric3
1447554_at,Sde2
1447556_x_at,1700094D03Rik
1447557_at,Rabif
1447559_at,Gpr25
1447562_at,Foxf2
1447563_at,Rps3
1447564_x_at,Piwil4
1447565_at,1700082C02Rik
1447566_at,Hdac4
1447569_at,Kansl1
1447570_s_at,A430106A12Rik
1447571_at,Elk4
1447572_at,1700052I22Rik
1447573_at,Slc32a1
1447574_s_at,Slc32a1
1447576_at,2010001K21Rik
1447577_x_at,Pcca
1447579_at,Rtn4ip1
1447583_x_at,Gper1
1447584_s_at,Myct1
1447585_s_at,Mrps6
1447586_at,Vcan
1447591_x_at,A830082N09Rik
1447592_at,Dbh
1447593_x_at,Gnaq
1447594_at,1810012K16Rik
1447595_x_at,1810012K16Rik
1447597_at,Polr1a
1447598_x_at,Polr1a
1447599_x_at,Epn2
1447601_x_at,Nat10
1447602_x_at,Sulf2
1447603_x_at,Dennd6b
1447604_at,BC053393
1447606_x_at,Aqp11
1447608_x_at,Nacc2
1447610_at,Tmem184c
1447611_at,1700073E17Rik
1447612_x_at,Kdm6b
1447613_at,Gdi1
1447614_at,Slfn1
1447617_at,Cdk2
1447618_at,B630019K06Rik
1447619_at,A830039H05Rik
1447620_at,Bloc1s4
1447621_s_at,Tmem173
1447622_at,Fcgr2b
1447623_s_at,Prkd1
1447624_s_at,Stox2
1447625_at,E2f5
1447626_x_at,Arid3b
1447627_at,Tmem132e
1447628_x_at,Mrps5
1447629_at,Cox16
1447630_x_at,Gnb5
1447631_at,Kat7
1447632_at,Fancc
1447634_x_at,Rcbtb2
1447635_at,Prkar1a
1447636_x_at,Tmco4
1447638_at,Afmid
1447640_s_at,Pbx3
1447641_at,Dmwd
1447642_x_at,Dmwd
1447643_x_at,Snai2
1447645_x_at,Kcnk13
1447646_at,Dnaaf5
1447647_at,Wnt7a
1447648_at,1700021N20Rik
1447649_x_at,Dnajc1
1447650_at,Nmd3
1447651_x_at,Gm6238///Mrpl30
1447652_at,Slc35a4
1447653_x_at,Gm9385///Rpl24
1447654_at,Nrg2
1447655_x_at,Sox6
1447656_at,Zdhhc17
1447657_s_at,Synpo2l
1447658_x_at,Synpo2l
1447659_x_at,Atp6v1h
1447660_at,Tbl3
1447662_x_at,Ldlrad4
1447664_x_at,AA986860
1447665_at,Lingo2
1447666_x_at,Anapc15
1447667_x_at,Map3k4
1447668_x_at,Efemp2
1447669_s_at,Gng4
1447670_at,Psmd9
1447671_x_at,Fbxo6
1447672_x_at,Pskh1
1447673_x_at,1700015C15Rik
1447675_x_at,Myod1
1447676_x_at,S100a16
1447677_x_at,Dtd1
1447678_at,Hsd17b14
1447679_s_at,Bms1
1447682_x_at,Traf5
1447683_x_at,Mettl1
1447684_at,Lzic
1447685_x_at,Ets2
1447688_at,Tbc1d20
1447689_at,Gprasp1
1447690_at,Lsr
1447692_x_at,Tab1
1447693_s_at,Neo1
1447694_x_at,Neo1
1447695_at,2610035D17Rik
1447696_x_at,Adcy5
1447698_x_at,Lsm12
1447699_at,Gm26744
1447700_x_at,Ss18l1
1447701_x_at,Idh3a
1447702_x_at,Igsf1
1447703_x_at,Zfp593
1447704_s_at,Utp23
1447705_at,Nsl1
1447707_s_at,Pde2a
1447708_x_at,Pde2a
1447709_at,2410021H03Rik
1447710_at,1700019P21Rik
1447712_x_at,Ep400
1447713_at,Tpm1
1447714_x_at,Atp5g2
1447715_x_at,Prdx6b
1447716_x_at,Tmem229b
1447717_x_at,Nrsn2
1447718_at,Pde4b
1447719_at,Apoh
1447720_x_at,Prkaca
1447721_at,Zbtb26
1447722_at,LOC102634590
1447723_at,Ntrk3
1447724_x_at,Opa3
1447725_at,C030034E14Rik
1447726_at,Ripply2
1447727_at,Aqp3
1447728_x_at,Hspa9
1447729_s_at,Prss44
1447731_at,Peg3
1447732_x_at,Peg3
1447733_x_at,Tatdn3
1447734_x_at,Aldoa
1447735_x_at,Rbfox1
1447736_at,Fkbp5
1447737_at,Prkra
1447738_s_at,Ankrd13d
1447739_x_at,Klhdc4
1447740_at,1700034J05Rik
1447741_x_at,Acad10
1447742_at,Laptm5
1447743_x_at,Ext2
1447744_s_at,1700110K17Rik
1447745_at,Aqp4
1447747_x_at,Adal
1447748_x_at,Slc29a2
1447749_at,Smyd5
1447750_x_at,Pih1d1
1447751_x_at,Dus2
1447752_x_at,Drg1
1447753_at,Cdc37l1
1447754_x_at,Thap4
1447756_x_at,Mcm6
1447757_x_at,Inpp5f
1447758_x_at,Kat6b
1447759_x_at,Ccdc22
1447760_x_at,Ehf
1447761_x_at,Sod1
1447762_x_at,Car12
1447763_at,Snap25
1447764_at,Kcnd2
1447765_at,Wdr48
1447766_x_at,Limd2
1447767_at,Cdkl4
1447768_at,Got2
1447769_x_at,Amigo2
1447770_at,Cib2
1447772_at,Plekha3
1447773_x_at,6330409D20Rik
1447774_x_at,Fam213a
1447775_x_at,Zfp622
1447776_x_at,Rab6a
1447778_x_at,Brcc3
1447779_x_at,Ddx39b
1447780_x_at,Tufm
1447781_s_at,Trmt10a
1447782_x_at,Tbl3
1447783_x_at,Slc25a39
1447784_x_at,Slc38a9
1447785_x_at,Fam104a
1447786_at,Gm38514///Cyth1
1447787_x_at,Gjc1
1447788_s_at,Tspyl3
1447789_x_at,Ddx6
1447790_at,Erdr1
1447791_s_at,Gna14
1447792_x_at,Gpr174
1447793_x_at,Gm9840///Rbx1
1447794_x_at,Plac8l1
1447795_at,Bspry
1447796_at,Pih1d1
1447797_x_at,Pih1d1
1447798_at,1700123O21Rik
1447799_x_at,1700001P01Rik
1447800_x_at,Tcn2
1447801_x_at,Map3k7
1447802_x_at,LOC102633666
1447803_x_at,Capg
1447804_x_at,Sde2
1447805_s_at,Slu7
1447806_s_at,Srpk3
1447807_s_at,Plekhh1
1447808_s_at,Slc15a2
1447809_x_at,Zfp420
1447810_x_at,Plekhb2
1447811_s_at,Amigo1
1447812_x_at,Flnc
1447813_x_at,Sla
1447814_x_at,Il16
1447815_x_at,Irf2bpl
1447816_x_at,Oxnad1
1447817_at,Hif1an
1447818_x_at,Rhebl1
1447820_x_at,Cpt2
1447821_at,Cux2
1447822_x_at,Ufsp1
1447823_x_at,Mapk12
1447824_x_at,Hspa5
1447825_x_at,Pcdh8
1447826_x_at,Iffo1
1447827_x_at,Spop
1447828_x_at,Eepd1
1447829_x_at,Taf9b
1447830_s_at,Rgs2
1447831_s_at,Mtmr7
1447832_x_at,Ankrd10
1447833_x_at,Mfap2
1447834_at,Copz1
1447836_x_at,4921525O09Rik
1447837_x_at,Polh
1447838_x_at,Eml4
1447839_x_at,Adm
1447840_x_at,E2f1
1447841_x_at,St3gal6
1447842_x_at,Tcn2
1447843_at,Psmd13
1447845_s_at,Vnn1
1447846_x_at,Mboat7
1447847_x_at,Stoml3
1447848_at,Eps15l1
1447849_s_at,LOC102641248///Maf
1447850_x_at,Zfand3
1447851_x_at,Atp10a
1447852_x_at,Rilpl1
1447853_x_at,Kif13a
1447854_s_at,Hist2h2be
1447855_x_at,Appbp2
1447856_x_at,Slc25a25
1447857_at,Enox1
1447858_x_at,Il4ra
1447859_at,Adck2
1447860_x_at,Cog8
1447861_x_at,Meis2
1447862_x_at,Thbs2
1447863_s_at,Nr4a2
1447864_s_at,Pogk
1447865_x_at,Pdzd11
1447866_x_at,2300009A05Rik
1447867_x_at,Pomk
1447868_x_at,Gm12669///Glrx3
1447869_x_at,Rhobtb3
1447870_x_at,LOC102634333///1110002E22Rik
1447873_x_at,Bid
1447874_x_at,Smpd1
1447875_x_at,Zfp800
1447876_x_at,Nr2c2ap
1447877_x_at,Dnmt1
1447878_s_at,Fgfrl1
1447879_x_at,Wdr6///Dalrd3
1447880_x_at,S1pr2
1447881_x_at,Usp15
1447882_x_at,Ddx54
1447883_x_at,Map1lc3a
1447884_x_at,Fam134c
1447885_x_at,Nedd9
1447886_at,Hoxb5os
1447887_x_at,Vcan
1447888_x_at,Msh2
1447889_x_at,Maneal
1447890_at,Rcn1
1447892_at,Gm7788
1447893_x_at,Slc39a6
1447894_x_at,Vps52
1447895_x_at,Pan3
1447896_s_at,Snora24///Snhg8
1447897_x_at,Anapc11
1447898_s_at,Srsf6
1447899_x_at,Epcam
1447900_x_at,Gm21685///Entpd4
1447901_x_at,LOC100861749///Sfi1
1447902_at,1810013A23Rik///Ppard
1447903_x_at,Ap1s2
1447904_s_at,Fnta
1447905_x_at,Nup62
1447907_x_at,Necab3
1447908_x_at,Ttc3
1447909_s_at,Selk
1447910_x_at,BC052688
1447912_x_at,Akap9
1447913_x_at,Akap9
1447914_x_at,Prr5l
1447915_x_at,Tmem204
1447917_x_at,Ntan1///Il2
1447918_x_at,Iglv1
1447919_x_at,Ndufab1-ps///Ndufab1
1447920_at,Atxn10
1447921_at,Zfp853
1447922_at,Stxbp5l
1447923_at,1810026B05Rik
1447924_at,Nucks1
1447925_at,D630033A02Rik
1447926_at,Arl5a
1447927_at,Gbp6
1447928_at,Car5b
1447929_at,Ssh3
1447930_at,Baz1a
1447931_at,Whsc1l1
1447932_at,Zfp830
1447933_at,Kif26a
1447934_at,Tigar
1447935_at,Fancm
1447936_at,2410006H16Rik
1447937_a_at,Gm17167///LOC101056144///Gm21158///Gm21093///Gm21075///Gm3893///LOC100041536///Gm2163///Gm7819///Gm10590///Gm5859///4933409K07Rik
1447938_at,LOC101056144///Gm21158///Gm10590
1447939_a_at,Gm17167///Gm21093///Gm21075///Gm3893///Gm10600///LOC100041536///Gm2163///Gm7819///Gm5859
1447940_a_at,Braf
1447941_x_at,Braf
1447942_x_at,Neu1
1447943_x_at,Yeats2
1447944_at,Zkscan1
1447945_at,Maf
1447946_at,Adam23
1447947_at,Zfyve16
1447948_at,Cped1
1447949_at,Zfp787
1447950_at,A730011C13Rik
1447951_at,Cdip1
1447952_at,Auh
1447953_at,Egfl8
1447954_at,Lrrc49
1447955_at,2310026L22Rik///Hp1bp3
1447956_at,C76614
1447957_at,D7Ertd128e
1447958_at,Gm11944
1447959_at,Zfp398
1447960_at,9630017O17
1447961_s_at,Mrpl38
1447964_at,Ttl
1447965_at,C80012
1447966_a_at,Tmem69
1447967_at,Tmem69
1447969_at,Mcm9
1447970_at,Rpp30
1447971_at,A230061C15Rik
1447972_at,Kcnk15
1447973_at,Trip11
1447974_s_at,Aqp6
1447975_a_at,Bvht
1447976_at,AI596198
1447977_x_at,Gm4724///Gm14308///0610010B08Rik///Gm14434///Gm14430
1447978_at,C80719
1447979_at,Sgsm1
1447980_s_at,Sgsm1
1447981_at,C78441
1447982_at,1110008P14Rik
1447984_at,D1Ertd75e
1447985_s_at,Ankib1
1447986_at,D17892
1447987_at,Letm2
1447990_at,C76332
1447991_at,Pcsk2
1447992_s_at,Pcsk2
1447993_a_at,Snhg10
1447994_at,Snhg10
1447995_x_at,Snhg10
1447996_at,Ptchd1
1447997_s_at,Timm8a2
1447998_at,Ighg3
1447999_x_at,Gapdh-ps15///Gapdh
1448000_at,Cdca3
1448001_x_at,Cdca3
1448002_x_at,2610001J05Rik
1448003_at,1810043H04Rik
1448005_at,Sash1
1448006_at,Zc3h7b
1448007_at,Baz2b
1448008_at,Ankhd1
1448009_at,Uggt1
1448010_at,Mir142///Mir142hg
1448011_at,Vps13c
1448012_at,C76336
1448013_at,Usp24
1448014_s_at,Usp24
1448015_at,Dzip3
1448016_at,Sass6
1448017_at,Ubap2l
1448019_at,Taok3
1448020_at,Rap1a
1448021_at,Fam46c
1448023_at,Kalrn
1448024_at,Npr3
1448025_at,LOC100038947///Sirpb1b///Sirpb1a
1448026_at,Chd7
1448027_at,Ncoa3
1448028_at,Tbc1d24
1448029_at,Tbx3
1448030_at,LOC102640359
1448031_at,Gnao1
1448032_at,Azi2
1448033_at,Tatdn1
1448034_at,Inca1
1448038_at,1810021B22Rik
1448039_at,E430024I08Rik
1448040_at,Tfpt
1448041_at,Gm36527///Rnf2
1448042_s_at,Rnf2
1448043_x_at,Gm36527///Rnf2
1448044_a_at,Gm10658
1448045_at,Gm10658
1448048_at,Nmrk1
1448049_at,Jmjd1c
1448050_s_at,Map4k4
1448051_at,Gm31556
1448052_at,Cgnl1
1448053_at,B4galt3
1448054_at,Ing4
1448055_at,Fndc7
1448056_at,Huwe1
1448058_s_at,Bub3
1448059_at,Mipol1
1448060_at,Sema6d
1448061_at,Msr1
1448062_at,Stk11
1448063_at,Iqsec2
1448065_at,Ppox
1448066_at,LOC552909
1448067_at,Slc25a48
1448068_at,Soat1
1448069_at,Tm4sf1
1448070_at,Xpo1
1448072_at,2010010I01Rik
1448073_at,Image:619641
1448074_at,Rln1
1448075_at,AA408251
1448076_at,Ctr9
1448078_at,C76533
1448079_at,Rnf166
1448080_at,Gm2788
1448081_at,Colq
1448083_at,Nalcn
1448085_at,D5Ertd102e
1448086_at,D1Ertd164e
1448088_at,C78228
1448089_at,D4Ertd58e
1448091_at,D15Ertd50e
1448092_x_at,Serpina4-ps1
1448093_s_at,C77405
1448094_at,LOC102636686///Gm5914
1448098_at,AA517545
1448099_at,Smim22
1448100_at,4833439L19Rik
1448101_s_at,Trim27
1448102_a_at,Wdr61
1448103_s_at,Nono
1448104_at,Aldh6a1
1448105_at,Prm2
1448106_at,Necap1
1448107_x_at,Klk1
1448108_at,Serinc1
1448109_a_at,Gm15772///Rpl26
1448110_at,Sema4a
1448111_at,Ctps2
1448112_at,Gm12338
1448113_at,Stmn1
1448114_a_at,Trmt2a
1448115_at,Trmt2a
1448116_at,Uba1
1448117_at,Kitl
1448118_a_at,Ctsd
1448119_at,Bpgm
1448120_at,Gdf9
1448121_at,Wbp2
1448122_at,Tcp1
1448123_s_at,Tgfbi
1448124_at,Gusb
1448125_at,Rit2
1448126_at,Fam60a
1448127_at,Rrm1
1448128_at,Ctsa
1448129_at,Arpc5
1448130_at,Fdft1
1448131_at,Mfn2
1448132_at,Slc19a1
1448133_at,Nmd3
1448134_at,Pald1
1448135_at,Atf4
1448136_at,Enpp2
1448137_at,Aldh7a1
1448138_at,Ptpa
1448139_at,Mlc1
1448140_at,Ciapin1
1448141_at,Rrp7a
1448142_x_at,LOC102642137///Gm15483///Rps13-ps4///Rps13
1448143_at,Aldh2
1448144_at,Hnrnpab
1448145_at,Wwp2
1448146_at,Wwp2
1448147_at,Tnfrsf19
1448148_at,Grn
1448149_at,Ctnna1
1448150_at,Nup62
1448151_at,Elavl1
1448152_at,Igf2
1448153_at,Cox5a
1448154_at,Ndrg2
1448155_at,Pdcd6ip
1448156_at,Tff1
1448157_s_at,Gm5621///Rpl10
1448158_at,Sdc1
1448159_at,Rab7
1448160_at,Lcp1
1448161_a_at,Clcn4
1448162_at,Vcam1
1448163_at,Gnpda1
1448164_at,Klhdc3
1448165_at,Casp2
1448166_a_at,Psmb1
1448167_at,Ifngr1
1448168_a_at,Mucl2
1448169_at,Krt18
1448170_at,Siah2
1448171_at,Siah2
1448172_at,Mdh1
1448173_a_at,Top3b
1448174_at,Cul1
1448175_at,Ehd1
1448176_a_at,Hnrnpk
1448177_at,Tap1
1448178_a_at,Cct3
1448179_at,Usmg5
1448180_a_at,Hn1
1448181_at,Klf15
1448182_a_at,Cd24a
1448183_a_at,Hif1a
1448184_at,Fkbp1a
1448185_at,Herpud1
1448186_at,Pnliprp2
1448187_at,Pold1
1448188_at,Ucp2
1448189_a_at,Flii
1448190_at,Mrpl33
1448191_at,Plk1
1448192_s_at,Prps1l3///Prps1
1448193_at,Cdip1
1448194_a_at,Mir675///H19
1448195_at,Taf5l
1448196_at,Mat2b
1448197_at,Ceacam11
1448198_a_at,Ndufb8
1448199_at,Ankrd10
1448200_at,Tcn2
1448201_at,Sfrp2
1448202_x_at,Prelid1
1448203_at,Atp5l
1448204_at,Sav1
1448205_at,Gm5593///Ccnb1
1448206_at,Psma2
1448207_at,Lasp1
1448208_at,Smad1
1448209_a_at,Slc22a17
1448210_at,Rab1a
1448211_at,Atp6v0e2
1448212_at,Psmg2
1448213_at,Anxa1
1448214_at,Pdhb
1448215_a_at,Dpp3
1448216_at,Syngr3
1448217_a_at,Rpl27
1448218_s_at,Ywhaz
1448219_a_at,Ywhaz
1448220_at,Ctrb1
1448221_at,Ddx39b
1448222_x_at,Cox8a
1448223_at,Fto
1448224_at,Tfam
1448225_at,Gpaa1
1448226_at,Rrm2
1448227_at,Grb7
1448228_at,Lox
1448229_s_at,Ccnd2
1448230_at,Usp10
1448231_at,Fkbp5
1448232_x_at,Gm6682///Tuba1c
1448233_at,Prnp
1448234_at,Dnajb6
1448235_s_at,Gm21596///Hmgb1-ps10///4932431P20Rik///Hmgb1
1448236_at,Rdx
1448237_x_at,Ldhb
1448238_at,2700060E02Rik
1448239_at,Hmox1
1448240_at,Mbtps1
1448241_at,Gm2a
1448242_at,Sec61a1
1448243_at,Napa
1448244_at,Lypla1
1448245_at,Rpsa
1448246_at,Hdac1
1448247_at,Bcl7b
1448248_at,Crk
1448249_at,Gpd1
1448250_at,Clmp
1448251_at,Clmp
1448252_a_at,Eef1b2
1448253_at,Glud1
1448254_at,Ptn
1448255_a_at,Surf4
1448256_at,Gosr1
1448257_at,Slc29a2
1448258_a_at,Spcs1
1448259_at,Fstl1
1448260_at,Uchl1
1448261_at,Cdh1
1448262_at,Psmb2
1448263_a_at,Cndp2
1448264_a_at,Eif3i
1448265_x_at,Mpzl2
1448266_at,Gm11964///Edf1
1448267_at,Stx5a
1448268_at,Tmed9
1448269_a_at,Klhl13
1448270_at,Ddx21
1448271_a_at,Ddx21
1448272_at,Btg2
1448273_at,Gss
1448274_at,C1qbp
1448275_at,Tmem19
1448276_at,Tspan4
1448277_at,Pold2
1448278_at,Xab2
1448279_at,Arpc3
1448280_at,Syp
1448281_a_at,Cela2a
1448282_at,Plrg1
1448283_a_at,Uba2
1448284_a_at,Ndufc1
1448285_at,Rgs4
1448286_at,Hsd17b10
1448287_at,Polr1d
1448288_at,Nfib
1448289_at,Crmp1
1448290_at,Reg3b
1448291_at,Mmp9
1448292_at,Uqcr11
1448293_at,Ebf1
1448294_at,Gm9861///Litaf
1448295_at,Med10
1448296_x_at,Tuba3b///Tuba3a
1448297_a_at,Tnk2
1448298_at,Tnk2
1448299_at,Slc1a1
1448300_at,Mgst3
1448301_s_at,Serpinb1a
1448302_at,Kctd20
1448303_at,Gpnmb
1448304_a_at,Rab6a
1448305_at,Rab6a
1448306_at,Nfkbia
1448307_at,Psmg1
1448308_at,Ap3m1
1448309_at,Ap3m1
1448310_at,Ick
1448311_at,Usp5
1448312_at,Pcsk2
1448313_at,Tpp1
1448314_at,Cdk1
1448315_a_at,Pycr2
1448316_at,Cmtm3
1448317_at,Tmem128
1448318_at,Plin2
1448319_at,Gm6644///Akr1b3
1448320_at,Stim1
1448321_at,Smoc1
1448322_a_at,Cox4i1
1448323_a_at,Bgn
1448324_at,Rnps1
1448325_at,Ppp1r15a
1448326_a_at,Crabp1
1448327_at,Actn2
1448328_at,Sh3bp2
1448329_at,Adam3
1448330_at,Gstm1
1448331_at,Ndufb7
1448332_at,Pex19
1448333_at,Adprh
1448334_a_at,Ccni
1448335_s_at,Ccni
1448336_at,Drg1
1448337_at,Uqcc1
1448338_at,Cpq
1448339_at,Tmem30a
1448340_at,Tmem30a
1448341_a_at,Stxbp2
1448342_at,Mapk10
1448343_a_at,Nbr1
1448344_at,Gm21571///Rps12-ps18///Rps12-ps24///Rps12-ps10///Rps12-ps14///Rps12-ps13///Rps12-ps15///Rps12-ps12///Rps12-ps16///Rps12-ps11///Rps12
1448345_at,Tomm34
1448346_at,Cfl1
1448347_a_at,Caprin1
1448348_at,Caprin1
1448349_at,Vapa
1448350_at,Asl
1448351_at,Coro1b
1448352_at,Luzp1
1448353_x_at,Rpn1
1448354_at,G6pdx
1448355_at,Prss16
1448356_at,Ube2d2a
1448357_at,Snrpg
1448358_s_at,Snrpg
1448359_a_at,Higd1a
1448360_s_at,Angel2
1448361_at,Ttc3
1448362_at,Dnajc7
1448363_at,Yap1
1448364_at,Ccng2
1448365_at,Exosc7
1448366_at,Stx1a
1448367_at,Sdf4
1448368_at,Dctn
